season,match_id,stage,match_date,result_available_date,source_kickoff_utc,home_team_id,home_team,away_team_id,away_team,home_goals,away_goals,completed,source_status,source_url,correction_source,correction_note,is_regular_season
2016,445467,regular,2016-04-16,2016-04-16,2016-04-17T00:30Z,17346,Houston Dash,15360,Chicago Red Stars,3,1,True,STATUS_FULL_TIME,https://www.espn.com/soccer/match/_/gameId/445467,,,True
2016,445468,regular,2016-04-16,2016-04-16,2016-04-17T00:30Z,15361,FC Kansas City,15366,Western New York Flash,0,1,True,STATUS_FULL_TIME,https://www.espn.com/soccer/match/_/gameId/445468,,,True
2016,445469,regular,2016-04-16,2016-04-16,2016-04-16T23:00Z,15365,Washington Spirit,15359,Boston Breakers,1,0,True,STATUS_FULL_TIME,https://www.espn.com/soccer/match/_/gameId/445469,,,True
2016,445465,regular,2016-04-17,2016-04-17,2016-04-18T02:00Z,15362,Portland Thorns FC,18206,Orlando Pride,2,1,True,STATUS_FULL_TIME,https://www.espn.com/soccer/match/_/gameId/445465,,,True
2016,445466,regular,2016-04-17,2016-04-17,2016-04-17T23:00Z,15363,Seattle Reign FC,15364,Sky Blue FC,1,2,True,STATUS_FULL_TIME,https://www.espn.com/soccer/match/_/gameId/445466,,,True
2016,445462,regular,2016-04-23,2016-04-23,2016-04-24T00:30Z,15361,FC Kansas City,15362,Portland Thorns FC,1,1,True,STATUS_FULL_TIME,https://www.espn.com/soccer/match/_/gameId/445462,,,True
2016,445463,regular,2016-04-23,2016-04-23,2016-04-23T23:30Z,18206,Orlando Pride,17346,Houston Dash,3,1,True,STATUS_FULL_TIME,https://www.espn.com/soccer/match/_/gameId/445463,,,True
2016,445464,regular,2016-04-23,2016-04-23,2016-04-23T23:00Z,15360,Chicago Red Stars,15366,Western New York Flash,1,0,True,STATUS_FULL_TIME,https://www.espn.com/soccer/match/_/gameId/445464,,,True
2016,445460,regular,2016-04-24,2016-04-24,2016-04-24T22:30Z,15359,Boston Breakers,15363,Seattle Reign FC,0,3,True,STATUS_FULL_TIME,https://www.espn.com/soccer/match/_/gameId/445460,,,True
2016,445461,regular,2016-04-24,2016-04-24,2016-04-24T22:00Z,15364,Sky Blue FC,15365,Washington Spirit,1,2,True,STATUS_FULL_TIME,https://www.espn.com/soccer/match/_/gameId/445461,,,True
2016,445458,regular,2016-04-29,2016-04-29,2016-04-30T00:30Z,17346,Houston Dash,15364,Sky Blue FC,0,0,True,STATUS_FULL_TIME,https://www.espn.com/soccer/match/_/gameId/445458,,,True
2016,445459,regular,2016-04-29,2016-04-29,2016-04-29T23:00Z,15366,Western New York Flash,15365,Washington Spirit,0,3,True,STATUS_FULL_TIME,https://www.espn.com/soccer/match/_/gameId/445459,,,True
2016,445455,regular,2016-05-01,2016-05-01,2016-05-01T23:00Z,15363,Seattle Reign FC,15361,FC Kansas City,1,0,True,STATUS_FULL_TIME,https://www.espn.com/soccer/match/_/gameId/445455,,,True
2016,445456,regular,2016-05-01,2016-05-01,2016-05-01T22:00Z,15360,Chicago Red Stars,18206,Orlando Pride,1,0,True,STATUS_FULL_TIME,https://www.espn.com/soccer/match/_/gameId/445456,,,True
2016,445457,regular,2016-05-01,2016-05-01,2016-05-01T21:00Z,15359,Boston Breakers,15362,Portland Thorns FC,0,1,True,STATUS_FULL_TIME,https://www.espn.com/soccer/match/_/gameId/445457,,,True
2016,445451,regular,2016-05-07,2016-05-07,2016-05-08T00:30Z,15361,FC Kansas City,17346,Houston Dash,1,2,True,STATUS_FULL_TIME,https://www.espn.com/soccer/match/_/gameId/445451,,,True
2016,445452,regular,2016-05-07,2016-05-07,2016-05-07T23:00Z,15359,Boston Breakers,15360,Chicago Red Stars,0,1,True,STATUS_FULL_TIME,https://www.espn.com/soccer/match/_/gameId/445452,,,True
2016,445453,regular,2016-05-07,2016-05-07,2016-05-07T23:00Z,15365,Washington Spirit,15362,Portland Thorns FC,0,0,True,STATUS_FULL_TIME,https://www.espn.com/soccer/match/_/gameId/445453,,,True
2016,445454,regular,2016-05-07,2016-05-07,2016-05-07T23:00Z,15364,Sky Blue FC,15366,Western New York Flash,1,2,True,STATUS_FULL_TIME,https://www.espn.com/soccer/match/_/gameId/445454,,,True
2016,445450,regular,2016-05-08,2016-05-08,2016-05-08T21:00Z,18206,Orlando Pride,15363,Seattle Reign FC,2,0,True,STATUS_FULL_TIME,https://www.espn.com/soccer/match/_/gameId/445450,,,True
2016,445448,regular,2016-05-13,2016-05-13,2016-05-14T00:30Z,15361,FC Kansas City,15360,Chicago Red Stars,0,0,True,STATUS_FULL_TIME,https://www.espn.com/soccer/match/_/gameId/445448,,,True
2016,445449,regular,2016-05-13,2016-05-13,2016-05-13T23:00Z,15364,Sky Blue FC,15359,Boston Breakers,1,0,True,STATUS_FULL_TIME,https://www.espn.com/soccer/match/_/gameId/445449,,,True
2016,445445,regular,2016-05-14,2016-05-14,2016-05-15T02:00Z,15363,Seattle Reign FC,15362,Portland Thorns FC,1,1,True,STATUS_FULL_TIME,https://www.espn.com/soccer/match/_/gameId/445445,,,True
2016,445446,regular,2016-05-14,2016-05-14,2016-05-14T23:30Z,18206,Orlando Pride,15366,Western New York Flash,1,0,True,STATUS_FULL_TIME,https://www.espn.com/soccer/match/_/gameId/445446,,,True
2016,445447,regular,2016-05-14,2016-05-14,2016-05-14T23:00Z,15365,Washington Spirit,17346,Houston Dash,1,0,True,STATUS_FULL_TIME,https://www.espn.com/soccer/match/_/gameId/445447,,,True
2016,445444,regular,2016-05-20,2016-05-20,2016-05-21T00:30Z,17346,Houston Dash,18206,Orlando Pride,0,1,True,STATUS_FULL_TIME,https://www.espn.com/soccer/match/_/gameId/445444,,,True
2016,445442,regular,2016-05-21,2016-05-21,2016-05-22T02:00Z,15362,Portland Thorns FC,15365,Washington Spirit,4,1,True,STATUS_FULL_TIME,https://www.espn.com/soccer/match/_/gameId/445442,,,True
2016,445443,regular,2016-05-21,2016-05-21,2016-05-21T23:00Z,15366,Western New York Flash,15364,Sky Blue FC,5,2,True,STATUS_FULL_TIME,https://www.espn.com/soccer/match/_/gameId/445443,,,True
2016,445440,regular,2016-05-22,2016-05-22,2016-05-22T23:00Z,15363,Seattle Reign FC,15360,Chicago Red Stars,1,2,True,STATUS_FULL_TIME,https://www.espn.com/soccer/match/_/gameId/445440,,,True
2016,445441,regular,2016-05-22,2016-05-22,2016-05-22T22:30Z,15359,Boston Breakers,15361,FC Kansas City,1,0,True,STATUS_FULL_TIME,https://www.espn.com/soccer/match/_/gameId/445441,,,True
2016,445439,regular,2016-05-27,2016-05-27,2016-05-27T23:00Z,15366,Western New York Flash,15359,Boston Breakers,4,0,True,STATUS_FULL_TIME,https://www.espn.com/soccer/match/_/gameId/445439,,,True
2016,445437,regular,2016-05-28,2016-05-28,2016-05-29T00:30Z,15361,FC Kansas City,18206,Orlando Pride,2,0,True,STATUS_FULL_TIME,https://www.espn.com/soccer/match/_/gameId/445437,,,True
2016,445435,regular,2016-05-29,2016-05-29,2016-05-29T23:00Z,15362,Portland Thorns FC,15363,Seattle Reign FC,0,0,True,STATUS_FULL_TIME,https://www.espn.com/soccer/match/_/gameId/445435,,,True
2016,445436,regular,2016-05-29,2016-05-29,2016-05-29T23:00Z,15360,Chicago Red Stars,15364,Sky Blue FC,1,1,True,STATUS_FULL_TIME,https://www.espn.com/soccer/match/_/gameId/445436,,,True
2016,445434,regular,2016-06-10,2016-06-10,2016-06-10T23:00Z,15359,Boston Breakers,15365,Washington Spirit,1,1,True,STATUS_FULL_TIME,https://www.espn.com/soccer/match/_/gameId/445434,,,True
2016,445432,regular,2016-06-11,2016-06-11,2016-06-11T23:00Z,15364,Sky Blue FC,15361,FC Kansas City,1,1,True,STATUS_FULL_TIME,https://www.espn.com/soccer/match/_/gameId/445432,,,True
2016,445433,regular,2016-06-11,2016-06-11,2016-06-11T23:00Z,15366,Western New York Flash,18206,Orlando Pride,1,0,True,STATUS_FULL_TIME,https://www.espn.com/soccer/match/_/gameId/445433,,,True
2016,445430,regular,2016-06-12,2016-06-12,2016-06-12T23:00Z,15363,Seattle Reign FC,17346,Houston Dash,1,0,True,STATUS_FULL_TIME,https://www.espn.com/soccer/match/_/gameId/445430,,,True
2016,445431,regular,2016-06-12,2016-06-12,2016-06-12T22:00Z,15360,Chicago Red Stars,15362,Portland Thorns FC,1,1,True,STATUS_FULL_TIME,https://www.espn.com/soccer/match/_/gameId/445431,,,True
2016,445429,regular,2016-06-17,2016-06-17,2016-06-17T23:00Z,15366,Western New York Flash,15362,Portland Thorns FC,0,2,True,STATUS_FULL_TIME,https://www.espn.com/soccer/match/_/gameId/445429,,,True
2016,445427,regular,2016-06-18,2016-06-18,2016-06-19T00:00Z,15360,Chicago Red Stars,15359,Boston Breakers,3,0,True,STATUS_FULL_TIME,https://www.espn.com/soccer/match/_/gameId/445427,,,True
2016,445428,regular,2016-06-18,2016-06-18,2016-06-18T23:00Z,15365,Washington Spirit,18206,Orlando Pride,2,0,True,STATUS_FULL_TIME,https://www.espn.com/soccer/match/_/gameId/445428,,,True
2016,445425,regular,2016-06-19,2016-06-19,2016-06-20T00:30Z,17346,Houston Dash,15361,FC Kansas City,0,1,True,STATUS_FULL_TIME,https://www.espn.com/soccer/match/_/gameId/445425,,,True
2016,445426,regular,2016-06-19,2016-06-19,2016-06-19T22:00Z,15364,Sky Blue FC,15363,Seattle Reign FC,0,0,True,STATUS_FULL_TIME,https://www.espn.com/soccer/match/_/gameId/445426,,,True
2016,445424,regular,2016-06-22,2016-06-22,2016-06-23T02:00Z,15362,Portland Thorns FC,15360,Chicago Red Stars,2,0,True,STATUS_FULL_TIME,https://www.espn.com/soccer/match/_/gameId/445424,,,True
2016,445423,regular,2016-06-23,2016-06-23,2016-06-23T23:30Z,18206,Orlando Pride,17346,Houston Dash,1,0,True,STATUS_FULL_TIME,https://www.espn.com/soccer/match/_/gameId/445423,,,True
2016,445422,regular,2016-06-24,2016-06-24,2016-06-24T23:00Z,15366,Western New York Flash,15359,Boston Breakers,7,1,True,STATUS_FULL_TIME,https://www.espn.com/soccer/match/_/gameId/445422,,,True
2016,445420,regular,2016-06-25,2016-06-25,2016-06-25T23:00Z,15361,FC Kansas City,15363,Seattle Reign FC,0,0,True,STATUS_FULL_TIME,https://www.espn.com/soccer/match/_/gameId/445420,,,True
2016,445421,regular,2016-06-25,2016-06-25,2016-06-25T23:00Z,15365,Washington Spirit,15364,Sky Blue FC,1,2,True,STATUS_FULL_TIME,https://www.espn.com/soccer/match/_/gameId/445421,,,True
2016,445419,regular,2016-06-26,2016-06-26,2016-06-26T21:00Z,18206,Orlando Pride,15362,Portland Thorns FC,1,2,True,STATUS_FULL_TIME,https://www.espn.com/soccer/match/_/gameId/445419,,,True
2016,445418,regular,2016-07-01,2016-07-01,2016-07-01T23:00Z,15366,Western New York Flash,15360,Chicago Red Stars,2,0,True,STATUS_FULL_TIME,https://www.espn.com/soccer/match/_/gameId/445418,,,True
2016,445415,regular,2016-07-02,2016-07-02,2016-07-03T02:30Z,15362,Portland Thorns FC,15364,Sky Blue FC,2,1,True,STATUS_FULL_TIME,https://www.espn.com/soccer/match/_/gameId/445415,,,True
2016,445416,regular,2016-07-02,2016-07-02,2016-07-03T02:00Z,15363,Seattle Reign FC,15359,Boston Breakers,2,0,True,STATUS_FULL_TIME,https://www.espn.com/soccer/match/_/gameId/445416,,,True
2016,445417,regular,2016-07-02,2016-07-02,2016-07-02T23:00Z,15365,Washington Spirit,15361,FC Kansas City,2,0,True,STATUS_FULL_TIME,https://www.espn.com/soccer/match/_/gameId/445417,,,True
2016,445411,regular,2016-07-09,2016-07-09,2016-07-10T02:30Z,15362,Portland Thorns FC,15361,FC Kansas City,1,2,True,STATUS_FULL_TIME,https://www.espn.com/soccer/match/_/gameId/445411,,,True
2016,445412,regular,2016-07-09,2016-07-09,2016-07-09T23:00Z,15365,Washington Spirit,15360,Chicago Red Stars,2,0,True,STATUS_FULL_TIME,https://www.espn.com/soccer/match/_/gameId/445412,,,True
2016,445413,regular,2016-07-09,2016-07-09,2016-07-09T23:00Z,15364,Sky Blue FC,17346,Houston Dash,1,0,True,STATUS_FULL_TIME,https://www.espn.com/soccer/match/_/gameId/445413,,,True
2016,445414,regular,2016-07-09,2016-07-09,2016-07-09T23:00Z,15366,Western New York Flash,15363,Seattle Reign FC,3,2,True,STATUS_FULL_TIME,https://www.espn.com/soccer/match/_/gameId/445414,,,True
2016,445410,regular,2016-07-10,2016-07-10,2016-07-10T21:00Z,18206,Orlando Pride,15359,Boston Breakers,2,1,True,STATUS_FULL_TIME,https://www.espn.com/soccer/match/_/gameId/445410,,,True
2016,445406,regular,2016-07-16,2016-07-16,2016-07-17T02:00Z,15363,Seattle Reign FC,15366,Western New York Flash,1,1,True,STATUS_FULL_TIME,https://www.espn.com/soccer/match/_/gameId/445406,,,True
2016,445407,regular,2016-07-16,2016-07-16,2016-07-17T00:30Z,17346,Houston Dash,15362,Portland Thorns FC,3,0,True,STATUS_FULL_TIME,https://www.espn.com/soccer/match/_/gameId/445407,,,True
2016,445408,regular,2016-07-16,2016-07-16,2016-07-16T23:30Z,18206,Orlando Pride,15360,Chicago Red Stars,0,1,True,STATUS_FULL_TIME,https://www.espn.com/soccer/match/_/gameId/445408,,,True
2016,445409,regular,2016-07-16,2016-07-16,2016-07-16T23:00Z,15361,FC Kansas City,15365,Washington Spirit,2,3,True,STATUS_FULL_TIME,https://www.espn.com/soccer/match/_/gameId/445409,,,True
2016,445405,regular,2016-07-17,2016-07-17,2016-07-17T21:00Z,15359,Boston Breakers,15364,Sky Blue FC,2,3,True,STATUS_FULL_TIME,https://www.espn.com/soccer/match/_/gameId/445405,,,True
2016,445401,regular,2016-07-23,2016-07-23,2016-07-24T02:00Z,15363,Seattle Reign FC,18206,Orlando Pride,5,2,True,STATUS_FULL_TIME,https://www.espn.com/soccer/match/_/gameId/445401,,,True
2016,445402,regular,2016-07-23,2016-07-23,2016-07-24T00:00Z,15360,Chicago Red Stars,17346,Houston Dash,1,1,True,STATUS_FULL_TIME,https://www.espn.com/soccer/match/_/gameId/445402,,,True
2016,445403,regular,2016-07-23,2016-07-23,2016-07-23T23:00Z,15366,Western New York Flash,15361,FC Kansas City,0,1,True,STATUS_FULL_TIME,https://www.espn.com/soccer/match/_/gameId/445403,,,True
2016,445404,regular,2016-07-23,2016-07-23,2016-07-23T23:00Z,15364,Sky Blue FC,15365,Washington Spirit,1,0,True,STATUS_FULL_TIME,https://www.espn.com/soccer/match/_/gameId/445404,,,True
2016,445397,regular,2016-07-30,2016-07-30,2016-07-31T02:30Z,15362,Portland Thorns FC,15363,Seattle Reign FC,1,0,True,STATUS_FULL_TIME,https://www.espn.com/soccer/match/_/gameId/445397,,,True
2016,445398,regular,2016-07-30,2016-07-30,2016-07-31T00:30Z,17346,Houston Dash,15366,Western New York Flash,3,3,True,STATUS_FULL_TIME,https://www.espn.com/soccer/match/_/gameId/445398,,,True
2016,445399,regular,2016-07-30,2016-07-30,2016-07-31T00:00Z,15360,Chicago Red Stars,15361,FC Kansas City,1,0,True,STATUS_FULL_TIME,https://www.espn.com/soccer/match/_/gameId/445399,,,True
2016,445396,regular,2016-07-31,2016-07-31,2016-07-31T22:00Z,15359,Boston Breakers,18206,Orlando Pride,1,0,True,STATUS_FULL_TIME,https://www.espn.com/soccer/match/_/gameId/445396,,,True
2016,445400,regular,2016-07-31,2016-07-31,2016-07-31T15:00Z,15365,Washington Spirit,15364,Sky Blue FC,3,1,True,STATUS_FULL_TIME,https://www.espn.com/soccer/match/_/gameId/445400,,,True
2016,445438,regular,2016-08-18,2016-08-18,2016-05-28T00:30Z,17346,Houston Dash,15365,Washington Spirit,1,2,True,STATUS_POSTPONED,https://www.espn.com/soccer/match/_/gameId/445438,https://washingtonspirit.com/blog/2016/08/18/washington-spirit-claims-sole-possession-of-top-of-nwsl-table-with-2-1-win-over-houston-dash/,ESPN retains the original May postponed fixture. Replace date and score with the completed August makeup match; original kickoff remains in source_kickoff_utc for audit only.,True
2016,445395,regular,2016-08-26,2016-08-26,2016-08-26T23:30Z,18206,Orlando Pride,15365,Washington Spirit,1,2,True,STATUS_FULL_TIME,https://www.espn.com/soccer/match/_/gameId/445395,,,True
2016,445392,regular,2016-08-27,2016-08-27,2016-08-27T23:00Z,15364,Sky Blue FC,15360,Chicago Red Stars,1,3,True,STATUS_FULL_TIME,https://www.espn.com/soccer/match/_/gameId/445392,,,True
2016,445393,regular,2016-08-27,2016-08-27,2016-08-27T23:00Z,15366,Western New York Flash,17346,Houston Dash,2,2,True,STATUS_FULL_TIME,https://www.espn.com/soccer/match/_/gameId/445393,,,True
2016,445394,regular,2016-08-27,2016-08-27,2016-08-27T21:00Z,15363,Seattle Reign FC,15362,Portland Thorns FC,3,1,True,STATUS_FULL_TIME,https://www.espn.com/soccer/match/_/gameId/445394,,,True
2016,445391,regular,2016-08-28,2016-08-28,2016-08-28T22:00Z,15361,FC Kansas City,15359,Boston Breakers,0,2,True,STATUS_FULL_TIME,https://www.espn.com/soccer/match/_/gameId/445391,,,True
2016,445390,regular,2016-08-31,2016-08-31,2016-09-01T00:00Z,15359,Boston Breakers,17346,Houston Dash,1,3,True,STATUS_FULL_TIME,https://www.espn.com/soccer/match/_/gameId/445390,,,True
2016,445388,regular,2016-09-03,2016-09-03,2016-09-04T00:30Z,17346,Houston Dash,18206,Orlando Pride,4,2,True,STATUS_FULL_TIME,https://www.espn.com/soccer/match/_/gameId/445388,,,True
2016,445389,regular,2016-09-03,2016-09-03,2016-09-03T23:00Z,15365,Washington Spirit,15366,Western New York Flash,1,1,True,STATUS_FULL_TIME,https://www.espn.com/soccer/match/_/gameId/445389,,,True
2016,445385,regular,2016-09-04,2016-09-04,2016-09-04T23:00Z,15362,Portland Thorns FC,15359,Boston Breakers,5,1,True,STATUS_FULL_TIME,https://www.espn.com/soccer/match/_/gameId/445385,,,True
2016,445386,regular,2016-09-04,2016-09-04,2016-09-04T23:00Z,15360,Chicago Red Stars,15363,Seattle Reign FC,2,2,True,STATUS_FULL_TIME,https://www.espn.com/soccer/match/_/gameId/445386,,,True
2016,445387,regular,2016-09-04,2016-09-04,2016-09-04T22:00Z,15361,FC Kansas City,15364,Sky Blue FC,2,1,True,STATUS_FULL_TIME,https://www.espn.com/soccer/match/_/gameId/445387,,,True
2016,445380,regular,2016-09-07,2016-09-07,2016-09-07T23:00Z,15359,Boston Breakers,15366,Western New York Flash,2,2,True,STATUS_FULL_TIME,https://www.espn.com/soccer/match/_/gameId/445380,,,True
2016,445381,regular,2016-09-07,2016-09-07,2016-09-08T02:00Z,15362,Portland Thorns FC,17346,Houston Dash,3,0,True,STATUS_FULL_TIME,https://www.espn.com/soccer/match/_/gameId/445381,,,True
2016,445382,regular,2016-09-07,2016-09-07,2016-09-07T23:00Z,15360,Chicago Red Stars,15361,FC Kansas City,2,3,True,STATUS_FULL_TIME,https://www.espn.com/soccer/match/_/gameId/445382,,,True
2016,445383,regular,2016-09-07,2016-09-07,2016-09-07T23:00Z,15364,Sky Blue FC,18206,Orlando Pride,1,1,True,STATUS_FULL_TIME,https://www.espn.com/soccer/match/_/gameId/445383,,,True
2016,445384,regular,2016-09-07,2016-09-07,2016-09-07T23:00Z,15365,Washington Spirit,15363,Seattle Reign FC,2,1,True,STATUS_FULL_TIME,https://www.espn.com/soccer/match/_/gameId/445384,,,True
2016,445379,regular,2016-09-10,2016-09-10,2016-09-10T23:30Z,18206,Orlando Pride,15364,Sky Blue FC,1,2,True,STATUS_FULL_TIME,https://www.espn.com/soccer/match/_/gameId/445379,,,True
2016,445375,regular,2016-09-11,2016-09-11,2016-09-12T01:30Z,15362,Portland Thorns FC,15366,Western New York Flash,3,2,True,STATUS_FULL_TIME,https://www.espn.com/soccer/match/_/gameId/445375,,,True
2016,445376,regular,2016-09-11,2016-09-11,2016-09-12T01:00Z,15363,Seattle Reign FC,15365,Washington Spirit,2,0,True,STATUS_FULL_TIME,https://www.espn.com/soccer/match/_/gameId/445376,,,True
2016,445377,regular,2016-09-11,2016-09-11,2016-09-12T00:30Z,17346,Houston Dash,15359,Boston Breakers,4,1,True,STATUS_FULL_TIME,https://www.espn.com/soccer/match/_/gameId/445377,,,True
2016,445378,regular,2016-09-11,2016-09-11,2016-09-11T22:00Z,15361,FC Kansas City,15360,Chicago Red Stars,0,0,True,STATUS_FULL_TIME,https://www.espn.com/soccer/match/_/gameId/445378,,,True
2016,445372,regular,2016-09-24,2016-09-24,2016-09-25T00:00Z,15360,Chicago Red Stars,15365,Washington Spirit,3,1,True,STATUS_FULL_TIME,https://www.espn.com/soccer/match/_/gameId/445372,,,True
2016,445373,regular,2016-09-24,2016-09-24,2016-09-24T23:00Z,15359,Boston Breakers,15366,Western New York Flash,0,4,True,STATUS_FULL_TIME,https://www.espn.com/soccer/match/_/gameId/445373,,,True
2016,445374,regular,2016-09-24,2016-09-24,2016-09-24T21:00Z,18206,Orlando Pride,15361,FC Kansas City,1,2,True,STATUS_FULL_TIME,https://www.espn.com/soccer/match/_/gameId/445374,,,True
2016,445370,regular,2016-09-25,2016-09-25,2016-09-25T23:00Z,15364,Sky Blue FC,15362,Portland Thorns FC,1,3,True,STATUS_FULL_TIME,https://www.espn.com/soccer/match/_/gameId/445370,,,True
2016,445371,regular,2016-09-25,2016-09-25,2016-09-26T01:30Z,17346,Houston Dash,15363,Seattle Reign FC,2,3,True,STATUS_FULL_TIME,https://www.espn.com/soccer/match/_/gameId/445371,,,True
2016,467304,semifinals,2016-09-30,2016-09-30,2016-10-01T00:00Z,15365,Washington Spirit,15360,Chicago Red Stars,2,1,True,STATUS_FINAL_AET,https://www.espn.com/soccer/match/_/gameId/467304,,,False
2016,467303,semifinals,2016-10-02,2016-10-02,2016-10-02T21:00Z,15362,Portland Thorns FC,15366,Western New York Flash,3,4,True,STATUS_FINAL_AET,https://www.espn.com/soccer/match/_/gameId/467303,,,False
2016,467435,finals,2016-10-09,2016-10-09,2016-10-09T21:00Z,15365,Washington Spirit,15366,Western New York Flash,2,2,True,STATUS_FINAL_PEN,https://www.espn.com/soccer/match/_/gameId/467435,,,False
2017,475629,regular,2017-04-15,2017-04-15,2017-04-16T02:00Z,15363,Seattle Reign FC,15364,Sky Blue FC,1,1,True,STATUS_FULL_TIME,https://www.espn.com/soccer/match/_/gameId/475629,,,True
2017,475630,regular,2017-04-15,2017-04-15,2017-04-15T19:00Z,15365,Washington Spirit,15366,North Carolina Courage,0,1,True,STATUS_FULL_TIME,https://www.espn.com/soccer/match/_/gameId/475630,,,True
2017,475631,regular,2017-04-15,2017-04-15,2017-04-15T19:00Z,15362,Portland Thorns FC,18206,Orlando Pride,2,0,True,STATUS_FULL_TIME,https://www.espn.com/soccer/match/_/gameId/475631,,,True
2017,475632,regular,2017-04-15,2017-04-15,2017-04-15T18:00Z,17346,Houston Dash,15360,Chicago Red Stars,2,0,True,STATUS_FULL_TIME,https://www.espn.com/soccer/match/_/gameId/475632,,,True
2017,475628,regular,2017-04-16,2017-04-16,2017-04-16T22:00Z,15361,FC Kansas City,15359,Boston Breakers,2,0,True,STATUS_FULL_TIME,https://www.espn.com/soccer/match/_/gameId/475628,,,True
2017,475624,regular,2017-04-22,2017-04-22,2017-04-23T02:00Z,15363,Seattle Reign FC,17346,Houston Dash,5,1,True,STATUS_FULL_TIME,https://www.espn.com/soccer/match/_/gameId/475624,,,True
2017,475625,regular,2017-04-22,2017-04-22,2017-04-22T23:30Z,15366,North Carolina Courage,15362,Portland Thorns FC,1,0,True,STATUS_FULL_TIME,https://www.espn.com/soccer/match/_/gameId/475625,,,True
2017,475626,regular,2017-04-22,2017-04-22,2017-04-22T20:00Z,15360,Chicago Red Stars,15361,FC Kansas City,1,0,True,STATUS_FULL_TIME,https://www.espn.com/soccer/match/_/gameId/475626,,,True
2017,475627,regular,2017-04-22,2017-04-22,2017-04-22T20:00Z,18206,Orlando Pride,15365,Washington Spirit,1,1,True,STATUS_FULL_TIME,https://www.espn.com/soccer/match/_/gameId/475627,,,True
2017,475623,regular,2017-04-23,2017-04-23,2017-04-23T20:00Z,15359,Boston Breakers,15364,Sky Blue FC,1,0,True,STATUS_FULL_TIME,https://www.espn.com/soccer/match/_/gameId/475623,,,True
2017,475619,regular,2017-04-29,2017-04-29,2017-04-29T23:00Z,15365,Washington Spirit,17346,Houston Dash,0,1,True,STATUS_FULL_TIME,https://www.espn.com/soccer/match/_/gameId/475619,,,True
2017,475620,regular,2017-04-29,2017-04-29,2017-04-29T23:00Z,15359,Boston Breakers,15363,Seattle Reign FC,3,0,True,STATUS_FULL_TIME,https://www.espn.com/soccer/match/_/gameId/475620,,,True
2017,475621,regular,2017-04-29,2017-04-29,2017-04-29T20:00Z,15362,Portland Thorns FC,15360,Chicago Red Stars,1,0,True,STATUS_FULL_TIME,https://www.espn.com/soccer/match/_/gameId/475621,,,True
2017,475622,regular,2017-04-29,2017-04-29,2017-04-29T20:00Z,15366,North Carolina Courage,18206,Orlando Pride,3,1,True,STATUS_FULL_TIME,https://www.espn.com/soccer/match/_/gameId/475622,,,True
2017,475618,regular,2017-04-30,2017-04-30,2017-04-30T22:00Z,15364,Sky Blue FC,15361,FC Kansas City,1,0,True,STATUS_FULL_TIME,https://www.espn.com/soccer/match/_/gameId/475618,,,True
2017,475615,regular,2017-05-06,2017-05-06,2017-05-07T02:00Z,15362,Portland Thorns FC,15363,Seattle Reign FC,2,2,True,STATUS_FULL_TIME,https://www.espn.com/soccer/match/_/gameId/475615,,,True
2017,475616,regular,2017-05-06,2017-05-06,2017-05-06T20:00Z,15360,Chicago Red Stars,17346,Houston Dash,2,0,True,STATUS_FULL_TIME,https://www.espn.com/soccer/match/_/gameId/475616,,,True
2017,475617,regular,2017-05-06,2017-05-06,2017-05-06T23:00Z,15365,Washington Spirit,15364,Sky Blue FC,4,3,True,STATUS_FULL_TIME,https://www.espn.com/soccer/match/_/gameId/475617,,,True
2017,475613,regular,2017-05-07,2017-05-07,2017-05-07T22:00Z,15359,Boston Breakers,15366,North Carolina Courage,0,1,True,STATUS_FULL_TIME,https://www.espn.com/soccer/match/_/gameId/475613,,,True
2017,475614,regular,2017-05-07,2017-05-07,2017-05-07T22:00Z,15361,FC Kansas City,18206,Orlando Pride,1,1,True,STATUS_FULL_TIME,https://www.espn.com/soccer/match/_/gameId/475614,,,True
2017,475610,regular,2017-05-13,2017-05-13,2017-05-13T20:00Z,15361,FC Kansas City,15362,Portland Thorns FC,0,0,True,STATUS_FULL_TIME,https://www.espn.com/soccer/match/_/gameId/475610,,,True
2017,475611,regular,2017-05-13,2017-05-13,2017-05-13T20:00Z,15363,Seattle Reign FC,15365,Washington Spirit,6,2,True,STATUS_FULL_TIME,https://www.espn.com/soccer/match/_/gameId/475611,,,True
2017,475612,regular,2017-05-13,2017-05-13,2017-05-13T20:00Z,17346,Houston Dash,15364,Sky Blue FC,1,3,True,STATUS_FULL_TIME,https://www.espn.com/soccer/match/_/gameId/475612,,,True
2017,475608,regular,2017-05-14,2017-05-14,2017-05-14T22:00Z,15360,Chicago Red Stars,15359,Boston Breakers,1,1,True,STATUS_FULL_TIME,https://www.espn.com/soccer/match/_/gameId/475608,,,True
2017,475609,regular,2017-05-14,2017-05-14,2017-05-14T21:00Z,18206,Orlando Pride,15366,North Carolina Courage,3,1,True,STATUS_FULL_TIME,https://www.espn.com/soccer/match/_/gameId/475609,,,True
2017,475607,regular,2017-05-19,2017-05-19,2017-05-19T23:00Z,15359,Boston Breakers,15362,Portland Thorns FC,2,2,True,STATUS_FULL_TIME,https://www.espn.com/soccer/match/_/gameId/475607,,,True
2017,475605,regular,2017-05-20,2017-05-20,2017-05-20T23:00Z,15365,Washington Spirit,15361,FC Kansas City,0,1,True,STATUS_FULL_TIME,https://www.espn.com/soccer/match/_/gameId/475605,,,True
2017,475606,regular,2017-05-20,2017-05-20,2017-05-20T20:00Z,15364,Sky Blue FC,17346,Houston Dash,2,1,True,STATUS_FULL_TIME,https://www.espn.com/soccer/match/_/gameId/475606,,,True
2017,475603,regular,2017-05-21,2017-05-21,2017-05-22T01:30Z,15363,Seattle Reign FC,18206,Orlando Pride,1,1,True,STATUS_FULL_TIME,https://www.espn.com/soccer/match/_/gameId/475603,,,True
2017,475604,regular,2017-05-21,2017-05-21,2017-05-21T20:00Z,15366,North Carolina Courage,15360,Chicago Red Stars,1,3,True,STATUS_FULL_TIME,https://www.espn.com/soccer/match/_/gameId/475604,,,True
2017,475602,regular,2017-05-24,2017-05-24,2017-05-24T23:30Z,15366,North Carolina Courage,15364,Sky Blue FC,2,0,True,STATUS_FULL_TIME,https://www.espn.com/soccer/match/_/gameId/475602,,,True
2017,475597,regular,2017-05-27,2017-05-27,2017-05-28T02:00Z,15362,Portland Thorns FC,15359,Boston Breakers,2,0,True,STATUS_FULL_TIME,https://www.espn.com/soccer/match/_/gameId/475597,,,True
2017,475598,regular,2017-05-27,2017-05-27,2017-05-28T00:00Z,15361,FC Kansas City,15365,Washington Spirit,3,2,True,STATUS_FULL_TIME,https://www.espn.com/soccer/match/_/gameId/475598,,,True
2017,475599,regular,2017-05-27,2017-05-27,2017-05-27T23:00Z,15364,Sky Blue FC,18206,Orlando Pride,2,1,True,STATUS_FULL_TIME,https://www.espn.com/soccer/match/_/gameId/475599,,,True
2017,475600,regular,2017-05-27,2017-05-27,2017-05-27T20:00Z,15360,Chicago Red Stars,15366,North Carolina Courage,3,2,True,STATUS_FULL_TIME,https://www.espn.com/soccer/match/_/gameId/475600,,,True
2017,475601,regular,2017-05-27,2017-05-27,2017-05-27T20:00Z,17346,Houston Dash,15363,Seattle Reign FC,0,2,True,STATUS_FULL_TIME,https://www.espn.com/soccer/match/_/gameId/475601,,,True
2017,475593,regular,2017-06-03,2017-06-03,2017-06-03T23:30Z,18206,Orlando Pride,15359,Boston Breakers,2,0,True,STATUS_FULL_TIME,https://www.espn.com/soccer/match/_/gameId/475593,,,True
2017,475594,regular,2017-06-03,2017-06-03,2017-06-03T23:00Z,15365,Washington Spirit,17346,Houston Dash,2,0,True,STATUS_FULL_TIME,https://www.espn.com/soccer/match/_/gameId/475594,,,True
2017,475595,regular,2017-06-03,2017-06-03,2017-06-03T23:00Z,15364,Sky Blue FC,15362,Portland Thorns FC,0,2,True,STATUS_FULL_TIME,https://www.espn.com/soccer/match/_/gameId/475595,,,True
2017,475596,regular,2017-06-03,2017-06-03,2017-06-03T20:00Z,15366,North Carolina Courage,15361,FC Kansas City,2,0,True,STATUS_FULL_TIME,https://www.espn.com/soccer/match/_/gameId/475596,,,True
2017,475592,regular,2017-06-04,2017-06-04,2017-06-04T19:00Z,15360,Chicago Red Stars,15363,Seattle Reign FC,1,0,True,STATUS_FULL_TIME,https://www.espn.com/soccer/match/_/gameId/475592,,,True
2017,475587,regular,2017-06-17,2017-06-17,2017-06-18T02:00Z,15362,Portland Thorns FC,15364,Sky Blue FC,1,3,True,STATUS_FULL_TIME,https://www.espn.com/soccer/match/_/gameId/475587,,,True
2017,475588,regular,2017-06-17,2017-06-17,2017-06-18T00:30Z,17346,Houston Dash,18206,Orlando Pride,2,4,True,STATUS_FULL_TIME,https://www.espn.com/soccer/match/_/gameId/475588,,,True
2017,475589,regular,2017-06-17,2017-06-17,2017-06-17T23:30Z,15366,North Carolina Courage,15359,Boston Breakers,3,1,True,STATUS_FULL_TIME,https://www.espn.com/soccer/match/_/gameId/475589,,,True
2017,475590,regular,2017-06-17,2017-06-17,2017-06-18T00:00Z,15361,FC Kansas City,15363,Seattle Reign FC,2,2,True,STATUS_FULL_TIME,https://www.espn.com/soccer/match/_/gameId/475590,https://equalizersoccer.com/2017/06/17/kansas-city-seattle-draw-2-2-after-late-drama/,Feed reports 1-1; contemporary match report records 2-2. Correction also reconciles both teams' final goals for/against.,True
2017,475591,regular,2017-06-17,2017-06-17,2017-06-17T19:30Z,15360,Chicago Red Stars,15365,Washington Spirit,1,1,True,STATUS_FULL_TIME,https://www.espn.com/soccer/match/_/gameId/475591,,,True
2017,475583,regular,2017-06-24,2017-06-24,2017-06-25T02:00Z,15363,Seattle Reign FC,15361,FC Kansas City,1,1,True,STATUS_FULL_TIME,https://www.espn.com/soccer/match/_/gameId/475583,,,True
2017,475584,regular,2017-06-24,2017-06-24,2017-06-24T23:00Z,15365,Washington Spirit,15362,Portland Thorns FC,1,0,True,STATUS_FULL_TIME,https://www.espn.com/soccer/match/_/gameId/475584,,,True
2017,475585,regular,2017-06-24,2017-06-24,2017-06-24T19:30Z,18206,Orlando Pride,17346,Houston Dash,0,2,True,STATUS_FULL_TIME,https://www.espn.com/soccer/match/_/gameId/475585,,,True
2017,475586,regular,2017-06-24,2017-06-24,2017-06-24T20:00Z,15359,Boston Breakers,15366,North Carolina Courage,0,1,True,STATUS_FULL_TIME,https://www.espn.com/soccer/match/_/gameId/475586,,,True
2017,475582,regular,2017-06-25,2017-06-25,2017-06-25T22:00Z,15360,Chicago Red Stars,15364,Sky Blue FC,2,1,True,STATUS_FULL_TIME,https://www.espn.com/soccer/match/_/gameId/475582,,,True
2017,475578,regular,2017-06-28,2017-06-28,2017-06-29T02:30Z,15363,Seattle Reign FC,15360,Chicago Red Stars,2,1,True,STATUS_FULL_TIME,https://www.espn.com/soccer/match/_/gameId/475578,,,True
2017,475579,regular,2017-06-28,2017-06-28,2017-06-29T02:00Z,15362,Portland Thorns FC,15361,FC Kansas City,3,0,True,STATUS_FULL_TIME,https://www.espn.com/soccer/match/_/gameId/475579,,,True
2017,475580,regular,2017-06-28,2017-06-28,2017-06-29T00:30Z,17346,Houston Dash,15359,Boston Breakers,0,0,True,STATUS_FULL_TIME,https://www.espn.com/soccer/match/_/gameId/475580,,,True
2017,475581,regular,2017-06-28,2017-06-28,2017-06-28T23:00Z,15364,Sky Blue FC,18206,Orlando Pride,2,3,True,STATUS_FULL_TIME,https://www.espn.com/soccer/match/_/gameId/475581,,,True
2017,475574,regular,2017-07-01,2017-07-01,2017-07-02T02:00Z,15363,Seattle Reign FC,15362,Portland Thorns FC,2,0,True,STATUS_FULL_TIME,https://www.espn.com/soccer/match/_/gameId/475574,,,True
2017,475575,regular,2017-07-01,2017-07-01,2017-07-01T21:00Z,18206,Orlando Pride,15360,Chicago Red Stars,0,1,True,STATUS_FULL_TIME,https://www.espn.com/soccer/match/_/gameId/475575,,,True
2017,475576,regular,2017-07-01,2017-07-01,2017-07-01T19:30Z,15366,North Carolina Courage,15364,Sky Blue FC,0,1,True,STATUS_FULL_TIME,https://www.espn.com/soccer/match/_/gameId/475576,,,True
2017,475577,regular,2017-07-01,2017-07-01,2017-07-01T20:00Z,15359,Boston Breakers,15365,Washington Spirit,1,0,True,STATUS_FULL_TIME,https://www.espn.com/soccer/match/_/gameId/475577,,,True
2017,475573,regular,2017-07-02,2017-07-02,2017-07-03T00:00Z,15361,FC Kansas City,17346,Houston Dash,1,2,True,STATUS_FULL_TIME,https://www.espn.com/soccer/match/_/gameId/475573,,,True
2017,475572,regular,2017-07-07,2017-07-07,2017-07-07T23:00Z,15359,Boston Breakers,15360,Chicago Red Stars,0,0,True,STATUS_FULL_TIME,https://www.espn.com/soccer/match/_/gameId/475572,,,True
2017,475568,regular,2017-07-08,2017-07-08,2017-07-09T00:30Z,17346,Houston Dash,15362,Portland Thorns FC,1,1,True,STATUS_FULL_TIME,https://www.espn.com/soccer/match/_/gameId/475568,,,True
2017,475569,regular,2017-07-08,2017-07-08,2017-07-08T23:00Z,15364,Sky Blue FC,15361,FC Kansas City,3,2,True,STATUS_FULL_TIME,https://www.espn.com/soccer/match/_/gameId/475569,,,True
2017,475570,regular,2017-07-08,2017-07-08,2017-07-08T19:30Z,15365,Washington Spirit,18206,Orlando Pride,2,2,True,STATUS_FULL_TIME,https://www.espn.com/soccer/match/_/gameId/475570,,,True
2017,475571,regular,2017-07-08,2017-07-08,2017-07-08T23:30Z,15366,North Carolina Courage,15363,Seattle Reign FC,2,0,True,STATUS_FULL_TIME,https://www.espn.com/soccer/match/_/gameId/475571,,,True
2017,475563,regular,2017-07-15,2017-07-15,2017-07-16T00:30Z,17346,Houston Dash,15365,Washington Spirit,2,1,True,STATUS_FULL_TIME,https://www.espn.com/soccer/match/_/gameId/475563,,,True
2017,475564,regular,2017-07-15,2017-07-15,2017-07-15T23:30Z,18206,Orlando Pride,15361,FC Kansas City,4,1,True,STATUS_FULL_TIME,https://www.espn.com/soccer/match/_/gameId/475564,,,True
2017,475565,regular,2017-07-15,2017-07-15,2017-07-15T23:00Z,15364,Sky Blue FC,15360,Chicago Red Stars,2,2,True,STATUS_FULL_TIME,https://www.espn.com/soccer/match/_/gameId/475565,,,True
2017,475566,regular,2017-07-15,2017-07-15,2017-07-16T02:00Z,15363,Seattle Reign FC,15359,Boston Breakers,1,1,True,STATUS_FULL_TIME,https://www.espn.com/soccer/match/_/gameId/475566,,,True
2017,475567,regular,2017-07-15,2017-07-15,2017-07-15T19:30Z,15362,Portland Thorns FC,15366,North Carolina Courage,1,0,True,STATUS_FULL_TIME,https://www.espn.com/soccer/match/_/gameId/475567,,,True
2017,475558,regular,2017-07-22,2017-07-22,2017-07-23T02:00Z,15363,Seattle Reign FC,15364,Sky Blue FC,5,4,True,STATUS_FULL_TIME,https://www.espn.com/soccer/match/_/gameId/475558,,,True
2017,475559,regular,2017-07-22,2017-07-22,2017-07-23T02:00Z,15362,Portland Thorns FC,15365,Washington Spirit,2,1,True,STATUS_FULL_TIME,https://www.espn.com/soccer/match/_/gameId/475559,,,True
2017,475560,regular,2017-07-22,2017-07-22,2017-07-23T00:30Z,17346,Houston Dash,15359,Boston Breakers,1,0,True,STATUS_FULL_TIME,https://www.espn.com/soccer/match/_/gameId/475560,,,True
2017,475562,regular,2017-07-22,2017-07-22,2017-07-22T19:30Z,15360,Chicago Red Stars,18206,Orlando Pride,2,1,True,STATUS_FULL_TIME,https://www.espn.com/soccer/match/_/gameId/475562,,,True
2017,475556,regular,2017-08-04,2017-08-04,2017-08-04T23:00Z,15359,Boston Breakers,15361,FC Kansas City,2,2,True,STATUS_FULL_TIME,https://www.espn.com/soccer/match/_/gameId/475556,,,True
2017,475557,regular,2017-08-04,2017-08-04,2017-08-04T23:00Z,15364,Sky Blue FC,15365,Washington Spirit,1,4,True,STATUS_FULL_TIME,https://www.espn.com/soccer/match/_/gameId/475557,,,True
2017,475553,regular,2017-08-05,2017-08-05,2017-08-05T23:30Z,18206,Orlando Pride,15360,Chicago Red Stars,1,1,True,STATUS_FULL_TIME,https://www.espn.com/soccer/match/_/gameId/475553,,,True
2017,475554,regular,2017-08-05,2017-08-05,2017-08-05T19:30Z,15362,Portland Thorns FC,17346,Houston Dash,2,1,True,STATUS_FULL_TIME,https://www.espn.com/soccer/match/_/gameId/475554,,,True
2017,475555,regular,2017-08-05,2017-08-05,2017-08-05T23:30Z,15366,North Carolina Courage,15363,Seattle Reign FC,1,0,True,STATUS_FULL_TIME,https://www.espn.com/soccer/match/_/gameId/475555,,,True
2017,475552,regular,2017-08-08,2017-08-08,2017-08-08T23:30Z,18206,Orlando Pride,15365,Washington Spirit,3,0,True,STATUS_FULL_TIME,https://www.espn.com/soccer/match/_/gameId/475552,,,True
2017,475561,regular,2017-08-10,2017-08-10,2017-08-11T00:00Z,15361,FC Kansas City,15366,North Carolina Courage,0,1,True,STATUS_FULL_TIME,https://www.espn.com/soccer/match/_/gameId/475561,,,True
2017,475549,regular,2017-08-12,2017-08-12,2017-08-13T00:00Z,15360,Chicago Red Stars,15362,Portland Thorns FC,2,3,True,STATUS_FULL_TIME,https://www.espn.com/soccer/match/_/gameId/475549,,,True
2017,475550,regular,2017-08-12,2017-08-12,2017-08-12T19:30Z,15365,Washington Spirit,15359,Boston Breakers,2,2,True,STATUS_FULL_TIME,https://www.espn.com/soccer/match/_/gameId/475550,,,True
2017,475551,regular,2017-08-12,2017-08-12,2017-08-12T23:30Z,18206,Orlando Pride,15364,Sky Blue FC,5,0,True,STATUS_FULL_TIME,https://www.espn.com/soccer/match/_/gameId/475551,,,True
2017,475547,regular,2017-08-13,2017-08-13,2017-08-14T01:00Z,15363,Seattle Reign FC,15366,North Carolina Courage,1,2,True,STATUS_FULL_TIME,https://www.espn.com/soccer/match/_/gameId/475547,,,True
2017,475548,regular,2017-08-13,2017-08-13,2017-08-14T00:30Z,17346,Houston Dash,15361,FC Kansas City,0,1,True,STATUS_FULL_TIME,https://www.espn.com/soccer/match/_/gameId/475548,,,True
2017,475544,regular,2017-08-16,2017-08-16,2017-08-17T00:00Z,15361,FC Kansas City,15362,Portland Thorns FC,2,1,True,STATUS_FULL_TIME,https://www.espn.com/soccer/match/_/gameId/475544,,,True
2017,475545,regular,2017-08-16,2017-08-16,2017-08-17T00:00Z,15360,Chicago Red Stars,15363,Seattle Reign FC,1,2,True,STATUS_FULL_TIME,https://www.espn.com/soccer/match/_/gameId/475545,,,True
2017,475546,regular,2017-08-16,2017-08-16,2017-08-16T23:30Z,15359,Boston Breakers,17346,Houston Dash,1,3,True,STATUS_FULL_TIME,https://www.espn.com/soccer/match/_/gameId/475546,,,True
2017,475540,regular,2017-08-19,2017-08-19,2017-08-20T02:00Z,15362,Portland Thorns FC,17346,Houston Dash,2,0,True,STATUS_FULL_TIME,https://www.espn.com/soccer/match/_/gameId/475540,,,True
2017,475541,regular,2017-08-19,2017-08-19,2017-08-19T23:00Z,15364,Sky Blue FC,15363,Seattle Reign FC,5,4,True,STATUS_FULL_TIME,https://www.espn.com/soccer/match/_/gameId/475541,,,True
2017,475542,regular,2017-08-19,2017-08-19,2017-08-19T20:00Z,15359,Boston Breakers,18206,Orlando Pride,1,2,True,STATUS_FULL_TIME,https://www.espn.com/soccer/match/_/gameId/475542,,,True
2017,475543,regular,2017-08-19,2017-08-19,2017-08-19T19:30Z,15366,North Carolina Courage,15365,Washington Spirit,2,0,True,STATUS_FULL_TIME,https://www.espn.com/soccer/match/_/gameId/475543,,,True
2017,475539,regular,2017-08-20,2017-08-20,2017-08-20T22:00Z,15360,Chicago Red Stars,15361,FC Kansas City,1,3,True,STATUS_FULL_TIME,https://www.espn.com/soccer/match/_/gameId/475539,,,True
2017,475535,regular,2017-08-26,2017-08-26,2017-08-26T23:00Z,15364,Sky Blue FC,15359,Boston Breakers,1,0,True,STATUS_FULL_TIME,https://www.espn.com/soccer/match/_/gameId/475535,,,True
2017,475536,regular,2017-08-26,2017-08-26,2017-08-26T23:00Z,15365,Washington Spirit,15360,Chicago Red Stars,1,2,True,STATUS_FULL_TIME,https://www.espn.com/soccer/match/_/gameId/475536,,,True
2017,475537,regular,2017-08-26,2017-08-26,2017-08-26T19:30Z,15361,FC Kansas City,18206,Orlando Pride,1,2,True,STATUS_FULL_TIME,https://www.espn.com/soccer/match/_/gameId/475537,,,True
2017,475538,regular,2017-08-26,2017-08-26,2017-08-26T20:00Z,15363,Seattle Reign FC,15362,Portland Thorns FC,1,2,True,STATUS_FULL_TIME,https://www.espn.com/soccer/match/_/gameId/475538,,,True
2017,475533,regular,2017-08-30,2017-08-30,2017-08-30T23:30Z,15365,Washington Spirit,15366,North Carolina Courage,2,3,True,STATUS_FULL_TIME,https://www.espn.com/soccer/match/_/gameId/475533,,,True
2017,475531,regular,2017-09-02,2017-09-02,2017-09-02T23:30Z,18206,Orlando Pride,15359,Boston Breakers,4,2,True,STATUS_FULL_TIME,https://www.espn.com/soccer/match/_/gameId/475531,,,True
2017,475532,regular,2017-09-02,2017-09-02,2017-09-02T19:30Z,15362,Portland Thorns FC,15365,Washington Spirit,4,0,True,STATUS_FULL_TIME,https://www.espn.com/soccer/match/_/gameId/475532,,,True
2017,475528,regular,2017-09-03,2017-09-03,2017-09-04T00:00Z,17346,Houston Dash,15363,Seattle Reign FC,0,1,True,STATUS_FULL_TIME,https://www.espn.com/soccer/match/_/gameId/475528,,,True
2017,475529,regular,2017-09-03,2017-09-03,2017-09-03T22:00Z,15360,Chicago Red Stars,15366,North Carolina Courage,2,1,True,STATUS_FULL_TIME,https://www.espn.com/soccer/match/_/gameId/475529,,,True
2017,475530,regular,2017-09-03,2017-09-03,2017-09-03T22:00Z,15361,FC Kansas City,15364,Sky Blue FC,4,1,True,STATUS_FULL_TIME,https://www.espn.com/soccer/match/_/gameId/475530,,,True
2017,475527,regular,2017-09-07,2017-09-07,2017-09-08T00:00Z,18206,Orlando Pride,15363,Seattle Reign FC,1,1,True,STATUS_FULL_TIME,https://www.espn.com/soccer/match/_/gameId/475527,,,True
2017,475525,regular,2017-09-09,2017-09-09,2017-09-09T23:30Z,15366,North Carolina Courage,17346,Houston Dash,1,0,True,STATUS_FULL_TIME,https://www.espn.com/soccer/match/_/gameId/475525,,,True
2017,475526,regular,2017-09-09,2017-09-09,2017-09-09T19:30Z,15361,FC Kansas City,15360,Chicago Red Stars,0,0,True,STATUS_FULL_TIME,https://www.espn.com/soccer/match/_/gameId/475526,,,True
2017,475523,regular,2017-09-10,2017-09-10,2017-09-10T22:00Z,15359,Boston Breakers,15362,Portland Thorns FC,0,1,True,STATUS_FULL_TIME,https://www.espn.com/soccer/match/_/gameId/475523,,,True
2017,475524,regular,2017-09-10,2017-09-10,2017-09-10T22:00Z,15364,Sky Blue FC,15365,Washington Spirit,1,2,True,STATUS_FULL_TIME,https://www.espn.com/soccer/match/_/gameId/475524,,,True
2017,475520,regular,2017-09-23,2017-09-23,2017-09-23T23:00Z,15365,Washington Spirit,15359,Boston Breakers,0,3,True,STATUS_FULL_TIME,https://www.espn.com/soccer/match/_/gameId/475520,,,True
2017,475521,regular,2017-09-23,2017-09-23,2017-09-23T19:30Z,18206,Orlando Pride,15362,Portland Thorns FC,0,0,True,STATUS_FULL_TIME,https://www.espn.com/soccer/match/_/gameId/475521,,,True
2017,475522,regular,2017-09-23,2017-09-23,2017-09-24T00:30Z,17346,Houston Dash,15360,Chicago Red Stars,2,3,True,STATUS_FULL_TIME,https://www.espn.com/soccer/match/_/gameId/475522,,,True
2017,475654,regular,2017-09-24,2017-09-24,2017-09-25T01:00Z,15363,Seattle Reign FC,15361,FC Kansas City,0,1,True,STATUS_FULL_TIME,https://www.espn.com/soccer/match/_/gameId/475654,,,True
2017,475655,regular,2017-09-24,2017-09-24,2017-09-24T22:00Z,15364,Sky Blue FC,15366,North Carolina Courage,1,1,True,STATUS_FULL_TIME,https://www.espn.com/soccer/match/_/gameId/475655,,,True
2017,475534,regular,2017-09-27,2017-09-27,2017-08-28T00:00Z,17346,Houston Dash,15366,North Carolina Courage,0,4,True,STATUS_POSTPONED,https://www.espn.com/soccer/match/_/gameId/475534,https://www.nccourage.com/news/first-place-nc-courage-travel-to-take-on-the-houston-dash-inthe-nwsl-game-of-the-week-on-lifetime,ESPN retains the August postponed fixture. Use the September 27 makeup match recorded in the club's historical results.,True
2017,475515,regular,2017-09-30,2017-09-30,2017-09-30T23:30Z,15366,North Carolina Courage,18206,Orlando Pride,2,3,True,STATUS_FULL_TIME,https://www.espn.com/soccer/match/_/gameId/475515,,,True
2017,475516,regular,2017-09-30,2017-09-30,2017-09-30T23:00Z,15359,Boston Breakers,15364,Sky Blue FC,3,4,True,STATUS_FULL_TIME,https://www.espn.com/soccer/match/_/gameId/475516,,,True
2017,475517,regular,2017-09-30,2017-09-30,2017-09-30T19:30Z,15362,Portland Thorns FC,15360,Chicago Red Stars,3,1,True,STATUS_FULL_TIME,https://www.espn.com/soccer/match/_/gameId/475517,,,True
2017,475518,regular,2017-09-30,2017-09-30,2017-09-30T23:00Z,15365,Washington Spirit,15363,Seattle Reign FC,2,3,True,STATUS_FULL_TIME,https://www.espn.com/soccer/match/_/gameId/475518,,,True
2017,475519,regular,2017-10-01,2017-10-01,2017-10-01T22:00Z,15361,FC Kansas City,17346,Houston Dash,1,1,True,STATUS_FULL_TIME,https://www.espn.com/soccer/match/_/gameId/475519,,,True
2017,497308,semifinals,2017-10-07,2017-10-07,2017-10-07T19:30Z,15362,Portland Thorns FC,18206,Orlando Pride,4,1,True,STATUS_FULL_TIME,https://www.espn.com/soccer/match/_/gameId/497308,,,False
2017,497307,semifinals,2017-10-08,2017-10-08,2017-10-08T19:30Z,15366,North Carolina Courage,15360,Chicago Red Stars,1,0,True,STATUS_FULL_TIME,https://www.espn.com/soccer/match/_/gameId/497307,,,False
2017,497559,finals,2017-10-14,2017-10-14,2017-10-14T20:30Z,15362,Portland Thorns FC,15366,North Carolina Courage,1,0,True,STATUS_FULL_TIME,https://www.espn.com/soccer/match/_/gameId/497559,,,False
2018,508384,regular,2018-03-24,2018-03-24,2018-03-25T02:00Z,15363,Seattle Reign FC,15365,Washington Spirit,2,1,True,STATUS_FULL_TIME,https://www.espn.com/soccer/match/_/gameId/508384,,,True
2018,508385,regular,2018-03-24,2018-03-24,2018-03-24T23:30Z,18206,Orlando Pride,19141,Utah Royals,1,1,True,STATUS_FULL_TIME,https://www.espn.com/soccer/match/_/gameId/508385,,,True
2018,508386,regular,2018-03-24,2018-03-24,2018-03-24T19:30Z,15366,North Carolina Courage,15362,Portland Thorns FC,1,0,True,STATUS_FULL_TIME,https://www.espn.com/soccer/match/_/gameId/508386,,,True
2018,508383,regular,2018-03-25,2018-03-25,2018-03-25T21:00Z,17346,Houston Dash,15360,Chicago Red Stars,1,1,True,STATUS_FULL_TIME,https://www.espn.com/soccer/match/_/gameId/508383,,,True
2018,508382,regular,2018-03-30,2018-03-30,2018-03-31T00:00Z,17346,Houston Dash,19141,Utah Royals,0,0,True,STATUS_FULL_TIME,https://www.espn.com/soccer/match/_/gameId/508382,,,True
2018,508379,regular,2018-03-31,2018-03-31,2018-04-01T00:15Z,15360,Chicago Red Stars,15362,Portland Thorns FC,2,3,True,STATUS_FULL_TIME,https://www.espn.com/soccer/match/_/gameId/508379,,,True
2018,508380,regular,2018-03-31,2018-03-31,2018-03-31T19:30Z,15365,Washington Spirit,18206,Orlando Pride,2,0,True,STATUS_FULL_TIME,https://www.espn.com/soccer/match/_/gameId/508380,,,True
2018,508381,regular,2018-03-31,2018-03-31,2018-03-31T19:00Z,15366,North Carolina Courage,15364,Sky Blue FC,1,0,True,STATUS_FULL_TIME,https://www.espn.com/soccer/match/_/gameId/508381,,,True
2018,508377,regular,2018-04-14,2018-04-14,2018-04-14T23:00Z,15365,Washington Spirit,15366,North Carolina Courage,2,4,True,STATUS_FULL_TIME,https://www.espn.com/soccer/match/_/gameId/508377,,,True
2018,508378,regular,2018-04-14,2018-04-14,2018-04-14T19:30Z,19141,Utah Royals,15360,Chicago Red Stars,0,1,True,STATUS_FULL_TIME,https://www.espn.com/soccer/match/_/gameId/508378,,,True
2018,508375,regular,2018-04-15,2018-04-15,2018-04-15T22:00Z,15362,Portland Thorns FC,18206,Orlando Pride,2,1,True,STATUS_FULL_TIME,https://www.espn.com/soccer/match/_/gameId/508375,,,True
2018,508376,regular,2018-04-15,2018-04-15,2018-04-15T21:00Z,15364,Sky Blue FC,15363,Seattle Reign FC,0,1,True,STATUS_FULL_TIME,https://www.espn.com/soccer/match/_/gameId/508376,,,True
2018,508373,regular,2018-04-18,2018-04-18,2018-04-18T23:30Z,15360,Chicago Red Stars,17346,Houston Dash,3,0,True,STATUS_FULL_TIME,https://www.espn.com/soccer/match/_/gameId/508373,,,True
2018,508374,regular,2018-04-18,2018-04-18,2018-04-18T23:00Z,15366,North Carolina Courage,15363,Seattle Reign FC,1,0,True,STATUS_FULL_TIME,https://www.espn.com/soccer/match/_/gameId/508374,,,True
2018,508372,regular,2018-04-20,2018-04-20,2018-04-21T02:30Z,15362,Portland Thorns FC,15365,Washington Spirit,1,1,True,STATUS_FULL_TIME,https://www.espn.com/soccer/match/_/gameId/508372,,,True
2018,508370,regular,2018-04-21,2018-04-21,2018-04-22T00:00Z,15360,Chicago Red Stars,15364,Sky Blue FC,1,1,True,STATUS_FULL_TIME,https://www.espn.com/soccer/match/_/gameId/508370,,,True
2018,508371,regular,2018-04-21,2018-04-21,2018-04-21T19:30Z,15366,North Carolina Courage,19141,Utah Royals,2,2,True,STATUS_FULL_TIME,https://www.espn.com/soccer/match/_/gameId/508371,,,True
2018,508369,regular,2018-04-22,2018-04-22,2018-04-22T21:00Z,18206,Orlando Pride,17346,Houston Dash,1,0,True,STATUS_FULL_TIME,https://www.espn.com/soccer/match/_/gameId/508369,,,True
2018,508365,regular,2018-04-28,2018-04-28,2018-04-29T01:00Z,19141,Utah Royals,15362,Portland Thorns FC,1,1,True,STATUS_FULL_TIME,https://www.espn.com/soccer/match/_/gameId/508365,,,True
2018,508366,regular,2018-04-28,2018-04-28,2018-04-28T23:30Z,18206,Orlando Pride,15363,Seattle Reign FC,1,1,True,STATUS_FULL_TIME,https://www.espn.com/soccer/match/_/gameId/508366,,,True
2018,508367,regular,2018-04-28,2018-04-28,2018-04-28T23:00Z,15365,Washington Spirit,15360,Chicago Red Stars,1,1,True,STATUS_FULL_TIME,https://www.espn.com/soccer/match/_/gameId/508367,,,True
2018,508368,regular,2018-04-28,2018-04-28,2018-04-28T19:30Z,17346,Houston Dash,15366,North Carolina Courage,0,2,True,STATUS_FULL_TIME,https://www.espn.com/soccer/match/_/gameId/508368,,,True
2018,508364,regular,2018-05-02,2018-05-02,2018-05-02T23:30Z,15360,Chicago Red Stars,18206,Orlando Pride,0,2,True,STATUS_FULL_TIME,https://www.espn.com/soccer/match/_/gameId/508364,,,True
2018,508361,regular,2018-05-05,2018-05-05,2018-05-06T01:00Z,19141,Utah Royals,15365,Washington Spirit,2,0,True,STATUS_FULL_TIME,https://www.espn.com/soccer/match/_/gameId/508361,,,True
2018,508362,regular,2018-05-05,2018-05-05,2018-05-05T23:00Z,15364,Sky Blue FC,17346,Houston Dash,2,3,True,STATUS_FULL_TIME,https://www.espn.com/soccer/match/_/gameId/508362,,,True
2018,508363,regular,2018-05-05,2018-05-05,2018-05-05T19:30Z,15362,Portland Thorns FC,15363,Seattle Reign FC,2,3,True,STATUS_FULL_TIME,https://www.espn.com/soccer/match/_/gameId/508363,,,True
2018,508360,regular,2018-05-06,2018-05-06,2018-05-06T19:00Z,15366,North Carolina Courage,15360,Chicago Red Stars,1,1,True,STATUS_FULL_TIME,https://www.espn.com/soccer/match/_/gameId/508360,,,True
2018,508358,regular,2018-05-09,2018-05-09,2018-05-10T01:00Z,19141,Utah Royals,18206,Orlando Pride,0,0,True,STATUS_FULL_TIME,https://www.espn.com/soccer/match/_/gameId/508358,,,True
2018,508359,regular,2018-05-09,2018-05-09,2018-05-10T00:00Z,17346,Houston Dash,15362,Portland Thorns FC,1,1,True,STATUS_FULL_TIME,https://www.espn.com/soccer/match/_/gameId/508359,,,True
2018,508354,regular,2018-05-12,2018-05-12,2018-05-13T02:00Z,15363,Seattle Reign FC,15364,Sky Blue FC,4,1,True,STATUS_FULL_TIME,https://www.espn.com/soccer/match/_/gameId/508354,,,True
2018,508355,regular,2018-05-12,2018-05-12,2018-05-13T00:00Z,15360,Chicago Red Stars,17346,Houston Dash,2,2,True,STATUS_FULL_TIME,https://www.espn.com/soccer/match/_/gameId/508355,,,True
2018,508356,regular,2018-05-12,2018-05-12,2018-05-12T23:00Z,15366,North Carolina Courage,15365,Washington Spirit,1,0,True,STATUS_FULL_TIME,https://www.espn.com/soccer/match/_/gameId/508356,,,True
2018,508357,regular,2018-05-12,2018-05-12,2018-05-12T19:30Z,15362,Portland Thorns FC,18206,Orlando Pride,1,2,True,STATUS_FULL_TIME,https://www.espn.com/soccer/match/_/gameId/508357,,,True
2018,508350,regular,2018-05-19,2018-05-19,2018-05-20T02:00Z,15363,Seattle Reign FC,15360,Chicago Red Stars,0,0,True,STATUS_FULL_TIME,https://www.espn.com/soccer/match/_/gameId/508350,,,True
2018,508351,regular,2018-05-19,2018-05-19,2018-05-19T23:00Z,15364,Sky Blue FC,15366,North Carolina Courage,1,2,True,STATUS_FULL_TIME,https://www.espn.com/soccer/match/_/gameId/508351,,,True
2018,508352,regular,2018-05-19,2018-05-19,2018-05-19T23:00Z,15365,Washington Spirit,15362,Portland Thorns FC,0,1,True,STATUS_FULL_TIME,https://www.espn.com/soccer/match/_/gameId/508352,,,True
2018,508353,regular,2018-05-19,2018-05-19,2018-05-19T19:30Z,19141,Utah Royals,17346,Houston Dash,1,0,True,STATUS_FULL_TIME,https://www.espn.com/soccer/match/_/gameId/508353,,,True
2018,508347,regular,2018-05-23,2018-05-23,2018-05-24T00:00Z,17346,Houston Dash,15363,Seattle Reign FC,2,1,True,STATUS_FULL_TIME,https://www.espn.com/soccer/match/_/gameId/508347,,,True
2018,508348,regular,2018-05-23,2018-05-23,2018-05-23T23:30Z,18206,Orlando Pride,15366,North Carolina Courage,3,4,True,STATUS_FULL_TIME,https://www.espn.com/soccer/match/_/gameId/508348,,,True
2018,508349,regular,2018-05-23,2018-05-23,2018-05-23T23:30Z,15365,Washington Spirit,15364,Sky Blue FC,1,0,True,STATUS_FULL_TIME,https://www.espn.com/soccer/match/_/gameId/508349,,,True
2018,508346,regular,2018-05-25,2018-05-25,2018-05-26T02:30Z,15362,Portland Thorns FC,19141,Utah Royals,2,0,True,STATUS_FULL_TIME,https://www.espn.com/soccer/match/_/gameId/508346,,,True
2018,508344,regular,2018-05-26,2018-05-26,2018-05-26T23:00Z,15364,Sky Blue FC,15363,Seattle Reign FC,0,1,True,STATUS_FULL_TIME,https://www.espn.com/soccer/match/_/gameId/508344,,,True
2018,508345,regular,2018-05-26,2018-05-26,2018-05-26T19:30Z,15360,Chicago Red Stars,18206,Orlando Pride,2,5,True,STATUS_FULL_TIME,https://www.espn.com/soccer/match/_/gameId/508345,,,True
2018,508343,regular,2018-05-27,2018-05-27,2018-05-28T00:00Z,17346,Houston Dash,15365,Washington Spirit,3,2,True,STATUS_FULL_TIME,https://www.espn.com/soccer/match/_/gameId/508343,,,True
2018,508342,regular,2018-05-30,2018-05-30,2018-05-31T02:30Z,15362,Portland Thorns FC,15366,North Carolina Courage,1,4,True,STATUS_FULL_TIME,https://www.espn.com/soccer/match/_/gameId/508342,,,True
2018,508340,regular,2018-06-02,2018-06-02,2018-06-02T23:00Z,15364,Sky Blue FC,19141,Utah Royals,1,2,True,STATUS_FULL_TIME,https://www.espn.com/soccer/match/_/gameId/508340,,,True
2018,508341,regular,2018-06-02,2018-06-02,2018-06-03T01:00Z,15365,Washington Spirit,15360,Chicago Red Stars,0,2,True,STATUS_FULL_TIME,https://www.espn.com/soccer/match/_/gameId/508341,,,True
2018,508338,regular,2018-06-03,2018-06-03,2018-06-04T01:00Z,15363,Seattle Reign FC,18206,Orlando Pride,0,0,True,STATUS_FULL_TIME,https://www.espn.com/soccer/match/_/gameId/508338,,,True
2018,508339,regular,2018-06-03,2018-06-03,2018-06-03T22:30Z,17346,Houston Dash,15366,North Carolina Courage,1,1,True,STATUS_FULL_TIME,https://www.espn.com/soccer/match/_/gameId/508339,,,True
2018,508337,regular,2018-06-08,2018-06-08,2018-06-08T23:00Z,15364,Sky Blue FC,15365,Washington Spirit,0,0,True,STATUS_FULL_TIME,https://www.espn.com/soccer/match/_/gameId/508337,,,True
2018,508333,regular,2018-06-16,2018-06-16,2018-06-16T23:30Z,18206,Orlando Pride,15364,Sky Blue FC,3,2,True,STATUS_FULL_TIME,https://www.espn.com/soccer/match/_/gameId/508333,,,True
2018,508334,regular,2018-06-16,2018-06-16,2018-06-16T23:00Z,15365,Washington Spirit,15363,Seattle Reign FC,0,0,True,STATUS_FULL_TIME,https://www.espn.com/soccer/match/_/gameId/508334,,,True
2018,508335,regular,2018-06-16,2018-06-16,2018-06-16T23:00Z,15366,North Carolina Courage,19141,Utah Royals,0,1,True,STATUS_FULL_TIME,https://www.espn.com/soccer/match/_/gameId/508335,,,True
2018,508336,regular,2018-06-16,2018-06-16,2018-06-17T00:00Z,15360,Chicago Red Stars,15362,Portland Thorns FC,1,1,True,STATUS_FULL_TIME,https://www.espn.com/soccer/match/_/gameId/508336,,,True
2018,508332,regular,2018-06-22,2018-06-22,2018-06-23T00:30Z,17346,Houston Dash,15362,Portland Thorns FC,1,3,True,STATUS_FINAL_AGT,https://www.espn.com/soccer/match/_/gameId/508332,,,True
2018,508329,regular,2018-06-23,2018-06-23,2018-06-24T00:00Z,15360,Chicago Red Stars,19141,Utah Royals,2,0,True,STATUS_FULL_TIME,https://www.espn.com/soccer/match/_/gameId/508329,,,True
2018,508330,regular,2018-06-23,2018-06-23,2018-06-23T20:00Z,15363,Seattle Reign FC,15366,North Carolina Courage,1,4,True,STATUS_FULL_TIME,https://www.espn.com/soccer/match/_/gameId/508330,,,True
2018,508331,regular,2018-06-23,2018-06-23,2018-06-23T23:00Z,15365,Washington Spirit,18206,Orlando Pride,0,1,True,STATUS_FULL_TIME,https://www.espn.com/soccer/match/_/gameId/508331,,,True
2018,508326,regular,2018-06-27,2018-06-27,2018-06-28T02:30Z,15362,Portland Thorns FC,15364,Sky Blue FC,1,1,True,STATUS_FULL_TIME,https://www.espn.com/soccer/match/_/gameId/508326,,,True
2018,508327,regular,2018-06-27,2018-06-27,2018-06-28T02:00Z,19141,Utah Royals,15363,Seattle Reign FC,0,0,True,STATUS_FULL_TIME,https://www.espn.com/soccer/match/_/gameId/508327,,,True
2018,508328,regular,2018-06-27,2018-06-27,2018-06-27T23:30Z,18206,Orlando Pride,17346,Houston Dash,1,2,True,STATUS_FULL_TIME,https://www.espn.com/soccer/match/_/gameId/508328,,,True
2018,508323,regular,2018-06-30,2018-06-30,2018-07-01T02:00Z,15363,Seattle Reign FC,15362,Portland Thorns FC,1,0,True,STATUS_FULL_TIME,https://www.espn.com/soccer/match/_/gameId/508323,,,True
2018,508324,regular,2018-06-30,2018-06-30,2018-07-01T02:00Z,19141,Utah Royals,15364,Sky Blue FC,3,1,True,STATUS_FULL_TIME,https://www.espn.com/soccer/match/_/gameId/508324,,,True
2018,508325,regular,2018-06-30,2018-06-30,2018-06-30T19:30Z,18206,Orlando Pride,15366,North Carolina Courage,0,3,True,STATUS_FULL_TIME,https://www.espn.com/soccer/match/_/gameId/508325,,,True
2018,508322,regular,2018-07-01,2018-07-01,2018-07-01T22:00Z,15360,Chicago Red Stars,15365,Washington Spirit,2,0,True,STATUS_FULL_TIME,https://www.espn.com/soccer/match/_/gameId/508322,,,True
2018,508321,regular,2018-07-04,2018-07-04,2018-07-05T00:00Z,15366,North Carolina Courage,15360,Chicago Red Stars,4,1,True,STATUS_FULL_TIME,https://www.espn.com/soccer/match/_/gameId/508321,,,True
2018,508320,regular,2018-07-06,2018-07-06,2018-07-07T03:00Z,15362,Portland Thorns FC,19141,Utah Royals,4,0,True,STATUS_FULL_TIME,https://www.espn.com/soccer/match/_/gameId/508320,,,True
2018,508317,regular,2018-07-07,2018-07-07,2018-07-08T02:00Z,15363,Seattle Reign FC,17346,Houston Dash,3,1,True,STATUS_FULL_TIME,https://www.espn.com/soccer/match/_/gameId/508317,,,True
2018,508318,regular,2018-07-07,2018-07-07,2018-07-07T23:30Z,18206,Orlando Pride,15365,Washington Spirit,2,1,True,STATUS_FULL_TIME,https://www.espn.com/soccer/match/_/gameId/508318,,,True
2018,508319,regular,2018-07-07,2018-07-07,2018-07-07T23:00Z,15364,Sky Blue FC,15360,Chicago Red Stars,1,3,True,STATUS_FULL_TIME,https://www.espn.com/soccer/match/_/gameId/508319,,,True
2018,508314,regular,2018-07-11,2018-07-11,2018-07-12T02:30Z,15363,Seattle Reign FC,19141,Utah Royals,1,0,True,STATUS_FULL_TIME,https://www.espn.com/soccer/match/_/gameId/508314,,,True
2018,508315,regular,2018-07-11,2018-07-11,2018-07-12T00:30Z,17346,Houston Dash,18206,Orlando Pride,3,1,True,STATUS_FULL_TIME,https://www.espn.com/soccer/match/_/gameId/508315,,,True
2018,508316,regular,2018-07-11,2018-07-11,2018-07-11T23:00Z,15366,North Carolina Courage,15365,Washington Spirit,2,0,True,STATUS_FULL_TIME,https://www.espn.com/soccer/match/_/gameId/508316,,,True
2018,508311,regular,2018-07-14,2018-07-14,2018-07-15T00:00Z,15360,Chicago Red Stars,15363,Seattle Reign FC,1,0,True,STATUS_FULL_TIME,https://www.espn.com/soccer/match/_/gameId/508311,,,True
2018,508312,regular,2018-07-14,2018-07-14,2018-07-14T23:00Z,15364,Sky Blue FC,15366,North Carolina Courage,0,4,True,STATUS_FULL_TIME,https://www.espn.com/soccer/match/_/gameId/508312,,,True
2018,508313,regular,2018-07-14,2018-07-14,2018-07-14T23:00Z,19141,Utah Royals,18206,Orlando Pride,1,2,True,STATUS_FULL_TIME,https://www.espn.com/soccer/match/_/gameId/508313,,,True
2018,508310,regular,2018-07-15,2018-07-15,2018-07-16T03:00Z,15362,Portland Thorns FC,17346,Houston Dash,3,1,True,STATUS_FULL_TIME,https://www.espn.com/soccer/match/_/gameId/508310,,,True
2018,508309,regular,2018-07-20,2018-07-20,2018-07-21T02:00Z,19141,Utah Royals,15366,North Carolina Courage,0,0,True,STATUS_FULL_TIME,https://www.espn.com/soccer/match/_/gameId/508309,,,True
2018,508307,regular,2018-07-21,2018-07-21,2018-07-21T23:00Z,15364,Sky Blue FC,15362,Portland Thorns FC,1,2,True,STATUS_FULL_TIME,https://www.espn.com/soccer/match/_/gameId/508307,,,True
2018,508308,regular,2018-07-21,2018-07-21,2018-07-21T19:30Z,18206,Orlando Pride,15363,Seattle Reign FC,1,1,True,STATUS_FULL_TIME,https://www.espn.com/soccer/match/_/gameId/508308,,,True
2018,508306,regular,2018-07-22,2018-07-22,2018-07-22T14:00Z,15365,Washington Spirit,17346,Houston Dash,0,1,True,STATUS_FULL_TIME,https://www.espn.com/soccer/match/_/gameId/508306,,,True
2018,508301,regular,2018-08-05,2018-08-05,2018-08-06T01:00Z,15363,Seattle Reign FC,15365,Washington Spirit,2,0,True,STATUS_FULL_TIME,https://www.espn.com/soccer/match/_/gameId/508301,,,True
2018,508302,regular,2018-08-05,2018-08-05,2018-08-06T00:30Z,17346,Houston Dash,19141,Utah Royals,1,2,True,STATUS_FULL_TIME,https://www.espn.com/soccer/match/_/gameId/508302,,,True
2018,508303,regular,2018-08-05,2018-08-05,2018-08-05T23:30Z,18206,Orlando Pride,15364,Sky Blue FC,2,2,True,STATUS_FULL_TIME,https://www.espn.com/soccer/match/_/gameId/508303,,,True
2018,508304,regular,2018-08-05,2018-08-05,2018-08-05T22:00Z,15366,North Carolina Courage,15362,Portland Thorns FC,2,1,True,STATUS_FULL_TIME,https://www.espn.com/soccer/match/_/gameId/508304,,,True
2018,508300,regular,2018-08-08,2018-08-08,2018-08-09T02:00Z,19141,Utah Royals,15365,Washington Spirit,1,0,True,STATUS_FULL_TIME,https://www.espn.com/soccer/match/_/gameId/508300,,,True
2018,508299,regular,2018-08-10,2018-08-10,2018-08-11T00:00Z,15360,Chicago Red Stars,15366,North Carolina Courage,1,1,True,STATUS_FULL_TIME,https://www.espn.com/soccer/match/_/gameId/508299,,,True
2018,508296,regular,2018-08-11,2018-08-11,2018-08-11T23:30Z,18206,Orlando Pride,15362,Portland Thorns FC,0,2,True,STATUS_FULL_TIME,https://www.espn.com/soccer/match/_/gameId/508296,,,True
2018,508297,regular,2018-08-11,2018-08-11,2018-08-11T23:00Z,15364,Sky Blue FC,17346,Houston Dash,1,2,True,STATUS_FULL_TIME,https://www.espn.com/soccer/match/_/gameId/508297,,,True
2018,508298,regular,2018-08-11,2018-08-11,2018-08-11T19:30Z,19141,Utah Royals,15363,Seattle Reign FC,0,1,True,STATUS_FULL_TIME,https://www.espn.com/soccer/match/_/gameId/508298,,,True
2018,508295,regular,2018-08-15,2018-08-15,2018-08-16T02:30Z,15363,Seattle Reign FC,15360,Chicago Red Stars,0,0,True,STATUS_FULL_TIME,https://www.espn.com/soccer/match/_/gameId/508295,,,True
2018,508294,regular,2018-08-17,2018-08-17,2018-08-18T00:30Z,17346,Houston Dash,15365,Washington Spirit,4,0,True,STATUS_FULL_TIME,https://www.espn.com/soccer/match/_/gameId/508294,,,True
2018,508292,regular,2018-08-18,2018-08-18,2018-08-18T23:00Z,15364,Sky Blue FC,19141,Utah Royals,2,2,True,STATUS_FULL_TIME,https://www.espn.com/soccer/match/_/gameId/508292,,,True
2018,508293,regular,2018-08-18,2018-08-18,2018-08-19T02:30Z,15362,Portland Thorns FC,15360,Chicago Red Stars,2,2,True,STATUS_FULL_TIME,https://www.espn.com/soccer/match/_/gameId/508293,,,True
2018,508291,regular,2018-08-19,2018-08-19,2018-08-19T14:00Z,15366,North Carolina Courage,18206,Orlando Pride,3,0,True,STATUS_FULL_TIME,https://www.espn.com/soccer/match/_/gameId/508291,,,True
2018,508290,regular,2018-08-21,2018-08-21,2018-08-22T02:30Z,15363,Seattle Reign FC,17346,Houston Dash,2,0,True,STATUS_FULL_TIME,https://www.espn.com/soccer/match/_/gameId/508290,,,True
2018,508288,regular,2018-08-22,2018-08-22,2018-08-23T03:00Z,15362,Portland Thorns FC,15364,Sky Blue FC,2,1,True,STATUS_FULL_TIME,https://www.espn.com/soccer/match/_/gameId/508288,,,True
2018,508289,regular,2018-08-22,2018-08-22,2018-08-22T23:30Z,15365,Washington Spirit,19141,Utah Royals,0,1,True,STATUS_FULL_TIME,https://www.espn.com/soccer/match/_/gameId/508289,,,True
2018,508284,regular,2018-08-25,2018-08-25,2018-08-26T00:30Z,17346,Houston Dash,15364,Sky Blue FC,6,1,True,STATUS_FULL_TIME,https://www.espn.com/soccer/match/_/gameId/508284,,,True
2018,508285,regular,2018-08-25,2018-08-25,2018-08-26T00:00Z,15365,Washington Spirit,15362,Portland Thorns FC,0,1,True,STATUS_FULL_TIME,https://www.espn.com/soccer/match/_/gameId/508285,,,True
2018,508286,regular,2018-08-25,2018-08-25,2018-08-25T20:00Z,15363,Seattle Reign FC,15366,North Carolina Courage,1,1,True,STATUS_FULL_TIME,https://www.espn.com/soccer/match/_/gameId/508286,,,True
2018,508287,regular,2018-08-25,2018-08-25,2018-08-25T23:30Z,18206,Orlando Pride,15360,Chicago Red Stars,1,3,True,STATUS_FULL_TIME,https://www.espn.com/soccer/match/_/gameId/508287,,,True
2018,508283,regular,2018-09-02,2018-09-02,2018-09-02T14:00Z,15365,Washington Spirit,15364,Sky Blue FC,1,1,True,STATUS_FULL_TIME,https://www.espn.com/soccer/match/_/gameId/508283,,,True
2018,526870,regular,2018-09-04,2018-09-04,2018-09-04T23:30Z,15360,Chicago Red Stars,15364,Sky Blue FC,5,0,True,STATUS_FULL_TIME,https://www.espn.com/soccer/match/_/gameId/526870,,,True
2018,508282,regular,2018-09-07,2018-09-07,2018-09-08T02:30Z,15362,Portland Thorns FC,15363,Seattle Reign FC,3,1,True,STATUS_FULL_TIME,https://www.espn.com/soccer/match/_/gameId/508282,,,True
2018,508279,regular,2018-09-08,2018-09-08,2018-09-08T23:00Z,15366,North Carolina Courage,17346,Houston Dash,5,0,True,STATUS_FULL_TIME,https://www.espn.com/soccer/match/_/gameId/508279,,,True
2018,508280,regular,2018-09-08,2018-09-08,2018-09-08T19:30Z,19141,Utah Royals,15360,Chicago Red Stars,2,1,True,STATUS_FULL_TIME,https://www.espn.com/soccer/match/_/gameId/508280,,,True
2018,508281,regular,2018-09-08,2018-09-08,2018-09-08T16:00Z,15364,Sky Blue FC,18206,Orlando Pride,1,0,True,STATUS_FULL_TIME,https://www.espn.com/soccer/match/_/gameId/508281,,,True
2018,526950,semifinals,2018-09-15,2018-09-15,2018-09-15T19:00Z,15362,Portland Thorns FC,15363,Seattle Reign FC,2,1,True,STATUS_FULL_TIME,https://www.espn.com/soccer/match/_/gameId/526950,,,False
2018,527068,semifinals,2018-09-18,2018-09-18,2018-09-19T01:00Z,15366,North Carolina Courage,15360,Chicago Red Stars,2,0,True,STATUS_FULL_TIME,https://www.espn.com/soccer/match/_/gameId/527068,,,False
2018,527154,finals,2018-09-22,2018-09-22,2018-09-22T20:30Z,15366,North Carolina Courage,15362,Portland Thorns FC,3,0,True,STATUS_FULL_TIME,https://www.espn.com/soccer/match/_/gameId/527154,,,False
2019,552763,regular-season,2019-04-13,2019-04-13,2019-04-13T23:00Z,15366,North Carolina Courage,15360,Chicago Red Stars,1,1,True,STATUS_FULL_TIME,https://www.espn.com/soccer/match/_/gameId/552763,,,True
2019,552764,regular-season,2019-04-13,2019-04-13,2019-04-13T23:00Z,15365,Washington Spirit,15364,Sky Blue FC,2,0,True,STATUS_FULL_TIME,https://www.espn.com/soccer/match/_/gameId/552764,,,True
2019,552761,regular-season,2019-04-14,2019-04-14,2019-04-14T22:00Z,17346,Houston Dash,15363,Reign FC,1,1,True,STATUS_FULL_TIME,https://www.espn.com/soccer/match/_/gameId/552761,,,True
2019,552762,regular-season,2019-04-14,2019-04-14,2019-04-14T21:00Z,18206,Orlando Pride,15362,Portland Thorns FC,0,2,True,STATUS_FULL_TIME,https://www.espn.com/soccer/match/_/gameId/552762,,,True
2019,552760,regular-season,2019-04-17,2019-04-17,2019-04-17T23:00Z,15366,North Carolina Courage,18206,Orlando Pride,5,0,True,STATUS_FULL_TIME,https://www.espn.com/soccer/match/_/gameId/552760,,,True
2019,552757,regular-season,2019-04-20,2019-04-20,2019-04-21T01:00Z,19141,Utah Royals,15365,Washington Spirit,1,0,True,STATUS_FULL_TIME,https://www.espn.com/soccer/match/_/gameId/552757,,,True
2019,552758,regular-season,2019-04-20,2019-04-20,2019-04-20T22:00Z,15364,Sky Blue FC,17346,Houston Dash,0,1,True,STATUS_FULL_TIME,https://www.espn.com/soccer/match/_/gameId/552758,,,True
2019,552759,regular-season,2019-04-20,2019-04-20,2019-04-20T19:30Z,15360,Chicago Red Stars,15362,Portland Thorns FC,4,4,True,STATUS_FULL_TIME,https://www.espn.com/soccer/match/_/gameId/552759,,,True
2019,552756,regular-season,2019-04-21,2019-04-21,2019-04-22T02:00Z,15363,Reign FC,18206,Orlando Pride,1,1,True,STATUS_FULL_TIME,https://www.espn.com/soccer/match/_/gameId/552756,,,True
2019,552755,regular-season,2019-04-27,2019-04-27,2019-04-27T23:30Z,18206,Orlando Pride,19141,Utah Royals,0,1,True,STATUS_FULL_TIME,https://www.espn.com/soccer/match/_/gameId/552755,,,True
2019,552752,regular-season,2019-04-28,2019-04-28,2019-04-28T22:00Z,17346,Houston Dash,15366,North Carolina Courage,1,4,True,STATUS_FULL_TIME,https://www.espn.com/soccer/match/_/gameId/552752,,,True
2019,552753,regular-season,2019-04-28,2019-04-28,2019-04-28T22:00Z,15364,Sky Blue FC,15362,Portland Thorns FC,2,2,True,STATUS_FULL_TIME,https://www.espn.com/soccer/match/_/gameId/552753,,,True
2019,552754,regular-season,2019-04-28,2019-04-28,2019-04-28T17:00Z,15360,Chicago Red Stars,15363,Reign FC,3,0,True,STATUS_FULL_TIME,https://www.espn.com/soccer/match/_/gameId/552754,,,True
2019,552751,regular-season,2019-05-03,2019-05-03,2019-05-04T01:30Z,19141,Utah Royals,15360,Chicago Red Stars,1,0,True,STATUS_FULL_TIME,https://www.espn.com/soccer/match/_/gameId/552751,,,True
2019,552749,regular-season,2019-05-04,2019-05-04,2019-05-04T23:00Z,15365,Washington Spirit,15363,Reign FC,0,0,True,STATUS_FULL_TIME,https://www.espn.com/soccer/match/_/gameId/552749,,,True
2019,552750,regular-season,2019-05-04,2019-05-04,2019-05-04T23:00Z,15366,North Carolina Courage,15364,Sky Blue FC,0,0,True,STATUS_FULL_TIME,https://www.espn.com/soccer/match/_/gameId/552750,,,True
2019,552748,regular-season,2019-05-05,2019-05-05,2019-05-05T22:00Z,17346,Houston Dash,18206,Orlando Pride,1,0,True,STATUS_FULL_TIME,https://www.espn.com/soccer/match/_/gameId/552748,,,True
2019,552745,regular-season,2019-05-11,2019-05-11,2019-05-11T23:30Z,18206,Orlando Pride,15362,Portland Thorns FC,1,3,True,STATUS_FULL_TIME,https://www.espn.com/soccer/match/_/gameId/552745,,,True
2019,552746,regular-season,2019-05-11,2019-05-11,2019-05-11T19:30Z,19141,Utah Royals,17346,Houston Dash,1,2,True,STATUS_FULL_TIME,https://www.espn.com/soccer/match/_/gameId/552746,,,True
2019,552747,regular-season,2019-05-11,2019-05-11,2019-05-11T19:00Z,15364,Sky Blue FC,15365,Washington Spirit,2,3,True,STATUS_FULL_TIME,https://www.espn.com/soccer/match/_/gameId/552747,,,True
2019,552744,regular-season,2019-05-12,2019-05-12,2019-05-12T22:00Z,15360,Chicago Red Stars,15366,North Carolina Courage,3,1,True,STATUS_FULL_TIME,https://www.espn.com/soccer/match/_/gameId/552744,,,True
2019,552742,regular-season,2019-05-18,2019-05-18,2019-05-18T23:00Z,15365,Washington Spirit,15362,Portland Thorns FC,3,1,True,STATUS_FULL_TIME,https://www.espn.com/soccer/match/_/gameId/552742,,,True
2019,552743,regular-season,2019-05-18,2019-05-18,2019-05-18T20:00Z,15363,Reign FC,15364,Sky Blue FC,2,1,True,STATUS_FULL_TIME,https://www.espn.com/soccer/match/_/gameId/552743,,,True
2019,552740,regular-season,2019-05-19,2019-05-19,2019-05-19T22:00Z,17346,Houston Dash,15360,Chicago Red Stars,1,2,True,STATUS_FULL_TIME,https://www.espn.com/soccer/match/_/gameId/552740,,,True
2019,552741,regular-season,2019-05-19,2019-05-19,2019-05-19T21:00Z,15366,North Carolina Courage,19141,Utah Royals,1,1,True,STATUS_FULL_TIME,https://www.espn.com/soccer/match/_/gameId/552741,,,True
2019,552738,regular-season,2019-05-25,2019-05-25,2019-05-26T00:00Z,19141,Utah Royals,18206,Orlando Pride,2,0,True,STATUS_FULL_TIME,https://www.espn.com/soccer/match/_/gameId/552738,,,True
2019,552739,regular-season,2019-05-25,2019-05-25,2019-05-25T22:00Z,15364,Sky Blue FC,15362,Portland Thorns FC,0,1,True,STATUS_FULL_TIME,https://www.espn.com/soccer/match/_/gameId/552739,,,True
2019,552737,regular-season,2019-05-26,2019-05-26,2019-05-26T22:00Z,15360,Chicago Red Stars,15365,Washington Spirit,0,2,True,STATUS_FULL_TIME,https://www.espn.com/soccer/match/_/gameId/552737,,,True
2019,552736,regular-season,2019-05-27,2019-05-27,2019-05-27T23:00Z,15363,Reign FC,15366,North Carolina Courage,2,1,True,STATUS_FULL_TIME,https://www.espn.com/soccer/match/_/gameId/552736,,,True
2019,552734,regular-season,2019-06-01,2019-06-01,2019-06-01T23:30Z,18206,Orlando Pride,15366,North Carolina Courage,0,3,True,STATUS_FULL_TIME,https://www.espn.com/soccer/match/_/gameId/552734,,,True
2019,552735,regular-season,2019-06-01,2019-06-01,2019-06-01T23:00Z,15365,Washington Spirit,19141,Utah Royals,2,0,True,STATUS_FULL_TIME,https://www.espn.com/soccer/match/_/gameId/552735,,,True
2019,552732,regular-season,2019-06-02,2019-06-02,2019-06-02T22:00Z,15362,Portland Thorns FC,15360,Chicago Red Stars,3,0,True,STATUS_FULL_TIME,https://www.espn.com/soccer/match/_/gameId/552732,,,True
2019,552733,regular-season,2019-06-02,2019-06-02,2019-06-02T20:00Z,15363,Reign FC,17346,Houston Dash,1,1,True,STATUS_FULL_TIME,https://www.espn.com/soccer/match/_/gameId/552733,,,True
2019,552728,regular-season,2019-06-15,2019-06-15,2019-06-16T02:00Z,19141,Utah Royals,15364,Sky Blue FC,1,0,True,STATUS_FULL_TIME,https://www.espn.com/soccer/match/_/gameId/552728,,,True
2019,552729,regular-season,2019-06-15,2019-06-15,2019-06-16T02:00Z,15363,Reign FC,15365,Washington Spirit,1,1,True,STATUS_FULL_TIME,https://www.espn.com/soccer/match/_/gameId/552729,,,True
2019,552730,regular-season,2019-06-15,2019-06-15,2019-06-16T00:30Z,17346,Houston Dash,18206,Orlando Pride,2,2,True,STATUS_FULL_TIME,https://www.espn.com/soccer/match/_/gameId/552730,,,True
2019,552731,regular-season,2019-06-15,2019-06-15,2019-06-15T23:45Z,15366,North Carolina Courage,15362,Portland Thorns FC,1,1,True,STATUS_FULL_TIME,https://www.espn.com/soccer/match/_/gameId/552731,,,True
2019,552727,regular-season,2019-06-21,2019-06-21,2019-06-22T03:00Z,15362,Portland Thorns FC,19141,Utah Royals,0,0,True,STATUS_FULL_TIME,https://www.espn.com/soccer/match/_/gameId/552727,,,True
2019,552725,regular-season,2019-06-22,2019-06-22,2019-06-22T23:00Z,15365,Washington Spirit,17346,Houston Dash,0,0,True,STATUS_FULL_TIME,https://www.espn.com/soccer/match/_/gameId/552725,,,True
2019,552726,regular-season,2019-06-22,2019-06-22,2019-06-22T23:00Z,15364,Sky Blue FC,18206,Orlando Pride,1,2,True,STATUS_FULL_TIME,https://www.espn.com/soccer/match/_/gameId/552726,,,True
2019,552724,regular-season,2019-06-23,2019-06-23,2019-06-23T22:00Z,15360,Chicago Red Stars,15363,Reign FC,0,1,True,STATUS_FULL_TIME,https://www.espn.com/soccer/match/_/gameId/552724,,,True
2019,552723,regular-season,2019-06-28,2019-06-28,2019-06-29T02:00Z,19141,Utah Royals,15363,Reign FC,0,2,True,STATUS_FULL_TIME,https://www.espn.com/soccer/match/_/gameId/552723,,,True
2019,552721,regular-season,2019-06-29,2019-06-29,2019-06-30T02:00Z,17346,Houston Dash,15362,Portland Thorns FC,1,2,True,STATUS_FULL_TIME,https://www.espn.com/soccer/match/_/gameId/552721,,,True
2019,552722,regular-season,2019-06-29,2019-06-29,2019-06-30T00:00Z,15365,Washington Spirit,15366,North Carolina Courage,1,2,True,STATUS_FULL_TIME,https://www.espn.com/soccer/match/_/gameId/552722,,,True
2019,552720,regular-season,2019-06-30,2019-06-30,2019-06-30T21:00Z,18206,Orlando Pride,15360,Chicago Red Stars,2,3,True,STATUS_FULL_TIME,https://www.espn.com/soccer/match/_/gameId/552720,,,True
2019,552718,regular-season,2019-07-05,2019-07-05,2019-07-06T03:00Z,15362,Portland Thorns FC,15363,Reign FC,0,1,True,STATUS_FULL_TIME,https://www.espn.com/soccer/match/_/gameId/552718,,,True
2019,552719,regular-season,2019-07-05,2019-07-05,2019-07-05T23:30Z,15366,North Carolina Courage,17346,Houston Dash,5,2,True,STATUS_FULL_TIME,https://www.espn.com/soccer/match/_/gameId/552719,,,True
2019,552716,regular-season,2019-07-06,2019-07-06,2019-07-07T00:20Z,18206,Orlando Pride,15365,Washington Spirit,4,3,True,STATUS_FULL_TIME,https://www.espn.com/soccer/match/_/gameId/552716,,,True
2019,552717,regular-season,2019-07-06,2019-07-06,2019-07-07T00:00Z,15360,Chicago Red Stars,15364,Sky Blue FC,1,2,True,STATUS_FULL_TIME,https://www.espn.com/soccer/match/_/gameId/552717,,,True
2019,552715,regular-season,2019-07-12,2019-07-12,2019-07-12T23:30Z,15364,Sky Blue FC,19141,Utah Royals,1,0,True,STATUS_FULL_TIME,https://www.espn.com/soccer/match/_/gameId/552715,,,True
2019,552713,regular-season,2019-07-13,2019-07-13,2019-07-14T01:00Z,17346,Houston Dash,15360,Chicago Red Stars,0,1,True,STATUS_FULL_TIME,https://www.espn.com/soccer/match/_/gameId/552713,,,True
2019,552714,regular-season,2019-07-13,2019-07-13,2019-07-13T23:00Z,15366,North Carolina Courage,15363,Reign FC,2,0,True,STATUS_FULL_TIME,https://www.espn.com/soccer/match/_/gameId/552714,,,True
2019,552712,regular-season,2019-07-14,2019-07-14,2019-07-14T19:00Z,15362,Portland Thorns FC,18206,Orlando Pride,4,3,True,STATUS_FULL_TIME,https://www.espn.com/soccer/match/_/gameId/552712,,,True
2019,552711,regular-season,2019-07-19,2019-07-19,2019-07-20T02:00Z,19141,Utah Royals,15362,Portland Thorns FC,2,2,True,STATUS_FULL_TIME,https://www.espn.com/soccer/match/_/gameId/552711,,,True
2019,552709,regular-season,2019-07-20,2019-07-20,2019-07-20T23:30Z,18206,Orlando Pride,15364,Sky Blue FC,1,0,True,STATUS_FULL_TIME,https://www.espn.com/soccer/match/_/gameId/552709,,,True
2019,552710,regular-season,2019-07-20,2019-07-20,2019-07-21T00:00Z,15365,Washington Spirit,17346,Houston Dash,1,2,True,STATUS_FULL_TIME,https://www.espn.com/soccer/match/_/gameId/552710,,,True
2019,552708,regular-season,2019-07-21,2019-07-21,2019-07-21T22:00Z,15360,Chicago Red Stars,15366,North Carolina Courage,2,1,True,STATUS_FULL_TIME,https://www.espn.com/soccer/match/_/gameId/552708,,,True
2019,552706,regular-season,2019-07-24,2019-07-24,2019-07-25T02:30Z,15362,Portland Thorns FC,17346,Houston Dash,5,0,True,STATUS_FULL_TIME,https://www.espn.com/soccer/match/_/gameId/552706,,,True
2019,552707,regular-season,2019-07-24,2019-07-24,2019-07-24T23:30Z,15364,Sky Blue FC,15365,Washington Spirit,0,1,True,STATUS_FULL_TIME,https://www.espn.com/soccer/match/_/gameId/552707,,,True
2019,552705,regular-season,2019-07-27,2019-07-27,2019-07-28T02:00Z,19141,Utah Royals,15366,North Carolina Courage,1,2,True,STATUS_FULL_TIME,https://www.espn.com/soccer/match/_/gameId/552705,,,True
2019,552703,regular-season,2019-07-28,2019-07-28,2019-07-29T00:30Z,17346,Houston Dash,15364,Sky Blue FC,1,0,True,STATUS_FULL_TIME,https://www.espn.com/soccer/match/_/gameId/552703,,,True
2019,552704,regular-season,2019-07-28,2019-07-28,2019-07-28T20:00Z,15363,Reign FC,15360,Chicago Red Stars,0,4,True,STATUS_FULL_TIME,https://www.espn.com/soccer/match/_/gameId/552704,,,True
2019,552701,regular-season,2019-08-02,2019-08-02,2019-08-02T23:00Z,17346,Houston Dash,15363,Reign FC,0,1,True,STATUS_FULL_TIME,https://www.espn.com/soccer/match/_/gameId/552701,,,True
2019,552699,regular-season,2019-08-03,2019-08-03,2019-08-04T03:00Z,15362,Portland Thorns FC,15364,Sky Blue FC,1,1,True,STATUS_FULL_TIME,https://www.espn.com/soccer/match/_/gameId/552699,,,True
2019,552700,regular-season,2019-08-03,2019-08-03,2019-08-04T00:00Z,15360,Chicago Red Stars,19141,Utah Royals,2,0,True,STATUS_FULL_TIME,https://www.espn.com/soccer/match/_/gameId/552700,,,True
2019,552702,regular-season,2019-08-03,2019-08-03,2019-08-03T20:00Z,15366,North Carolina Courage,15365,Washington Spirit,1,0,True,STATUS_FULL_TIME,https://www.espn.com/soccer/match/_/gameId/552702,,,True
2019,552697,regular-season,2019-08-07,2019-08-07,2019-08-08T02:00Z,15363,Reign FC,15362,Portland Thorns FC,1,0,True,STATUS_FULL_TIME,https://www.espn.com/soccer/match/_/gameId/552697,,,True
2019,552698,regular-season,2019-08-07,2019-08-07,2019-08-08T02:00Z,19141,Utah Royals,15364,Sky Blue FC,3,0,True,STATUS_FULL_TIME,https://www.espn.com/soccer/match/_/gameId/552698,,,True
2019,552695,regular-season,2019-08-10,2019-08-10,2019-08-10T23:30Z,18206,Orlando Pride,17346,Houston Dash,0,1,True,STATUS_FULL_TIME,https://www.espn.com/soccer/match/_/gameId/552695,,,True
2019,552696,regular-season,2019-08-10,2019-08-10,2019-08-10T23:00Z,15365,Washington Spirit,15360,Chicago Red Stars,0,1,True,STATUS_FULL_TIME,https://www.espn.com/soccer/match/_/gameId/552696,,,True
2019,552693,regular-season,2019-08-11,2019-08-11,2019-08-11T20:00Z,15363,Reign FC,19141,Utah Royals,1,3,True,STATUS_FULL_TIME,https://www.espn.com/soccer/match/_/gameId/552693,,,True
2019,552694,regular-season,2019-08-11,2019-08-11,2019-08-11T19:00Z,15362,Portland Thorns FC,15366,North Carolina Courage,2,1,True,STATUS_FULL_TIME,https://www.espn.com/soccer/match/_/gameId/552694,,,True
2019,552692,regular-season,2019-08-14,2019-08-14,2019-08-14T23:00Z,15364,Sky Blue FC,15360,Chicago Red Stars,2,1,True,STATUS_FULL_TIME,https://www.espn.com/soccer/match/_/gameId/552692,,,True
2019,552690,regular-season,2019-08-17,2019-08-17,2019-08-18T02:30Z,15362,Portland Thorns FC,15365,Washington Spirit,3,1,True,STATUS_FULL_TIME,https://www.espn.com/soccer/match/_/gameId/552690,,,True
2019,552691,regular-season,2019-08-17,2019-08-17,2019-08-17T23:30Z,18206,Orlando Pride,19141,Utah Royals,0,2,True,STATUS_FULL_TIME,https://www.espn.com/soccer/match/_/gameId/552691,,,True
2019,552689,regular-season,2019-08-18,2019-08-18,2019-08-18T17:00Z,15364,Sky Blue FC,15363,Reign FC,1,1,True,STATUS_FULL_TIME,https://www.espn.com/soccer/match/_/gameId/552689,,,True
2019,552687,regular-season,2019-08-21,2019-08-21,2019-08-21T23:30Z,15360,Chicago Red Stars,18206,Orlando Pride,1,2,True,STATUS_FULL_TIME,https://www.espn.com/soccer/match/_/gameId/552687,,,True
2019,552688,regular-season,2019-08-21,2019-08-21,2019-08-21T23:30Z,15365,Washington Spirit,19141,Utah Royals,0,0,True,STATUS_FULL_TIME,https://www.espn.com/soccer/match/_/gameId/552688,,,True
2019,552684,regular-season,2019-08-24,2019-08-24,2019-08-25T00:30Z,17346,Houston Dash,15364,Sky Blue FC,1,2,True,STATUS_FULL_TIME,https://www.espn.com/soccer/match/_/gameId/552684,,,True
2019,552685,regular-season,2019-08-24,2019-08-24,2019-08-24T23:30Z,15365,Washington Spirit,18206,Orlando Pride,2,1,True,STATUS_FULL_TIME,https://www.espn.com/soccer/match/_/gameId/552685,,,True
2019,552686,regular-season,2019-08-24,2019-08-24,2019-08-24T23:00Z,15366,North Carolina Courage,15363,Reign FC,1,0,True,STATUS_FULL_TIME,https://www.espn.com/soccer/match/_/gameId/552686,,,True
2019,552683,regular-season,2019-08-25,2019-08-25,2019-08-25T19:00Z,15362,Portland Thorns FC,15360,Chicago Red Stars,3,0,True,STATUS_FULL_TIME,https://www.espn.com/soccer/match/_/gameId/552683,,,True
2019,552681,regular-season,2019-09-06,2019-09-06,2019-09-07T01:30Z,19141,Utah Royals,15362,Portland Thorns FC,1,0,True,STATUS_FULL_TIME,https://www.espn.com/soccer/match/_/gameId/552681,,,True
2019,552679,regular-season,2019-09-07,2019-09-07,2019-09-08T02:00Z,15363,Reign FC,18206,Orlando Pride,3,1,True,STATUS_FULL_TIME,https://www.espn.com/soccer/match/_/gameId/552679,,,True
2019,552680,regular-season,2019-09-07,2019-09-07,2019-09-07T19:00Z,15364,Sky Blue FC,15366,North Carolina Courage,1,2,True,STATUS_FULL_TIME,https://www.espn.com/soccer/match/_/gameId/552680,,,True
2019,552678,regular-season,2019-09-08,2019-09-08,2019-09-08T22:00Z,15360,Chicago Red Stars,17346,Houston Dash,3,0,True,STATUS_FULL_TIME,https://www.espn.com/soccer/match/_/gameId/552678,,,True
2019,552676,regular-season,2019-09-11,2019-09-11,2019-09-12T02:30Z,15362,Portland Thorns FC,15366,North Carolina Courage,0,6,True,STATUS_FULL_TIME,https://www.espn.com/soccer/match/_/gameId/552676,,,True
2019,552677,regular-season,2019-09-11,2019-09-11,2019-09-11T23:00Z,18206,Orlando Pride,15360,Chicago Red Stars,0,1,True,STATUS_FULL_TIME,https://www.espn.com/soccer/match/_/gameId/552677,,,True
2019,552675,regular-season,2019-09-13,2019-09-13,2019-09-14T00:30Z,17346,Houston Dash,19141,Utah Royals,2,1,True,STATUS_FULL_TIME,https://www.espn.com/soccer/match/_/gameId/552675,,,True
2019,552673,regular-season,2019-09-14,2019-09-14,2019-09-14T23:30Z,15365,Washington Spirit,15363,Reign FC,2,2,True,STATUS_FULL_TIME,https://www.espn.com/soccer/match/_/gameId/552673,,,True
2019,552674,regular-season,2019-09-14,2019-09-14,2019-09-14T23:00Z,15366,North Carolina Courage,18206,Orlando Pride,6,1,True,STATUS_FULL_TIME,https://www.espn.com/soccer/match/_/gameId/552674,,,True
2019,552672,regular-season,2019-09-15,2019-09-15,2019-09-15T21:00Z,15364,Sky Blue FC,15360,Chicago Red Stars,0,3,True,STATUS_FULL_TIME,https://www.espn.com/soccer/match/_/gameId/552672,,,True
2019,552671,regular-season,2019-09-17,2019-09-17,2019-09-17T23:30Z,15366,North Carolina Courage,17346,Houston Dash,1,0,True,STATUS_FULL_TIME,https://www.espn.com/soccer/match/_/gameId/552671,,,True
2019,552666,regular-season,2019-09-21,2019-09-21,2019-09-22T02:30Z,15362,Portland Thorns FC,17346,Houston Dash,1,0,True,STATUS_FULL_TIME,https://www.espn.com/soccer/match/_/gameId/552666,,,True
2019,552667,regular-season,2019-09-21,2019-09-21,2019-09-22T02:00Z,15363,Reign FC,15364,Sky Blue FC,0,1,True,STATUS_FULL_TIME,https://www.espn.com/soccer/match/_/gameId/552667,,,True
2019,552668,regular-season,2019-09-21,2019-09-21,2019-09-22T01:00Z,19141,Utah Royals,15366,North Carolina Courage,0,3,True,STATUS_FULL_TIME,https://www.espn.com/soccer/match/_/gameId/552668,,,True
2019,552669,regular-season,2019-09-21,2019-09-21,2019-09-22T00:00Z,15360,Chicago Red Stars,15365,Washington Spirit,3,1,True,STATUS_FULL_TIME,https://www.espn.com/soccer/match/_/gameId/552669,,,True
2019,552665,regular-season,2019-09-25,2019-09-25,2019-09-26T01:00Z,17346,Houston Dash,15365,Washington Spirit,0,0,True,STATUS_FULL_TIME,https://www.espn.com/soccer/match/_/gameId/552665,,,True
2019,552670,regular-season,2019-09-25,2019-09-25,2019-09-26T02:00Z,15363,Reign FC,19141,Utah Royals,2,1,True,STATUS_FULL_TIME,https://www.espn.com/soccer/match/_/gameId/552670,,,True
2019,552663,regular-season,2019-09-28,2019-09-28,2019-09-29T00:00Z,15360,Chicago Red Stars,19141,Utah Royals,2,1,True,STATUS_FULL_TIME,https://www.espn.com/soccer/match/_/gameId/552663,,,True
2019,552664,regular-season,2019-09-28,2019-09-28,2019-09-28T23:00Z,15365,Washington Spirit,15366,North Carolina Courage,2,1,True,STATUS_FULL_TIME,https://www.espn.com/soccer/match/_/gameId/552664,,,True
2019,552661,regular-season,2019-09-29,2019-09-29,2019-09-29T18:00Z,15363,Reign FC,15362,Portland Thorns FC,2,0,True,STATUS_FULL_TIME,https://www.espn.com/soccer/match/_/gameId/552661,,,True
2019,552662,regular-season,2019-09-29,2019-09-29,2019-09-29T15:00Z,15364,Sky Blue FC,18206,Orlando Pride,1,1,True,STATUS_FULL_TIME,https://www.espn.com/soccer/match/_/gameId/552662,,,True
2019,552682,regular-season,2019-10-05,2019-10-05,2019-10-05T21:00Z,18206,Orlando Pride,15365,Washington Spirit,0,3,True,STATUS_FULL_TIME,https://www.espn.com/soccer/match/_/gameId/552682,,,True
2019,552657,regular-season,2019-10-12,2019-10-12,2019-10-13T02:30Z,15362,Portland Thorns FC,15365,Washington Spirit,0,0,True,STATUS_FULL_TIME,https://www.espn.com/soccer/match/_/gameId/552657,,,True
2019,552658,regular-season,2019-10-12,2019-10-12,2019-10-13T01:00Z,19141,Utah Royals,17346,Houston Dash,2,1,True,STATUS_FULL_TIME,https://www.espn.com/soccer/match/_/gameId/552658,,,True
2019,552659,regular-season,2019-10-12,2019-10-12,2019-10-12T23:30Z,18206,Orlando Pride,15363,Reign FC,2,2,True,STATUS_FULL_TIME,https://www.espn.com/soccer/match/_/gameId/552659,,,True
2019,552660,regular-season,2019-10-12,2019-10-12,2019-10-12T23:00Z,15366,North Carolina Courage,15364,Sky Blue FC,3,2,True,STATUS_FULL_TIME,https://www.espn.com/soccer/match/_/gameId/552660,,,True
2019,558162,semifinals,2019-10-20,2019-10-20,2019-10-20T19:30Z,15360,Chicago Red Stars,15362,Portland Thorns FC,1,0,True,STATUS_FULL_TIME,https://www.espn.com/soccer/match/_/gameId/558162,,,False
2019,558163,semifinals,2019-10-20,2019-10-20,2019-10-20T17:30Z,15366,North Carolina Courage,15363,Reign FC,4,1,True,STATUS_FINAL_AET,https://www.espn.com/soccer/match/_/gameId/558163,,,False
2019,558560,final,2019-10-27,2019-10-27,2019-10-27T19:30Z,15366,North Carolina Courage,15360,Chicago Red Stars,4,0,True,STATUS_FULL_TIME,https://www.espn.com/soccer/match/_/gameId/558560,,,False
2021,601841,regular-season,2021-05-15,2021-05-15,2021-05-16T02:00Z,15363,OL Reign,15366,North Carolina Courage,0,0,True,STATUS_FULL_TIME,https://www.espn.com/soccer/match/_/gameId/601841,,,True
2021,601842,regular-season,2021-05-15,2021-05-15,2021-05-15T23:00Z,15364,Gotham FC,17346,Houston Dash,1,0,True,STATUS_FULL_TIME,https://www.espn.com/soccer/match/_/gameId/601842,,,True
2021,601843,regular-season,2021-05-15,2021-05-15,2021-05-15T21:00Z,20905,Racing Louisville FC,20907,Kansas City NWSL,0,0,True,STATUS_FULL_TIME,https://www.espn.com/soccer/match/_/gameId/601843,,,True
2021,601839,regular-season,2021-05-16,2021-05-16,2021-05-16T23:00Z,15362,Portland Thorns FC,15360,Chicago Red Stars,5,0,True,STATUS_FULL_TIME,https://www.espn.com/soccer/match/_/gameId/601839,,,True
2021,601840,regular-season,2021-05-16,2021-05-16,2021-05-16T22:00Z,18206,Orlando Pride,15365,Washington Spirit,1,1,True,STATUS_FULL_TIME,https://www.espn.com/soccer/match/_/gameId/601840,,,True
2021,601838,regular-season,2021-05-21,2021-05-21,2021-05-21T23:30Z,20905,Racing Louisville FC,15365,Washington Spirit,2,0,True,STATUS_FULL_TIME,https://www.espn.com/soccer/match/_/gameId/601838,,,True
2021,601836,regular-season,2021-05-22,2021-05-22,2021-05-23T00:00Z,15360,Chicago Red Stars,15364,Gotham FC,0,0,True,STATUS_FULL_TIME,https://www.espn.com/soccer/match/_/gameId/601836,,,True
2021,601837,regular-season,2021-05-22,2021-05-22,2021-05-22T23:00Z,15366,North Carolina Courage,18206,Orlando Pride,1,2,True,STATUS_FULL_TIME,https://www.espn.com/soccer/match/_/gameId/601837,,,True
2021,601834,regular-season,2021-05-23,2021-05-23,2021-05-23T22:00Z,15362,Portland Thorns FC,15363,OL Reign,1,2,True,STATUS_FULL_TIME,https://www.espn.com/soccer/match/_/gameId/601834,,,True
2021,601835,regular-season,2021-05-23,2021-05-23,2021-05-23T23:00Z,17346,Houston Dash,20907,Kansas City NWSL,2,2,True,STATUS_FULL_TIME,https://www.espn.com/soccer/match/_/gameId/601835,,,True
2021,601831,regular-season,2021-05-26,2021-05-26,2021-05-27T00:00Z,20907,Kansas City NWSL,15360,Chicago Red Stars,0,2,True,STATUS_FULL_TIME,https://www.espn.com/soccer/match/_/gameId/601831,,,True
2021,601832,regular-season,2021-05-26,2021-05-26,2021-05-27T00:30Z,15365,Washington Spirit,17346,Houston Dash,2,1,True,STATUS_FULL_TIME,https://www.espn.com/soccer/match/_/gameId/601832,,,True
2021,601833,regular-season,2021-05-26,2021-05-26,2021-05-26T23:00Z,18206,Orlando Pride,15362,Portland Thorns FC,2,1,True,STATUS_FULL_TIME,https://www.espn.com/soccer/match/_/gameId/601833,,,True
2021,601830,regular-season,2021-05-28,2021-05-28,2021-05-28T23:00Z,15366,North Carolina Courage,20905,Racing Louisville FC,5,0,True,STATUS_FULL_TIME,https://www.espn.com/soccer/match/_/gameId/601830,,,True
2021,601829,regular-season,2021-05-29,2021-05-29,2021-05-29T23:30Z,17346,Houston Dash,15360,Chicago Red Stars,2,1,True,STATUS_FULL_TIME,https://www.espn.com/soccer/match/_/gameId/601829,,,True
2021,601826,regular-season,2021-05-30,2021-05-30,2021-05-30T23:00Z,15363,OL Reign,15365,Washington Spirit,0,1,True,STATUS_FULL_TIME,https://www.espn.com/soccer/match/_/gameId/601826,,,True
2021,601827,regular-season,2021-05-30,2021-05-30,2021-05-30T22:00Z,18206,Orlando Pride,20907,Kansas City NWSL,1,0,True,STATUS_FULL_TIME,https://www.espn.com/soccer/match/_/gameId/601827,,,True
2021,601828,regular-season,2021-05-30,2021-05-30,2021-05-30T19:00Z,15364,Gotham FC,15362,Portland Thorns FC,0,1,True,STATUS_FULL_TIME,https://www.espn.com/soccer/match/_/gameId/601828,,,True
2021,601823,regular-season,2021-06-05,2021-06-05,2021-06-06T02:30Z,15362,Portland Thorns FC,20905,Racing Louisville FC,3,0,True,STATUS_FULL_TIME,https://www.espn.com/soccer/match/_/gameId/601823,,,True
2021,601824,regular-season,2021-06-05,2021-06-05,2021-06-05T23:00Z,15364,Gotham FC,15363,OL Reign,1,0,True,STATUS_FULL_TIME,https://www.espn.com/soccer/match/_/gameId/601824,,,True
2021,601825,regular-season,2021-06-05,2021-06-05,2021-06-05T18:00Z,15360,Chicago Red Stars,15366,North Carolina Courage,1,0,True,STATUS_FULL_TIME,https://www.espn.com/soccer/match/_/gameId/601825,,,True
2021,601821,regular-season,2021-06-06,2021-06-06,2021-06-06T18:00Z,20907,Kansas City NWSL,17346,Houston Dash,0,1,True,STATUS_FULL_TIME,https://www.espn.com/soccer/match/_/gameId/601821,,,True
2021,601822,regular-season,2021-06-06,2021-06-06,2021-06-06T18:00Z,15365,Washington Spirit,18206,Orlando Pride,1,1,True,STATUS_FULL_TIME,https://www.espn.com/soccer/match/_/gameId/601822,,,True
2021,601819,regular-season,2021-06-19,2021-06-19,2021-06-20T00:00Z,15360,Chicago Red Stars,15365,Washington Spirit,1,1,True,STATUS_FULL_TIME,https://www.espn.com/soccer/match/_/gameId/601819,,,True
2021,601820,regular-season,2021-06-19,2021-06-19,2021-06-19T20:00Z,15366,North Carolina Courage,15363,OL Reign,2,1,True,STATUS_FULL_TIME,https://www.espn.com/soccer/match/_/gameId/601820,,,True
2021,601816,regular-season,2021-06-20,2021-06-20,2021-06-20T22:00Z,18206,Orlando Pride,15364,Gotham FC,1,1,True,STATUS_FULL_TIME,https://www.espn.com/soccer/match/_/gameId/601816,,,True
2021,601817,regular-season,2021-06-20,2021-06-20,2021-06-20T19:00Z,20905,Racing Louisville FC,17346,Houston Dash,1,0,True,STATUS_FULL_TIME,https://www.espn.com/soccer/match/_/gameId/601817,,,True
2021,601818,regular-season,2021-06-20,2021-06-20,2021-06-20T20:00Z,15362,Portland Thorns FC,20907,Kansas City NWSL,1,0,True,STATUS_FULL_TIME,https://www.espn.com/soccer/match/_/gameId/601818,,,True
2021,601815,regular-season,2021-06-22,2021-06-22,2021-06-23T02:00Z,15363,OL Reign,15360,Chicago Red Stars,2,0,True,STATUS_FULL_TIME,https://www.espn.com/soccer/match/_/gameId/601815,,,True
2021,601813,regular-season,2021-06-23,2021-06-23,2021-06-23T23:30Z,20905,Racing Louisville FC,15366,North Carolina Courage,0,2,True,STATUS_FULL_TIME,https://www.espn.com/soccer/match/_/gameId/601813,,,True
2021,601814,regular-season,2021-06-23,2021-06-23,2021-06-23T18:00Z,20907,Kansas City NWSL,18206,Orlando Pride,1,3,True,STATUS_FULL_TIME,https://www.espn.com/soccer/match/_/gameId/601814,,,True
2021,601808,regular-season,2021-06-26,2021-06-26,2021-06-27T00:00Z,17346,Houston Dash,18206,Orlando Pride,2,1,True,STATUS_FULL_TIME,https://www.espn.com/soccer/match/_/gameId/601808,,,True
2021,601809,regular-season,2021-06-26,2021-06-26,2021-06-27T00:30Z,20907,Kansas City NWSL,15365,Washington Spirit,1,2,True,STATUS_FULL_TIME,https://www.espn.com/soccer/match/_/gameId/601809,,,True
2021,601810,regular-season,2021-06-26,2021-06-26,2021-06-26T23:00Z,15366,North Carolina Courage,15362,Portland Thorns FC,2,0,True,STATUS_FULL_TIME,https://www.espn.com/soccer/match/_/gameId/601810,,,True
2021,601811,regular-season,2021-06-26,2021-06-26,2021-06-26T20:00Z,15363,OL Reign,15364,Gotham FC,0,3,True,STATUS_FULL_TIME,https://www.espn.com/soccer/match/_/gameId/601811,,,True
2021,601812,regular-season,2021-06-26,2021-06-26,2021-06-26T20:25Z,15360,Chicago Red Stars,20905,Racing Louisville FC,0,3,True,STATUS_FULL_TIME,https://www.espn.com/soccer/match/_/gameId/601812,,,True
2021,601805,regular-season,2021-07-02,2021-07-02,2021-07-03T00:30Z,17346,Houston Dash,15363,OL Reign,2,0,True,STATUS_FULL_TIME,https://www.espn.com/soccer/match/_/gameId/601805,,,True
2021,601806,regular-season,2021-07-02,2021-07-02,2021-07-02T23:30Z,15365,Washington Spirit,15360,Chicago Red Stars,0,1,True,STATUS_FULL_TIME,https://www.espn.com/soccer/match/_/gameId/601806,,,True
2021,601807,regular-season,2021-07-02,2021-07-02,2021-07-03T02:20Z,15364,Gotham FC,20907,Kansas City NWSL,1,1,True,STATUS_FULL_TIME,https://www.espn.com/soccer/match/_/gameId/601807,,,True
2021,601804,regular-season,2021-07-03,2021-07-03,2021-07-03T23:30Z,20905,Racing Louisville FC,15362,Portland Thorns FC,0,2,True,STATUS_FULL_TIME,https://www.espn.com/soccer/match/_/gameId/601804,,,True
2021,601803,regular-season,2021-07-04,2021-07-04,2021-07-04T22:00Z,18206,Orlando Pride,15366,North Carolina Courage,0,2,True,STATUS_FULL_TIME,https://www.espn.com/soccer/match/_/gameId/601803,,,True
2021,601802,regular-season,2021-07-09,2021-07-09,2021-07-09T23:00Z,18206,Orlando Pride,20905,Racing Louisville FC,1,1,True,STATUS_FULL_TIME,https://www.espn.com/soccer/match/_/gameId/601802,,,True
2021,601801,regular-season,2021-07-10,2021-07-10,2021-07-10T23:00Z,15365,Washington Spirit,15366,North Carolina Courage,2,0,True,STATUS_FULL_TIME,https://www.espn.com/soccer/match/_/gameId/601801,,,True
2021,601798,regular-season,2021-07-11,2021-07-11,2021-07-11T23:00Z,15363,OL Reign,20907,Kansas City NWSL,2,0,True,STATUS_FULL_TIME,https://www.espn.com/soccer/match/_/gameId/601798,,,True
2021,601799,regular-season,2021-07-11,2021-07-11,2021-07-11T22:00Z,15360,Chicago Red Stars,17346,Houston Dash,2,1,True,STATUS_FULL_TIME,https://www.espn.com/soccer/match/_/gameId/601799,,,True
2021,601800,regular-season,2021-07-11,2021-07-11,2021-07-11T19:00Z,15362,Portland Thorns FC,15364,Gotham FC,0,0,True,STATUS_FULL_TIME,https://www.espn.com/soccer/match/_/gameId/601800,,,True
2021,601797,regular-season,2021-07-17,2021-07-17,2021-07-17T23:00Z,15366,North Carolina Courage,17346,Houston Dash,1,2,True,STATUS_FULL_TIME,https://www.espn.com/soccer/match/_/gameId/601797,,,True
2021,601794,regular-season,2021-07-18,2021-07-18,2021-07-19T02:30Z,15362,Portland Thorns FC,18206,Orlando Pride,2,1,True,STATUS_FULL_TIME,https://www.espn.com/soccer/match/_/gameId/601794,,,True
2021,601795,regular-season,2021-07-18,2021-07-18,2021-07-18T22:00Z,15360,Chicago Red Stars,15363,OL Reign,3,1,True,STATUS_FULL_TIME,https://www.espn.com/soccer/match/_/gameId/601795,,,True
2021,601796,regular-season,2021-07-18,2021-07-18,2021-07-18T21:00Z,15365,Washington Spirit,15364,Gotham FC,2,3,True,STATUS_FULL_TIME,https://www.espn.com/soccer/match/_/gameId/601796,,,True
2021,601793,regular-season,2021-07-23,2021-07-23,2021-07-24T00:00Z,20907,Kansas City NWSL,15366,North Carolina Courage,0,0,True,STATUS_FULL_TIME,https://www.espn.com/soccer/match/_/gameId/601793,,,True
2021,601791,regular-season,2021-07-24,2021-07-24,2021-07-25T00:30Z,17346,Houston Dash,15362,Portland Thorns FC,0,1,True,STATUS_FULL_TIME,https://www.espn.com/soccer/match/_/gameId/601791,,,True
2021,601792,regular-season,2021-07-24,2021-07-24,2021-07-24T23:00Z,18206,Orlando Pride,15363,OL Reign,0,2,True,STATUS_FULL_TIME,https://www.espn.com/soccer/match/_/gameId/601792,,,True
2021,601789,regular-season,2021-07-25,2021-07-25,2021-07-25T21:00Z,15364,Gotham FC,15360,Chicago Red Stars,2,1,True,STATUS_FULL_TIME,https://www.espn.com/soccer/match/_/gameId/601789,,,True
2021,601790,regular-season,2021-07-25,2021-07-25,2021-07-25T23:30Z,20905,Racing Louisville FC,15365,Washington Spirit,0,2,True,STATUS_FULL_TIME,https://www.espn.com/soccer/match/_/gameId/601790,,,True
2021,601787,regular-season,2021-07-31,2021-07-31,2021-08-01T02:00Z,15363,OL Reign,20905,Racing Louisville FC,2,0,True,STATUS_FULL_TIME,https://www.espn.com/soccer/match/_/gameId/601787,,,True
2021,601788,regular-season,2021-07-31,2021-07-31,2021-07-31T23:00Z,15366,North Carolina Courage,18206,Orlando Pride,1,1,True,STATUS_FULL_TIME,https://www.espn.com/soccer/match/_/gameId/601788,,,True
2021,601784,regular-season,2021-08-01,2021-08-01,2021-08-01T23:00Z,17346,Houston Dash,15364,Gotham FC,1,1,True,STATUS_FULL_TIME,https://www.espn.com/soccer/match/_/gameId/601784,,,True
2021,601785,regular-season,2021-08-01,2021-08-01,2021-08-01T22:00Z,15360,Chicago Red Stars,15365,Washington Spirit,3,1,True,STATUS_FULL_TIME,https://www.espn.com/soccer/match/_/gameId/601785,,,True
2021,601786,regular-season,2021-08-01,2021-08-01,2021-08-01T19:00Z,15362,Portland Thorns FC,20907,Kansas City NWSL,2,0,True,STATUS_FULL_TIME,https://www.espn.com/soccer/match/_/gameId/601786,,,True
2021,601781,regular-season,2021-08-07,2021-08-07,2021-08-08T02:00Z,15363,OL Reign,17346,Houston Dash,5,1,True,STATUS_FULL_TIME,https://www.espn.com/soccer/match/_/gameId/601781,,,True
2021,601782,regular-season,2021-08-07,2021-08-07,2021-08-07T23:00Z,15364,Gotham FC,15366,North Carolina Courage,0,1,True,STATUS_FULL_TIME,https://www.espn.com/soccer/match/_/gameId/601782,,,True
2021,601783,regular-season,2021-08-07,2021-08-07,2021-08-07T23:30Z,15365,Washington Spirit,15362,Portland Thorns FC,0,1,True,STATUS_FULL_TIME,https://www.espn.com/soccer/match/_/gameId/601783,,,True
2021,601779,regular-season,2021-08-08,2021-08-08,2021-08-08T22:00Z,15360,Chicago Red Stars,18206,Orlando Pride,0,2,True,STATUS_FULL_TIME,https://www.espn.com/soccer/match/_/gameId/601779,,,True
2021,601780,regular-season,2021-08-08,2021-08-08,2021-08-08T19:00Z,20905,Racing Louisville FC,20907,Kansas City NWSL,3,1,True,STATUS_FULL_TIME,https://www.espn.com/soccer/match/_/gameId/601780,,,True
2021,601778,regular-season,2021-08-13,2021-08-13,2021-08-14T00:30Z,17346,Houston Dash,15365,Washington Spirit,2,2,True,STATUS_FULL_TIME,https://www.espn.com/soccer/match/_/gameId/601778,,,True
2021,601776,regular-season,2021-08-14,2021-08-14,2021-08-15T00:00Z,20907,Kansas City NWSL,15363,OL Reign,1,0,True,STATUS_FULL_TIME,https://www.espn.com/soccer/match/_/gameId/601776,,,True
2021,601777,regular-season,2021-08-14,2021-08-14,2021-08-14T23:00Z,18206,Orlando Pride,15362,Portland Thorns FC,1,1,True,STATUS_FULL_TIME,https://www.espn.com/soccer/match/_/gameId/601777,,,True
2021,601774,regular-season,2021-08-15,2021-08-15,2021-08-15T22:45Z,15366,North Carolina Courage,15360,Chicago Red Stars,1,0,True,STATUS_FULL_TIME,https://www.espn.com/soccer/match/_/gameId/601774,,,True
2021,601775,regular-season,2021-08-15,2021-08-15,2021-08-15T21:00Z,15364,Gotham FC,20905,Racing Louisville FC,1,1,True,STATUS_FULL_TIME,https://www.espn.com/soccer/match/_/gameId/601775,,,True
2021,601773,regular-season,2021-08-18,2021-08-18,2021-08-19T00:05Z,20905,Racing Louisville FC,15360,Chicago Red Stars,1,1,True,STATUS_FULL_TIME,https://www.espn.com/soccer/match/_/gameId/601773,,,True
2021,601771,regular-season,2021-08-21,2021-08-21,2021-08-22T02:00Z,15363,OL Reign,15364,Gotham FC,3,2,True,STATUS_FULL_TIME,https://www.espn.com/soccer/match/_/gameId/601771,,,True
2021,601772,regular-season,2021-08-21,2021-08-21,2021-08-21T23:00Z,15366,North Carolina Courage,20907,Kansas City NWSL,4,0,True,STATUS_FULL_TIME,https://www.espn.com/soccer/match/_/gameId/601772,,,True
2021,601770,regular-season,2021-08-22,2021-08-22,2021-08-22T20:00Z,15365,Washington Spirit,18206,Orlando Pride,2,1,True,STATUS_FULL_TIME,https://www.espn.com/soccer/match/_/gameId/601770,,,True
2021,601768,regular-season,2021-08-25,2021-08-25,2021-08-26T02:30Z,15362,Portland Thorns FC,15364,Gotham FC,2,1,True,STATUS_FULL_TIME,https://www.espn.com/soccer/match/_/gameId/601768,,,True
2021,601769,regular-season,2021-08-25,2021-08-25,2021-08-26T00:00Z,20907,Kansas City NWSL,20905,Racing Louisville FC,2,1,True,STATUS_FULL_TIME,https://www.espn.com/soccer/match/_/gameId/601769,,,True
2021,601767,regular-season,2021-08-28,2021-08-28,2021-08-29T00:00Z,15360,Chicago Red Stars,20907,Kansas City NWSL,3,0,True,STATUS_FULL_TIME,https://www.espn.com/soccer/match/_/gameId/601767,,,True
2021,601763,regular-season,2021-08-29,2021-08-29,2021-08-29T23:00Z,15363,OL Reign,15362,Portland Thorns FC,2,1,True,STATUS_FULL_TIME,https://www.espn.com/soccer/match/_/gameId/601763,,,True
2021,601764,regular-season,2021-08-29,2021-08-29,2021-08-29T23:30Z,17346,Houston Dash,20905,Racing Louisville FC,1,0,True,STATUS_FULL_TIME,https://www.espn.com/soccer/match/_/gameId/601764,,,True
2021,601765,regular-season,2021-08-29,2021-08-29,2021-08-29T21:00Z,15365,Washington Spirit,15366,North Carolina Courage,0,0,True,STATUS_FULL_TIME,https://www.espn.com/soccer/match/_/gameId/601765,,,True
2021,601766,regular-season,2021-08-29,2021-08-29,2021-08-29T21:30Z,15364,Gotham FC,18206,Orlando Pride,0,1,True,STATUS_FULL_TIME,https://www.espn.com/soccer/match/_/gameId/601766,,,True
2021,601762,regular-season,2021-09-01,2021-09-01,2021-09-02T00:00Z,17346,Houston Dash,15363,OL Reign,0,1,True,STATUS_FULL_TIME,https://www.espn.com/soccer/match/_/gameId/601762,,,True
2021,601759,regular-season,2021-09-04,2021-09-16,2021-09-05T02:30Z,15362,Portland Thorns FC,15365,Washington Spirit,3,0,True,STATUS_FULL_TIME,https://www.espn.com/soccer/match/_/gameId/601759,https://www.nwslsoccer.com/news/nwsl-announces-fines-to-washington-spirit,Feed reports 0-0. Official September 16 ruling awarded Portland a 3-0 forfeit win. Do not make this result available to earlier snapshots.,True
2021,601760,regular-season,2021-09-04,2021-09-04,2021-09-04T23:30Z,20905,Racing Louisville FC,15363,OL Reign,1,1,True,STATUS_FULL_TIME,https://www.espn.com/soccer/match/_/gameId/601760,,,True
2021,601761,regular-season,2021-09-04,2021-09-04,2021-09-04T23:00Z,15364,Gotham FC,15360,Chicago Red Stars,0,0,True,STATUS_FULL_TIME,https://www.espn.com/soccer/match/_/gameId/601761,,,True
2021,601757,regular-season,2021-09-05,2021-09-05,2021-09-05T23:00Z,20907,Kansas City NWSL,15366,North Carolina Courage,0,0,True,STATUS_FULL_TIME,https://www.espn.com/soccer/match/_/gameId/601757,,,True
2021,601758,regular-season,2021-09-05,2021-09-05,2021-09-05T20:00Z,18206,Orlando Pride,17346,Houston Dash,1,1,True,STATUS_FULL_TIME,https://www.espn.com/soccer/match/_/gameId/601758,,,True
2021,601755,regular-season,2021-09-10,2021-09-10,2021-09-11T00:30Z,17346,Houston Dash,15360,Chicago Red Stars,1,1,True,STATUS_FULL_TIME,https://www.espn.com/soccer/match/_/gameId/601755,,,True
2021,601754,regular-season,2021-09-11,2021-09-11,2021-09-11T23:00Z,18206,Orlando Pride,20905,Racing Louisville FC,3,1,True,STATUS_FULL_TIME,https://www.espn.com/soccer/match/_/gameId/601754,,,True
2021,601752,regular-season,2021-09-12,2021-09-12,2021-09-12T19:00Z,15366,North Carolina Courage,15362,Portland Thorns FC,0,1,True,STATUS_FULL_TIME,https://www.espn.com/soccer/match/_/gameId/601752,,,True
2021,601753,regular-season,2021-09-12,2021-09-12,2021-09-12T21:00Z,15365,Washington Spirit,15363,OL Reign,0,3,True,STATUS_FULL_TIME,https://www.espn.com/soccer/match/_/gameId/601753,,,True
2021,601750,regular-season,2021-09-25,2021-09-25,2021-09-26T00:00Z,15360,Chicago Red Stars,15362,Portland Thorns FC,2,1,True,STATUS_FULL_TIME,https://www.espn.com/soccer/match/_/gameId/601750,,,True
2021,601751,regular-season,2021-09-25,2021-09-25,2021-09-25T19:00Z,15364,Gotham FC,15366,North Carolina Courage,3,1,True,STATUS_FULL_TIME,https://www.espn.com/soccer/match/_/gameId/601751,,,True
2021,601747,regular-season,2021-09-26,2021-09-26,2021-09-26T23:00Z,15363,OL Reign,18206,Orlando Pride,3,0,True,STATUS_FULL_TIME,https://www.espn.com/soccer/match/_/gameId/601747,,,True
2021,601748,regular-season,2021-09-26,2021-09-26,2021-09-26T21:00Z,15365,Washington Spirit,20907,Kansas City NWSL,2,1,True,STATUS_FULL_TIME,https://www.espn.com/soccer/match/_/gameId/601748,,,True
2021,601749,regular-season,2021-09-26,2021-09-26,2021-09-26T19:00Z,20905,Racing Louisville FC,17346,Houston Dash,0,4,True,STATUS_FULL_TIME,https://www.espn.com/soccer/match/_/gameId/601749,,,True
2021,601739,regular-season,2021-10-06,2021-10-06,2021-10-07T02:00Z,15362,Portland Thorns FC,17346,Houston Dash,2,3,True,STATUS_FULL_TIME,https://www.espn.com/soccer/match/_/gameId/601739,,,True
2021,601740,regular-season,2021-10-06,2021-10-06,2021-10-06T23:30Z,15366,North Carolina Courage,20905,Racing Louisville FC,3,1,True,STATUS_FULL_TIME,https://www.espn.com/soccer/match/_/gameId/601740,,,True
2021,601741,regular-season,2021-10-06,2021-10-06,2021-10-06T23:00Z,15364,Gotham FC,15365,Washington Spirit,0,0,True,STATUS_FULL_TIME,https://www.espn.com/soccer/match/_/gameId/601741,,,True
2021,601737,regular-season,2021-10-09,2021-10-09,2021-10-09T23:00Z,18206,Orlando Pride,15364,Gotham FC,2,3,True,STATUS_FULL_TIME,https://www.espn.com/soccer/match/_/gameId/601737,,,True
2021,601738,regular-season,2021-10-09,2021-10-09,2021-10-09T23:30Z,15365,Washington Spirit,20905,Racing Louisville FC,3,0,True,STATUS_FULL_TIME,https://www.espn.com/soccer/match/_/gameId/601738,,,True
2021,601734,regular-season,2021-10-10,2021-10-10,2021-10-10T23:00Z,15363,OL Reign,15360,Chicago Red Stars,3,2,True,STATUS_FULL_TIME,https://www.espn.com/soccer/match/_/gameId/601734,,,True
2021,601735,regular-season,2021-10-10,2021-10-10,2021-10-10T21:00Z,20907,Kansas City NWSL,15362,Portland Thorns FC,0,0,True,STATUS_FULL_TIME,https://www.espn.com/soccer/match/_/gameId/601735,,,True
2021,601736,regular-season,2021-10-10,2021-10-10,2021-10-10T23:00Z,17346,Houston Dash,15366,North Carolina Courage,4,1,True,STATUS_FULL_TIME,https://www.espn.com/soccer/match/_/gameId/601736,,,True
2021,601742,regular-season,2021-10-13,2021-10-13,2021-10-14T02:30Z,15362,Portland Thorns FC,15363,OL Reign,1,1,True,STATUS_FULL_TIME,https://www.espn.com/soccer/match/_/gameId/601742,,,True
2021,601743,regular-season,2021-10-13,2021-10-13,2021-10-14T00:00Z,20907,Kansas City NWSL,17346,Houston Dash,3,0,True,STATUS_FULL_TIME,https://www.espn.com/soccer/match/_/gameId/601743,,,True
2021,601744,regular-season,2021-10-13,2021-10-13,2021-10-14T00:00Z,15360,Chicago Red Stars,18206,Orlando Pride,1,0,True,STATUS_FULL_TIME,https://www.espn.com/soccer/match/_/gameId/601744,,,True
2021,601746,regular-season,2021-10-13,2021-10-13,2021-10-13T23:30Z,15366,North Carolina Courage,15365,Washington Spirit,1,2,True,STATUS_FULL_TIME,https://www.espn.com/soccer/match/_/gameId/601746,,,True
2021,601731,regular-season,2021-10-16,2021-10-16,2021-10-17T02:00Z,15363,OL Reign,15365,Washington Spirit,0,2,True,STATUS_FULL_TIME,https://www.espn.com/soccer/match/_/gameId/601731,,,True
2021,601732,regular-season,2021-10-16,2021-10-16,2021-10-17T00:00Z,15360,Chicago Red Stars,20907,Kansas City NWSL,2,1,True,STATUS_FULL_TIME,https://www.espn.com/soccer/match/_/gameId/601732,,,True
2021,601733,regular-season,2021-10-16,2021-10-16,2021-10-16T23:30Z,20905,Racing Louisville FC,18206,Orlando Pride,3,1,True,STATUS_FULL_TIME,https://www.espn.com/soccer/match/_/gameId/601733,,,True
2021,601729,regular-season,2021-10-17,2021-10-17,2021-10-17T23:00Z,17346,Houston Dash,15362,Portland Thorns FC,0,1,True,STATUS_FULL_TIME,https://www.espn.com/soccer/match/_/gameId/601729,,,True
2021,601730,regular-season,2021-10-17,2021-10-17,2021-10-17T18:00Z,15366,North Carolina Courage,15364,Gotham FC,0,3,True,STATUS_FULL_TIME,https://www.espn.com/soccer/match/_/gameId/601730,,,True
2021,601756,regular-season,2021-10-22,2021-10-22,2021-10-23T00:00Z,20907,Kansas City NWSL,15364,Gotham FC,1,1,True,STATUS_FULL_TIME,https://www.espn.com/soccer/match/_/gameId/601756,,,True
2021,601745,regular-season,2021-10-28,2021-10-28,2021-10-28T23:30Z,20905,Racing Louisville FC,15364,Gotham FC,1,1,True,STATUS_FULL_TIME,https://www.espn.com/soccer/match/_/gameId/601745,,,True
2021,601728,regular-season,2021-10-29,2021-10-29,2021-10-29T23:00Z,18206,Orlando Pride,15360,Chicago Red Stars,0,1,True,STATUS_FULL_TIME,https://www.espn.com/soccer/match/_/gameId/601728,,,True
2021,601726,regular-season,2021-10-30,2021-10-30,2021-10-31T02:00Z,15362,Portland Thorns FC,15366,North Carolina Courage,0,0,True,STATUS_FULL_TIME,https://www.espn.com/soccer/match/_/gameId/601726,,,True
2021,601727,regular-season,2021-10-30,2021-10-30,2021-10-31T00:00Z,20907,Kansas City NWSL,15363,OL Reign,0,3,True,STATUS_FULL_TIME,https://www.espn.com/soccer/match/_/gameId/601727,,,True
2021,601724,regular-season,2021-10-31,2021-10-31,2021-10-31T18:00Z,15365,Washington Spirit,17346,Houston Dash,1,0,True,STATUS_FULL_TIME,https://www.espn.com/soccer/match/_/gameId/601724,,,True
2021,601725,regular-season,2021-10-31,2021-10-31,2021-10-31T19:00Z,15364,Gotham FC,20905,Racing Louisville FC,1,1,True,STATUS_FULL_TIME,https://www.espn.com/soccer/match/_/gameId/601725,,,True
2021,621414,first-round,2021-11-07,2021-11-07,2021-11-07T22:30Z,15365,Washington Spirit,15366,North Carolina Courage,1,0,True,STATUS_FINAL_AET,https://www.espn.com/soccer/match/_/gameId/621414,,,False
2021,621415,first-round,2021-11-07,2021-11-07,2021-11-07T20:00Z,15360,Chicago Red Stars,15364,Gotham FC,1,0,True,STATUS_FULL_TIME,https://www.espn.com/soccer/match/_/gameId/621415,,,False
2021,621412,semifinals,2021-11-14,2021-11-14,2021-11-14T22:30Z,15362,Portland Thorns FC,15360,Chicago Red Stars,0,2,True,STATUS_FULL_TIME,https://www.espn.com/soccer/match/_/gameId/621412,,,False
2021,621413,semifinals,2021-11-14,2021-11-14,2021-11-14T20:00Z,15363,OL Reign,15365,Washington Spirit,1,2,True,STATUS_FULL_TIME,https://www.espn.com/soccer/match/_/gameId/621413,,,False
2021,621801,final,2021-11-20,2021-11-20,2021-11-20T17:00Z,15365,Washington Spirit,15360,Chicago Red Stars,2,1,True,STATUS_FINAL_AET,https://www.espn.com/soccer/match/_/gameId/621801,,,False
2022,633211,regular-season,2022-04-29,2022-04-29,2022-04-30T02:30Z,21422,Angel City FC,15366,North Carolina Courage,2,1,True,STATUS_FULL_TIME,https://www.espn.com/soccer/match/_/gameId/633211,,,True
2022,633209,regular-season,2022-04-30,2022-04-30,2022-05-01T00:00Z,15360,Chicago Red Stars,20905,Racing Louisville FC,2,1,True,STATUS_FULL_TIME,https://www.espn.com/soccer/match/_/gameId/633209,,,True
2022,633210,regular-season,2022-04-30,2022-04-30,2022-04-30T22:00Z,15362,Portland Thorns FC,20907,Kansas City Current,3,0,True,STATUS_FULL_TIME,https://www.espn.com/soccer/match/_/gameId/633210,,,True
2022,633206,regular-season,2022-05-01,2022-05-01,2022-05-01T23:00Z,18206,Orlando Pride,15364,Gotham FC,0,3,True,STATUS_FULL_TIME,https://www.espn.com/soccer/match/_/gameId/633206,,,True
2022,633207,regular-season,2022-05-01,2022-05-01,2022-05-01T23:00Z,17346,Houston Dash,21423,San Diego Wave FC,0,1,True,STATUS_FULL_TIME,https://www.espn.com/soccer/match/_/gameId/633207,,,True
2022,633208,regular-season,2022-05-01,2022-05-01,2022-05-01T21:00Z,15365,Washington Spirit,15363,OL Reign,2,1,True,STATUS_FULL_TIME,https://www.espn.com/soccer/match/_/gameId/633208,,,True
2022,633203,regular-season,2022-05-07,2022-05-07,2022-05-08T02:00Z,21423,San Diego Wave FC,15364,Gotham FC,4,0,True,STATUS_FULL_TIME,https://www.espn.com/soccer/match/_/gameId/633203,,,True
2022,633200,regular-season,2022-05-08,2022-05-08,2022-05-09T00:00Z,21422,Angel City FC,18206,Orlando Pride,0,1,True,STATUS_FULL_TIME,https://www.espn.com/soccer/match/_/gameId/633200,,,True
2022,633201,regular-season,2022-05-08,2022-05-08,2022-05-08T22:00Z,15363,OL Reign,20905,Racing Louisville FC,2,2,True,STATUS_FULL_TIME,https://www.espn.com/soccer/match/_/gameId/633201,,,True
2022,633202,regular-season,2022-05-08,2022-05-08,2022-05-08T21:00Z,20907,Kansas City Current,17346,Houston Dash,0,2,True,STATUS_FULL_TIME,https://www.espn.com/soccer/match/_/gameId/633202,,,True
2022,633199,regular-season,2022-05-13,2022-05-13,2022-05-14T02:30Z,15362,Portland Thorns FC,15363,OL Reign,0,0,True,STATUS_FULL_TIME,https://www.espn.com/soccer/match/_/gameId/633199,,,True
2022,633196,regular-season,2022-05-14,2022-05-14,2022-05-15T00:00Z,20905,Racing Louisville FC,17346,Houston Dash,1,1,True,STATUS_FULL_TIME,https://www.espn.com/soccer/match/_/gameId/633196,,,True
2022,633198,regular-season,2022-05-14,2022-05-14,2022-05-14T22:30Z,18206,Orlando Pride,20907,Kansas City Current,2,2,True,STATUS_FULL_TIME,https://www.espn.com/soccer/match/_/gameId/633198,,,True
2022,633194,regular-season,2022-05-15,2022-05-15,2022-05-15T21:00Z,15365,Washington Spirit,21422,Angel City FC,0,1,True,STATUS_FULL_TIME,https://www.espn.com/soccer/match/_/gameId/633194,,,True
2022,633195,regular-season,2022-05-15,2022-05-15,2022-05-15T21:00Z,21423,San Diego Wave FC,15360,Chicago Red Stars,2,1,True,STATUS_FULL_TIME,https://www.espn.com/soccer/match/_/gameId/633195,,,True
2022,633191,regular-season,2022-05-18,2022-05-18,2022-05-19T02:00Z,15362,Portland Thorns FC,15365,Washington Spirit,1,1,True,STATUS_FULL_TIME,https://www.espn.com/soccer/match/_/gameId/633191,,,True
2022,633192,regular-season,2022-05-18,2022-05-18,2022-05-18T23:30Z,20905,Racing Louisville FC,21423,San Diego Wave FC,1,0,True,STATUS_FULL_TIME,https://www.espn.com/soccer/match/_/gameId/633192,,,True
2022,633193,regular-season,2022-05-18,2022-05-18,2022-05-18T23:00Z,15366,North Carolina Courage,18206,Orlando Pride,1,2,True,STATUS_FULL_TIME,https://www.espn.com/soccer/match/_/gameId/633193,,,True
2022,633189,regular-season,2022-05-21,2022-05-21,2022-05-22T02:30Z,21422,Angel City FC,20907,Kansas City Current,1,0,True,STATUS_FULL_TIME,https://www.espn.com/soccer/match/_/gameId/633189,,,True
2022,633190,regular-season,2022-05-21,2022-05-21,2022-05-21T22:00Z,15362,Portland Thorns FC,17346,Houston Dash,0,2,True,STATUS_FULL_TIME,https://www.espn.com/soccer/match/_/gameId/633190,,,True
2022,633185,regular-season,2022-05-22,2022-05-22,2022-05-22T23:00Z,18206,Orlando Pride,15360,Chicago Red Stars,2,4,True,STATUS_FULL_TIME,https://www.espn.com/soccer/match/_/gameId/633185,,,True
2022,633186,regular-season,2022-05-22,2022-05-22,2022-05-22T22:00Z,15363,OL Reign,15365,Washington Spirit,0,0,True,STATUS_FULL_TIME,https://www.espn.com/soccer/match/_/gameId/633186,,,True
2022,633187,regular-season,2022-05-22,2022-05-22,2022-05-22T21:00Z,15364,Gotham FC,20905,Racing Louisville FC,0,1,True,STATUS_FULL_TIME,https://www.espn.com/soccer/match/_/gameId/633187,,,True
2022,633188,regular-season,2022-05-22,2022-05-22,2022-05-22T18:00Z,15366,North Carolina Courage,21423,San Diego Wave FC,0,1,True,STATUS_FULL_TIME,https://www.espn.com/soccer/match/_/gameId/633188,,,True
2022,633184,regular-season,2022-05-25,2022-05-25,2022-05-26T02:00Z,15363,OL Reign,20907,Kansas City Current,1,0,True,STATUS_FULL_TIME,https://www.espn.com/soccer/match/_/gameId/633184,,,True
2022,633183,regular-season,2022-05-27,2022-05-27,2022-05-27T23:00Z,18206,Orlando Pride,15365,Washington Spirit,2,2,True,STATUS_FULL_TIME,https://www.espn.com/soccer/match/_/gameId/633183,,,True
2022,633182,regular-season,2022-05-28,2022-05-28,2022-05-29T00:00Z,15360,Chicago Red Stars,15362,Portland Thorns FC,2,2,True,STATUS_FULL_TIME,https://www.espn.com/soccer/match/_/gameId/633182,,,True
2022,633179,regular-season,2022-05-29,2022-05-29,2022-05-30T00:00Z,21422,Angel City FC,15364,Gotham FC,0,1,True,STATUS_FULL_TIME,https://www.espn.com/soccer/match/_/gameId/633179,,,True
2022,633180,regular-season,2022-05-29,2022-05-29,2022-05-29T23:00Z,17346,Houston Dash,15366,North Carolina Courage,1,1,True,STATUS_FULL_TIME,https://www.espn.com/soccer/match/_/gameId/633180,,,True
2022,633181,regular-season,2022-05-29,2022-05-29,2022-05-29T19:00Z,15363,OL Reign,21423,San Diego Wave FC,1,0,True,STATUS_FULL_TIME,https://www.espn.com/soccer/match/_/gameId/633181,,,True
2022,633178,regular-season,2022-05-30,2022-05-30,2022-05-30T19:00Z,20907,Kansas City Current,20905,Racing Louisville FC,1,0,True,STATUS_FULL_TIME,https://www.espn.com/soccer/match/_/gameId/633178,,,True
2022,633177,regular-season,2022-06-01,2022-06-01,2022-06-01T23:30Z,15365,Washington Spirit,15360,Chicago Red Stars,1,1,True,STATUS_FULL_TIME,https://www.espn.com/soccer/match/_/gameId/633177,,,True
2022,633175,regular-season,2022-06-03,2022-06-03,2022-06-04T02:30Z,15362,Portland Thorns FC,21422,Angel City FC,3,0,True,STATUS_FULL_TIME,https://www.espn.com/soccer/match/_/gameId/633175,,,True
2022,633176,regular-season,2022-06-03,2022-06-03,2022-06-04T00:30Z,17346,Houston Dash,18206,Orlando Pride,5,0,True,STATUS_FULL_TIME,https://www.espn.com/soccer/match/_/gameId/633176,,,True
2022,633171,regular-season,2022-06-04,2022-06-04,2022-06-05T00:30Z,20907,Kansas City Current,21423,San Diego Wave FC,2,2,True,STATUS_FULL_TIME,https://www.espn.com/soccer/match/_/gameId/633171,,,True
2022,633172,regular-season,2022-06-04,2022-06-04,2022-06-05T00:00Z,20905,Racing Louisville FC,15366,North Carolina Courage,0,3,True,STATUS_FULL_TIME,https://www.espn.com/soccer/match/_/gameId/633172,,,True
2022,633173,regular-season,2022-06-04,2022-06-04,2022-06-04T23:00Z,15364,Gotham FC,15365,Washington Spirit,1,0,True,STATUS_FULL_TIME,https://www.espn.com/soccer/match/_/gameId/633173,,,True
2022,633174,regular-season,2022-06-04,2022-06-04,2022-06-04T19:00Z,15360,Chicago Red Stars,15363,OL Reign,1,0,True,STATUS_FULL_TIME,https://www.espn.com/soccer/match/_/gameId/633174,,,True
2022,633163,regular-season,2022-06-07,2022-06-07,2022-06-08T02:00Z,21422,Angel City FC,17346,Houston Dash,0,0,True,STATUS_FULL_TIME,https://www.espn.com/soccer/match/_/gameId/633163,,,True
2022,633170,regular-season,2022-06-08,2022-06-08,2022-06-09T02:00Z,21423,San Diego Wave FC,15362,Portland Thorns FC,2,2,True,STATUS_FULL_TIME,https://www.espn.com/soccer/match/_/gameId/633170,,,True
2022,633204,regular-season,2022-06-08,2022-06-08,2022-06-09T00:00Z,15360,Chicago Red Stars,15365,Washington Spirit,0,0,True,STATUS_FULL_TIME,https://www.espn.com/soccer/match/_/gameId/633204,,,True
2022,633167,regular-season,2022-06-11,2022-06-11,2022-06-12T00:30Z,20907,Kansas City Current,15364,Gotham FC,1,0,True,STATUS_FULL_TIME,https://www.espn.com/soccer/match/_/gameId/633167,,,True
2022,633168,regular-season,2022-06-11,2022-06-11,2022-06-12T00:00Z,20905,Racing Louisville FC,21422,Angel City FC,2,3,True,STATUS_FULL_TIME,https://www.espn.com/soccer/match/_/gameId/633168,,,True
2022,633169,regular-season,2022-06-11,2022-06-11,2022-06-11T23:00Z,15365,Washington Spirit,15366,North Carolina Courage,2,3,True,STATUS_FULL_TIME,https://www.espn.com/soccer/match/_/gameId/633169,,,True
2022,633164,regular-season,2022-06-12,2022-06-12,2022-06-12T21:00Z,21423,San Diego Wave FC,15363,OL Reign,1,1,True,STATUS_FULL_TIME,https://www.espn.com/soccer/match/_/gameId/633164,,,True
2022,633165,regular-season,2022-06-12,2022-06-12,2022-06-12T23:00Z,17346,Houston Dash,15362,Portland Thorns FC,0,4,True,STATUS_FULL_TIME,https://www.espn.com/soccer/match/_/gameId/633165,,,True
2022,633166,regular-season,2022-06-12,2022-06-12,2022-06-12T22:00Z,15360,Chicago Red Stars,18206,Orlando Pride,1,0,True,STATUS_FULL_TIME,https://www.espn.com/soccer/match/_/gameId/633166,,,True
2022,633162,regular-season,2022-06-17,2022-06-17,2022-06-17T23:30Z,15365,Washington Spirit,20905,Racing Louisville FC,2,2,True,STATUS_FULL_TIME,https://www.espn.com/soccer/match/_/gameId/633162,,,True
2022,633160,regular-season,2022-06-18,2022-06-18,2022-06-19T02:00Z,15363,OL Reign,21422,Angel City FC,1,0,True,STATUS_FULL_TIME,https://www.espn.com/soccer/match/_/gameId/633160,,,True
2022,633161,regular-season,2022-06-18,2022-06-18,2022-06-19T00:30Z,20907,Kansas City Current,15360,Chicago Red Stars,2,2,True,STATUS_FULL_TIME,https://www.espn.com/soccer/match/_/gameId/633161,,,True
2022,633157,regular-season,2022-06-19,2022-06-19,2022-06-19T21:00Z,15366,North Carolina Courage,17346,Houston Dash,3,4,True,STATUS_FULL_TIME,https://www.espn.com/soccer/match/_/gameId/633157,,,True
2022,633158,regular-season,2022-06-19,2022-06-19,2022-06-19T20:00Z,15364,Gotham FC,21423,San Diego Wave FC,0,3,True,STATUS_FULL_TIME,https://www.espn.com/soccer/match/_/gameId/633158,,,True
2022,633159,regular-season,2022-06-19,2022-06-19,2022-06-19T19:00Z,15362,Portland Thorns FC,18206,Orlando Pride,6,0,True,STATUS_FULL_TIME,https://www.espn.com/soccer/match/_/gameId/633159,,,True
2022,633154,regular-season,2022-07-01,2022-07-01,2022-07-02T02:30Z,21422,Angel City FC,15362,Portland Thorns FC,1,1,True,STATUS_FULL_TIME,https://www.espn.com/soccer/match/_/gameId/633154,,,True
2022,633155,regular-season,2022-07-01,2022-07-01,2022-07-02T02:00Z,15363,OL Reign,15366,North Carolina Courage,2,0,True,STATUS_FULL_TIME,https://www.espn.com/soccer/match/_/gameId/633155,,,True
2022,633156,regular-season,2022-07-01,2022-07-01,2022-07-02T00:30Z,17346,Houston Dash,20907,Kansas City Current,1,2,True,STATUS_FULL_TIME,https://www.espn.com/soccer/match/_/gameId/633156,,,True
2022,633152,regular-season,2022-07-02,2022-07-02,2022-07-02T23:00Z,15364,Gotham FC,15360,Chicago Red Stars,0,3,True,STATUS_FULL_TIME,https://www.espn.com/soccer/match/_/gameId/633152,,,True
2022,633151,regular-season,2022-07-03,2022-07-03,2022-07-03T21:00Z,21423,San Diego Wave FC,15365,Washington Spirit,2,1,True,STATUS_FULL_TIME,https://www.espn.com/soccer/match/_/gameId/633151,,,True
2022,633153,regular-season,2022-07-03,2022-07-03,2022-07-04T00:00Z,18206,Orlando Pride,20905,Racing Louisville FC,2,2,True,STATUS_FULL_TIME,https://www.espn.com/soccer/match/_/gameId/633153,,,True
2022,633149,regular-season,2022-07-08,2022-07-08,2022-07-09T00:00Z,20905,Racing Louisville FC,15364,Gotham FC,1,2,True,STATUS_FULL_TIME,https://www.espn.com/soccer/match/_/gameId/633149,,,True
2022,633150,regular-season,2022-07-08,2022-07-08,2022-07-08T23:00Z,18206,Orlando Pride,17346,Houston Dash,1,0,True,STATUS_FULL_TIME,https://www.espn.com/soccer/match/_/gameId/633150,,,True
2022,633148,regular-season,2022-07-09,2022-07-09,2022-07-10T02:30Z,21422,Angel City FC,21423,San Diego Wave FC,2,1,True,STATUS_FULL_TIME,https://www.espn.com/soccer/match/_/gameId/633148,,,True
2022,633145,regular-season,2022-07-10,2022-07-10,2022-07-10T22:00Z,15360,Chicago Red Stars,15366,North Carolina Courage,2,2,True,STATUS_FULL_TIME,https://www.espn.com/soccer/match/_/gameId/633145,,,True
2022,633146,regular-season,2022-07-10,2022-07-10,2022-07-10T22:00Z,15363,OL Reign,15362,Portland Thorns FC,2,2,True,STATUS_FULL_TIME,https://www.espn.com/soccer/match/_/gameId/633146,,,True
2022,633147,regular-season,2022-07-10,2022-07-10,2022-07-10T21:00Z,15365,Washington Spirit,20907,Kansas City Current,0,1,True,STATUS_FULL_TIME,https://www.espn.com/soccer/match/_/gameId/633147,,,True
2022,633143,regular-season,2022-07-15,2022-07-15,2022-07-16T02:00Z,21423,San Diego Wave FC,20905,Racing Louisville FC,0,0,True,STATUS_FULL_TIME,https://www.espn.com/soccer/match/_/gameId/633143,,,True
2022,633141,regular-season,2022-07-16,2022-07-16,2022-07-17T02:30Z,15362,Portland Thorns FC,15364,Gotham FC,5,0,True,STATUS_FULL_TIME,https://www.espn.com/soccer/match/_/gameId/633141,,,True
2022,633142,regular-season,2022-07-16,2022-07-16,2022-07-17T00:30Z,17346,Houston Dash,15360,Chicago Red Stars,4,1,True,STATUS_FULL_TIME,https://www.espn.com/soccer/match/_/gameId/633142,,,True
2022,633139,regular-season,2022-07-17,2022-07-17,2022-07-17T23:00Z,20907,Kansas City Current,15363,OL Reign,1,0,True,STATUS_FULL_TIME,https://www.espn.com/soccer/match/_/gameId/633139,,,True
2022,633140,regular-season,2022-07-17,2022-07-17,2022-07-17T21:00Z,15365,Washington Spirit,18206,Orlando Pride,0,0,True,STATUS_FULL_TIME,https://www.espn.com/soccer/match/_/gameId/633140,,,True
2022,633137,regular-season,2022-07-29,2022-07-29,2022-07-30T00:00Z,20905,Racing Louisville FC,15362,Portland Thorns FC,1,2,True,STATUS_FULL_TIME,https://www.espn.com/soccer/match/_/gameId/633137,,,True
2022,633138,regular-season,2022-07-29,2022-07-29,2022-07-29T23:30Z,15366,North Carolina Courage,15365,Washington Spirit,3,3,True,STATUS_FULL_TIME,https://www.espn.com/soccer/match/_/gameId/633138,,,True
2022,633135,regular-season,2022-07-30,2022-07-30,2022-07-31T02:30Z,21422,Angel City FC,15363,OL Reign,2,3,True,STATUS_FULL_TIME,https://www.espn.com/soccer/match/_/gameId/633135,,,True
2022,633136,regular-season,2022-07-30,2022-07-30,2022-07-31T00:00Z,15360,Chicago Red Stars,21423,San Diego Wave FC,0,1,True,STATUS_FULL_TIME,https://www.espn.com/soccer/match/_/gameId/633136,,,True
2022,633133,regular-season,2022-07-31,2022-07-31,2022-07-31T23:00Z,20907,Kansas City Current,18206,Orlando Pride,2,2,True,STATUS_FULL_TIME,https://www.espn.com/soccer/match/_/gameId/633133,,,True
2022,633134,regular-season,2022-07-31,2022-07-31,2022-07-31T21:00Z,15364,Gotham FC,17346,Houston Dash,2,4,True,STATUS_FULL_TIME,https://www.espn.com/soccer/match/_/gameId/633134,,,True
2022,633132,regular-season,2022-08-02,2022-08-02,2022-08-03T00:00Z,20905,Racing Louisville FC,15363,OL Reign,1,1,True,STATUS_FULL_TIME,https://www.espn.com/soccer/match/_/gameId/633132,,,True
2022,633130,regular-season,2022-08-05,2022-08-05,2022-08-06T02:30Z,15362,Portland Thorns FC,15366,North Carolina Courage,3,3,True,STATUS_FULL_TIME,https://www.espn.com/soccer/match/_/gameId/633130,,,True
2022,633131,regular-season,2022-08-05,2022-08-05,2022-08-06T00:00Z,20905,Racing Louisville FC,15365,Washington Spirit,1,1,True,STATUS_FULL_TIME,https://www.espn.com/soccer/match/_/gameId/633131,,,True
2022,633126,regular-season,2022-08-07,2022-08-07,2022-08-07T23:00Z,18206,Orlando Pride,21422,Angel City FC,2,2,True,STATUS_FULL_TIME,https://www.espn.com/soccer/match/_/gameId/633126,,,True
2022,633127,regular-season,2022-08-07,2022-08-07,2022-08-07T22:00Z,15363,OL Reign,17346,Houston Dash,1,2,True,STATUS_FULL_TIME,https://www.espn.com/soccer/match/_/gameId/633127,,,True
2022,633128,regular-season,2022-08-07,2022-08-07,2022-08-07T22:00Z,15360,Chicago Red Stars,15364,Gotham FC,2,0,True,STATUS_FULL_TIME,https://www.espn.com/soccer/match/_/gameId/633128,,,True
2022,633129,regular-season,2022-08-07,2022-08-07,2022-08-07T21:00Z,21423,San Diego Wave FC,20907,Kansas City Current,1,2,True,STATUS_FULL_TIME,https://www.espn.com/soccer/match/_/gameId/633129,,,True
2022,633125,regular-season,2022-08-10,2022-08-10,2022-08-11T00:30Z,15365,Washington Spirit,15362,Portland Thorns FC,1,2,True,STATUS_FULL_TIME,https://www.espn.com/soccer/match/_/gameId/633125,,,True
2022,633124,regular-season,2022-08-12,2022-08-12,2022-08-13T00:30Z,17346,Houston Dash,20905,Racing Louisville FC,0,0,True,STATUS_FULL_TIME,https://www.espn.com/soccer/match/_/gameId/633124,,,True
2022,633122,regular-season,2022-08-13,2022-08-13,2022-08-14T00:00Z,15366,North Carolina Courage,20907,Kansas City Current,3,4,True,STATUS_FULL_TIME,https://www.espn.com/soccer/match/_/gameId/633122,,,True
2022,633123,regular-season,2022-08-13,2022-08-13,2022-08-14T02:30Z,21423,San Diego Wave FC,18206,Orlando Pride,0,1,True,STATUS_FULL_TIME,https://www.espn.com/soccer/match/_/gameId/633123,,,True
2022,633120,regular-season,2022-08-14,2022-08-14,2022-08-15T00:00Z,21422,Angel City FC,15360,Chicago Red Stars,1,0,True,STATUS_FULL_TIME,https://www.espn.com/soccer/match/_/gameId/633120,,,True
2022,633121,regular-season,2022-08-14,2022-08-14,2022-08-14T19:00Z,15363,OL Reign,15364,Gotham FC,4,1,True,STATUS_FULL_TIME,https://www.espn.com/soccer/match/_/gameId/633121,,,True
2022,633119,regular-season,2022-08-17,2022-08-17,2022-08-18T00:30Z,17346,Houston Dash,15364,Gotham FC,2,1,True,STATUS_FULL_TIME,https://www.espn.com/soccer/match/_/gameId/633119,,,True
2022,633118,regular-season,2022-08-19,2022-08-19,2022-08-20T00:00Z,20907,Kansas City Current,21422,Angel City FC,1,1,True,STATUS_FULL_TIME,https://www.espn.com/soccer/match/_/gameId/633118,,,True
2022,633115,regular-season,2022-08-20,2022-08-20,2022-08-21T02:00Z,21423,San Diego Wave FC,17346,Houston Dash,3,1,True,STATUS_FULL_TIME,https://www.espn.com/soccer/match/_/gameId/633115,,,True
2022,633116,regular-season,2022-08-20,2022-08-20,2022-08-20T23:00Z,15366,North Carolina Courage,15360,Chicago Red Stars,4,0,True,STATUS_FULL_TIME,https://www.espn.com/soccer/match/_/gameId/633116,,,True
2022,633117,regular-season,2022-08-20,2022-08-20,2022-08-20T23:00Z,15364,Gotham FC,18206,Orlando Pride,1,2,True,STATUS_FULL_TIME,https://www.espn.com/soccer/match/_/gameId/633117,,,True
2022,633205,regular-season,2022-08-24,2022-08-24,2022-08-24T23:00Z,15366,North Carolina Courage,15362,Portland Thorns FC,3,1,True,STATUS_FULL_TIME,https://www.espn.com/soccer/match/_/gameId/633205,,,True
2022,633114,regular-season,2022-08-26,2022-08-26,2022-08-26T23:30Z,18206,Orlando Pride,15363,OL Reign,1,2,True,STATUS_FULL_TIME,https://www.espn.com/soccer/match/_/gameId/633114,,,True
2022,633111,regular-season,2022-08-27,2022-08-27,2022-08-28T02:30Z,15362,Portland Thorns FC,21423,San Diego Wave FC,0,2,True,STATUS_FULL_TIME,https://www.espn.com/soccer/match/_/gameId/633111,,,True
2022,633112,regular-season,2022-08-27,2022-08-27,2022-08-28T00:30Z,17346,Houston Dash,15365,Washington Spirit,2,2,True,STATUS_FULL_TIME,https://www.espn.com/soccer/match/_/gameId/633112,,,True
2022,633113,regular-season,2022-08-27,2022-08-27,2022-08-27T23:30Z,20905,Racing Louisville FC,15360,Chicago Red Stars,0,4,True,STATUS_FULL_TIME,https://www.espn.com/soccer/match/_/gameId/633113,,,True
2022,633109,regular-season,2022-08-28,2022-08-28,2022-08-28T23:00Z,20907,Kansas City Current,15366,North Carolina Courage,3,2,True,STATUS_FULL_TIME,https://www.espn.com/soccer/match/_/gameId/633109,,,True
2022,633110,regular-season,2022-08-28,2022-08-28,2022-08-28T21:00Z,15364,Gotham FC,21422,Angel City FC,1,3,True,STATUS_FULL_TIME,https://www.espn.com/soccer/match/_/gameId/633110,,,True
2022,633197,regular-season,2022-09-04,2022-09-04,2022-09-04T21:00Z,15364,Gotham FC,15366,North Carolina Courage,0,1,True,STATUS_FULL_TIME,https://www.espn.com/soccer/match/_/gameId/633197,,,True
2022,633107,regular-season,2022-09-09,2022-09-09,2022-09-10T02:00Z,15363,OL Reign,15360,Chicago Red Stars,2,2,True,STATUS_FULL_TIME,https://www.espn.com/soccer/match/_/gameId/633107,,,True
2022,633108,regular-season,2022-09-09,2022-09-09,2022-09-09T23:00Z,18206,Orlando Pride,15362,Portland Thorns FC,0,2,True,STATUS_FULL_TIME,https://www.espn.com/soccer/match/_/gameId/633108,,,True
2022,633105,regular-season,2022-09-10,2022-09-10,2022-09-10T23:00Z,15366,North Carolina Courage,20905,Racing Louisville FC,5,1,True,STATUS_FULL_TIME,https://www.espn.com/soccer/match/_/gameId/633105,,,True
2022,633106,regular-season,2022-09-10,2022-09-10,2022-09-10T17:00Z,15365,Washington Spirit,21423,San Diego Wave FC,4,3,True,STATUS_FULL_TIME,https://www.espn.com/soccer/match/_/gameId/633106,,,True
2022,633103,regular-season,2022-09-11,2022-09-11,2022-09-11T23:00Z,17346,Houston Dash,21422,Angel City FC,1,1,True,STATUS_FULL_TIME,https://www.espn.com/soccer/match/_/gameId/633103,,,True
2022,633104,regular-season,2022-09-11,2022-09-11,2022-09-11T22:00Z,15364,Gotham FC,20907,Kansas City Current,0,1,True,STATUS_FULL_TIME,https://www.espn.com/soccer/match/_/gameId/633104,,,True
2022,633102,regular-season,2022-09-14,2022-09-14,2022-09-15T00:00Z,15360,Chicago Red Stars,20907,Kansas City Current,4,0,True,STATUS_FULL_TIME,https://www.espn.com/soccer/match/_/gameId/633102,,,True
2022,633144,regular-season,2022-09-14,2022-09-14,2022-09-14T23:00Z,15366,North Carolina Courage,21422,Angel City FC,1,0,True,STATUS_FULL_TIME,https://www.espn.com/soccer/match/_/gameId/633144,,,True
2022,633101,regular-season,2022-09-16,2022-09-16,2022-09-16T23:30Z,20905,Racing Louisville FC,18206,Orlando Pride,2,0,True,STATUS_FULL_TIME,https://www.espn.com/soccer/match/_/gameId/633101,,,True
2022,633097,regular-season,2022-09-17,2022-09-17,2022-09-18T02:00Z,21423,San Diego Wave FC,21422,Angel City FC,1,0,True,STATUS_FULL_TIME,https://www.espn.com/soccer/match/_/gameId/633097,,,True
2022,633098,regular-season,2022-09-17,2022-09-17,2022-09-18T00:00Z,15360,Chicago Red Stars,17346,Houston Dash,0,1,True,STATUS_FULL_TIME,https://www.espn.com/soccer/match/_/gameId/633098,,,True
2022,633099,regular-season,2022-09-17,2022-09-17,2022-09-17T23:30Z,15366,North Carolina Courage,15363,OL Reign,1,2,True,STATUS_FULL_TIME,https://www.espn.com/soccer/match/_/gameId/633099,,,True
2022,633100,regular-season,2022-09-17,2022-09-17,2022-09-17T23:00Z,15365,Washington Spirit,15364,Gotham FC,2,0,True,STATUS_FULL_TIME,https://www.espn.com/soccer/match/_/gameId/633100,,,True
2022,633096,regular-season,2022-09-18,2022-09-18,2022-09-18T21:00Z,20907,Kansas City Current,15362,Portland Thorns FC,1,1,True,STATUS_FULL_TIME,https://www.espn.com/soccer/match/_/gameId/633096,,,True
2022,633092,regular-season,2022-09-21,2022-09-21,2022-09-22T02:30Z,21422,Angel City FC,15365,Washington Spirit,2,1,True,STATUS_FULL_TIME,https://www.espn.com/soccer/match/_/gameId/633092,,,True
2022,633093,regular-season,2022-09-21,2022-09-21,2022-09-22T02:00Z,15362,Portland Thorns FC,20905,Racing Louisville FC,3,0,True,STATUS_FULL_TIME,https://www.espn.com/soccer/match/_/gameId/633093,,,True
2022,633094,regular-season,2022-09-21,2022-09-21,2022-09-21T23:00Z,18206,Orlando Pride,15366,North Carolina Courage,0,3,True,STATUS_FULL_TIME,https://www.espn.com/soccer/match/_/gameId/633094,,,True
2022,633095,regular-season,2022-09-21,2022-09-21,2022-09-21T23:00Z,15364,Gotham FC,15363,OL Reign,0,1,True,STATUS_FULL_TIME,https://www.espn.com/soccer/match/_/gameId/633095,,,True
2022,633090,regular-season,2022-09-24,2022-09-24,2022-09-25T00:30Z,17346,Houston Dash,15363,OL Reign,0,2,True,STATUS_FULL_TIME,https://www.espn.com/soccer/match/_/gameId/633090,,,True
2022,633091,regular-season,2022-09-24,2022-09-24,2022-09-24T23:00Z,15366,North Carolina Courage,15364,Gotham FC,3,0,True,STATUS_FULL_TIME,https://www.espn.com/soccer/match/_/gameId/633091,,,True
2022,633086,regular-season,2022-09-25,2022-09-25,2022-09-26T00:00Z,21422,Angel City FC,20905,Racing Louisville FC,1,3,True,STATUS_FULL_TIME,https://www.espn.com/soccer/match/_/gameId/633086,,,True
2022,633087,regular-season,2022-09-25,2022-09-25,2022-09-25T23:00Z,18206,Orlando Pride,21423,San Diego Wave FC,2,2,True,STATUS_FULL_TIME,https://www.espn.com/soccer/match/_/gameId/633087,,,True
2022,633088,regular-season,2022-09-25,2022-09-25,2022-09-25T20:00Z,15362,Portland Thorns FC,15360,Chicago Red Stars,3,0,True,STATUS_FULL_TIME,https://www.espn.com/soccer/match/_/gameId/633088,,,True
2022,633089,regular-season,2022-09-25,2022-09-25,2022-09-25T21:00Z,20907,Kansas City Current,15365,Washington Spirit,3,0,True,STATUS_FULL_TIME,https://www.espn.com/soccer/match/_/gameId/633089,,,True
2022,633085,regular-season,2022-09-30,2022-09-30,2022-10-01T02:00Z,21423,San Diego Wave FC,15366,North Carolina Courage,0,0,True,STATUS_FULL_TIME,https://www.espn.com/soccer/match/_/gameId/633085,,,True
2022,633081,regular-season,2022-10-01,2022-10-01,2022-10-02T02:00Z,15363,OL Reign,18206,Orlando Pride,3,0,True,STATUS_FULL_TIME,https://www.espn.com/soccer/match/_/gameId/633081,,,True
2022,633082,regular-season,2022-10-01,2022-10-01,2022-10-01T23:30Z,20905,Racing Louisville FC,20907,Kansas City Current,1,0,True,STATUS_FULL_TIME,https://www.espn.com/soccer/match/_/gameId/633082,,,True
2022,633083,regular-season,2022-10-01,2022-10-01,2022-10-01T23:00Z,15365,Washington Spirit,17346,Houston Dash,1,2,True,STATUS_FULL_TIME,https://www.espn.com/soccer/match/_/gameId/633083,,,True
2022,633084,regular-season,2022-10-01,2022-10-01,2022-10-01T22:00Z,15364,Gotham FC,15362,Portland Thorns FC,3,3,True,STATUS_FULL_TIME,https://www.espn.com/soccer/match/_/gameId/633084,,,True
2022,633080,regular-season,2022-10-02,2022-10-02,2022-10-02T22:00Z,15360,Chicago Red Stars,21422,Angel City FC,2,0,True,STATUS_FULL_TIME,https://www.espn.com/soccer/match/_/gameId/633080,,,True
2022,654408,playoffs--quarterfinals,2022-10-16,2022-10-16,2022-10-16T21:00Z,17346,Houston Dash,20907,Kansas City Current,1,2,True,STATUS_FULL_TIME,https://www.espn.com/soccer/match/_/gameId/654408,,,False
2022,654409,playoffs--quarterfinals,2022-10-16,2022-10-16,2022-10-17T02:00Z,21423,San Diego Wave FC,15360,Chicago Red Stars,2,1,True,STATUS_FINAL_AET,https://www.espn.com/soccer/match/_/gameId/654409,,,False
2022,654410,playoffs---semifinals,2022-10-23,2022-10-23,2022-10-23T21:00Z,15362,Portland Thorns FC,21423,San Diego Wave FC,2,1,True,STATUS_FULL_TIME,https://www.espn.com/soccer/match/_/gameId/654410,,,False
2022,654411,playoffs---semifinals,2022-10-23,2022-10-23,2022-10-23T23:30Z,15363,OL Reign,20907,Kansas City Current,0,2,True,STATUS_FULL_TIME,https://www.espn.com/soccer/match/_/gameId/654411,,,False
2022,655660,playoffs---championship,2022-10-29,2022-10-29,2022-10-30T00:59Z,15362,Portland Thorns FC,20907,Kansas City Current,2,0,True,STATUS_FULL_TIME,https://www.espn.com/soccer/match/_/gameId/655660,,,False
2023,665431,regular-season,2023-03-25,2023-03-25,2023-03-25T18:00Z,15366,North Carolina Courage,20907,Kansas City Current,1,0,True,STATUS_FULL_TIME,https://www.espn.com/soccer/match/_/gameId/665431,,,True
2023,665432,regular-season,2023-03-25,2023-03-25,2023-03-26T02:00Z,21423,San Diego Wave FC,15360,Chicago Red Stars,3,2,True,STATUS_FULL_TIME,https://www.espn.com/soccer/match/_/gameId/665432,,,True
2023,665433,regular-season,2023-03-26,2023-03-26,2023-03-26T20:00Z,15365,Washington Spirit,15363,OL Reign,1,0,True,STATUS_FULL_TIME,https://www.espn.com/soccer/match/_/gameId/665433,,,True
2023,665434,regular-season,2023-03-26,2023-03-26,2023-03-26T21:00Z,15362,Portland Thorns FC,18206,Orlando Pride,4,0,True,STATUS_FULL_TIME,https://www.espn.com/soccer/match/_/gameId/665434,,,True
2023,665435,regular-season,2023-03-26,2023-03-26,2023-03-26T23:00Z,17346,Houston Dash,20905,Racing Louisville FC,0,0,True,STATUS_FULL_TIME,https://www.espn.com/soccer/match/_/gameId/665435,,,True
2023,665436,regular-season,2023-03-26,2023-03-26,2023-03-27T01:00Z,21422,Angel City FC,15364,Gotham FC,1,2,True,STATUS_FULL_TIME,https://www.espn.com/soccer/match/_/gameId/665436,,,True
2023,665437,regular-season,2023-04-01,2023-04-01,2023-04-01T16:30Z,20907,Kansas City Current,15362,Portland Thorns FC,1,4,True,STATUS_FULL_TIME,https://www.espn.com/soccer/match/_/gameId/665437,,,True
2023,665438,regular-season,2023-04-01,2023-04-01,2023-04-01T18:00Z,15360,Chicago Red Stars,17346,Houston Dash,1,2,True,STATUS_FULL_TIME,https://www.espn.com/soccer/match/_/gameId/665438,,,True
2023,665439,regular-season,2023-04-01,2023-04-01,2023-04-01T19:00Z,20905,Racing Louisville FC,15365,Washington Spirit,2,2,True,STATUS_FULL_TIME,https://www.espn.com/soccer/match/_/gameId/665439,,,True
2023,665440,regular-season,2023-04-01,2023-04-01,2023-04-01T23:30Z,15364,Gotham FC,15363,OL Reign,0,2,True,STATUS_FULL_TIME,https://www.espn.com/soccer/match/_/gameId/665440,,,True
2023,665441,regular-season,2023-04-01,2023-04-01,2023-04-02T02:00Z,21423,San Diego Wave FC,15366,North Carolina Courage,3,1,True,STATUS_FULL_TIME,https://www.espn.com/soccer/match/_/gameId/665441,,,True
2023,665442,regular-season,2023-04-02,2023-04-02,2023-04-02T21:30Z,18206,Orlando Pride,21422,Angel City FC,1,2,True,STATUS_FULL_TIME,https://www.espn.com/soccer/match/_/gameId/665442,,,True
2023,665443,regular-season,2023-04-14,2023-04-14,2023-04-15T02:30Z,15362,Portland Thorns FC,17346,Houston Dash,1,1,True,STATUS_FULL_TIME,https://www.espn.com/soccer/match/_/gameId/665443,,,True
2023,665444,regular-season,2023-04-15,2023-04-15,2023-04-15T23:00Z,18206,Orlando Pride,15364,Gotham FC,0,2,True,STATUS_FULL_TIME,https://www.espn.com/soccer/match/_/gameId/665444,,,True
2023,665445,regular-season,2023-04-15,2023-04-15,2023-04-15T23:00Z,15366,North Carolina Courage,15365,Washington Spirit,1,2,True,STATUS_FULL_TIME,https://www.espn.com/soccer/match/_/gameId/665445,,,True
2023,665446,regular-season,2023-04-15,2023-04-15,2023-04-16T00:00Z,15360,Chicago Red Stars,20907,Kansas City Current,4,2,True,STATUS_FULL_TIME,https://www.espn.com/soccer/match/_/gameId/665446,,,True
2023,665447,regular-season,2023-04-15,2023-04-15,2023-04-16T02:00Z,21422,Angel City FC,20905,Racing Louisville FC,2,2,True,STATUS_FULL_TIME,https://www.espn.com/soccer/match/_/gameId/665447,,,True
2023,665448,regular-season,2023-04-15,2023-04-15,2023-04-16T02:00Z,15363,OL Reign,21423,San Diego Wave FC,1,0,True,STATUS_FULL_TIME,https://www.espn.com/soccer/match/_/gameId/665448,,,True
2023,665450,regular-season,2023-04-22,2023-04-22,2023-04-22T19:30Z,15363,OL Reign,15360,Chicago Red Stars,5,2,True,STATUS_FULL_TIME,https://www.espn.com/soccer/match/_/gameId/665450,,,True
2023,665451,regular-season,2023-04-22,2023-04-22,2023-04-22T23:00Z,15365,Washington Spirit,17346,Houston Dash,0,0,True,STATUS_FULL_TIME,https://www.espn.com/soccer/match/_/gameId/665451,,,True
2023,665452,regular-season,2023-04-22,2023-04-22,2023-04-22T23:30Z,15364,Gotham FC,15366,North Carolina Courage,1,0,True,STATUS_FULL_TIME,https://www.espn.com/soccer/match/_/gameId/665452,,,True
2023,665453,regular-season,2023-04-22,2023-04-22,2023-04-23T02:30Z,15362,Portland Thorns FC,20905,Racing Louisville FC,2,0,True,STATUS_FULL_TIME,https://www.espn.com/soccer/match/_/gameId/665453,,,True
2023,665449,regular-season,2023-04-23,2023-04-23,2023-04-23T21:00Z,20907,Kansas City Current,18206,Orlando Pride,2,0,True,STATUS_FULL_TIME,https://www.espn.com/soccer/match/_/gameId/665449,,,True
2023,665454,regular-season,2023-04-23,2023-04-23,2023-04-24T00:00Z,21422,Angel City FC,21423,San Diego Wave FC,0,2,True,STATUS_FULL_TIME,https://www.espn.com/soccer/match/_/gameId/665454,,,True
2023,665455,regular-season,2023-04-28,2023-04-28,2023-04-29T00:30Z,17346,Houston Dash,15366,North Carolina Courage,0,1,True,STATUS_FULL_TIME,https://www.espn.com/soccer/match/_/gameId/665455,,,True
2023,665456,regular-season,2023-04-29,2023-04-29,2023-04-29T23:30Z,20905,Racing Louisville FC,15363,OL Reign,2,2,True,STATUS_FULL_TIME,https://www.espn.com/soccer/match/_/gameId/665456,,,True
2023,665457,regular-season,2023-04-29,2023-04-29,2023-04-30T00:00Z,15360,Chicago Red Stars,15365,Washington Spirit,1,1,True,STATUS_FULL_TIME,https://www.espn.com/soccer/match/_/gameId/665457,,,True
2023,665458,regular-season,2023-04-29,2023-04-29,2023-04-30T02:00Z,21423,San Diego Wave FC,18206,Orlando Pride,1,3,True,STATUS_FULL_TIME,https://www.espn.com/soccer/match/_/gameId/665458,,,True
2023,665459,regular-season,2023-04-29,2023-04-29,2023-04-30T02:30Z,15362,Portland Thorns FC,21422,Angel City FC,3,3,True,STATUS_FULL_TIME,https://www.espn.com/soccer/match/_/gameId/665459,,,True
2023,665460,regular-season,2023-04-30,2023-04-30,2023-04-30T22:00Z,20907,Kansas City Current,15364,Gotham FC,2,0,True,STATUS_FULL_TIME,https://www.espn.com/soccer/match/_/gameId/665460,,,True
2023,665461,regular-season,2023-05-06,2023-05-06,2023-05-06T17:00Z,15365,Washington Spirit,21423,San Diego Wave FC,3,1,True,STATUS_FULL_TIME,https://www.espn.com/soccer/match/_/gameId/665461,,,True
2023,665462,regular-season,2023-05-06,2023-05-06,2023-05-06T23:00Z,18206,Orlando Pride,20905,Racing Louisville FC,1,0,True,STATUS_FULL_TIME,https://www.espn.com/soccer/match/_/gameId/665462,,,True
2023,665463,regular-season,2023-05-06,2023-05-06,2023-05-06T23:00Z,15366,North Carolina Courage,15362,Portland Thorns FC,3,3,True,STATUS_FULL_TIME,https://www.espn.com/soccer/match/_/gameId/665463,,,True
2023,665464,regular-season,2023-05-06,2023-05-06,2023-05-07T02:00Z,15363,OL Reign,17346,Houston Dash,2,0,True,STATUS_FULL_TIME,https://www.espn.com/soccer/match/_/gameId/665464,,,True
2023,665465,regular-season,2023-05-07,2023-05-07,2023-05-07T22:00Z,15360,Chicago Red Stars,15364,Gotham FC,1,2,True,STATUS_FULL_TIME,https://www.espn.com/soccer/match/_/gameId/665465,,,True
2023,665466,regular-season,2023-05-07,2023-05-07,2023-05-08T00:00Z,21422,Angel City FC,20907,Kansas City Current,3,2,True,STATUS_FULL_TIME,https://www.espn.com/soccer/match/_/gameId/665466,,,True
2023,665467,regular-season,2023-05-12,2023-05-12,2023-05-12T23:30Z,20905,Racing Louisville FC,15360,Chicago Red Stars,3,0,True,STATUS_FULL_TIME,https://www.espn.com/soccer/match/_/gameId/665467,,,True
2023,665468,regular-season,2023-05-12,2023-05-12,2023-05-13T00:30Z,17346,Houston Dash,15362,Portland Thorns FC,2,1,True,STATUS_FULL_TIME,https://www.espn.com/soccer/match/_/gameId/665468,,,True
2023,665469,regular-season,2023-05-13,2023-05-13,2023-05-14T02:00Z,21422,Angel City FC,15365,Washington Spirit,0,1,True,STATUS_FULL_TIME,https://www.espn.com/soccer/match/_/gameId/665469,,,True
2023,665470,regular-season,2023-05-14,2023-05-14,2023-05-14T19:00Z,15366,North Carolina Courage,15363,OL Reign,1,0,True,STATUS_FULL_TIME,https://www.espn.com/soccer/match/_/gameId/665470,,,True
2023,665471,regular-season,2023-05-14,2023-05-14,2023-05-14T21:30Z,15364,Gotham FC,18206,Orlando Pride,0,0,True,STATUS_FULL_TIME,https://www.espn.com/soccer/match/_/gameId/665471,,,True
2023,665472,regular-season,2023-05-14,2023-05-14,2023-05-14T22:00Z,20907,Kansas City Current,21423,San Diego Wave FC,0,2,True,STATUS_FULL_TIME,https://www.espn.com/soccer/match/_/gameId/665472,,,True
2023,665473,regular-season,2023-05-20,2023-05-20,2023-05-20T23:00Z,18206,Orlando Pride,15365,Washington Spirit,2,1,True,STATUS_FULL_TIME,https://www.espn.com/soccer/match/_/gameId/665473,,,True
2023,665474,regular-season,2023-05-20,2023-05-20,2023-05-20T23:00Z,15366,North Carolina Courage,21422,Angel City FC,0,0,True,STATUS_FULL_TIME,https://www.espn.com/soccer/match/_/gameId/665474,,,True
2023,665475,regular-season,2023-05-20,2023-05-20,2023-05-21T00:00Z,20907,Kansas City Current,20905,Racing Louisville FC,0,2,True,STATUS_FULL_TIME,https://www.espn.com/soccer/match/_/gameId/665475,,,True
2023,665476,regular-season,2023-05-20,2023-05-20,2023-05-21T00:30Z,17346,Houston Dash,21423,San Diego Wave FC,0,3,True,STATUS_FULL_TIME,https://www.espn.com/soccer/match/_/gameId/665476,,,True
2023,665477,regular-season,2023-05-21,2023-05-21,2023-05-21T21:00Z,15362,Portland Thorns FC,15360,Chicago Red Stars,4,0,True,STATUS_FULL_TIME,https://www.espn.com/soccer/match/_/gameId/665477,,,True
2023,665478,regular-season,2023-05-21,2023-05-21,2023-05-21T22:00Z,15363,OL Reign,15364,Gotham FC,1,4,True,STATUS_FULL_TIME,https://www.espn.com/soccer/match/_/gameId/665478,,,True
2023,665479,regular-season,2023-05-26,2023-05-26,2023-05-27T00:00Z,20907,Kansas City Current,17346,Houston Dash,0,2,True,STATUS_FULL_TIME,https://www.espn.com/soccer/match/_/gameId/665479,,,True
2023,665480,regular-season,2023-05-26,2023-05-26,2023-05-27T02:00Z,21423,San Diego Wave FC,15362,Portland Thorns FC,1,1,True,STATUS_FULL_TIME,https://www.espn.com/soccer/match/_/gameId/665480,,,True
2023,665481,regular-season,2023-05-27,2023-05-27,2023-05-27T19:30Z,15363,OL Reign,21422,Angel City FC,4,1,True,STATUS_FULL_TIME,https://www.espn.com/soccer/match/_/gameId/665481,,,True
2023,665482,regular-season,2023-05-27,2023-05-27,2023-05-28T00:00Z,20905,Racing Louisville FC,15366,North Carolina Courage,1,2,True,STATUS_FULL_TIME,https://www.espn.com/soccer/match/_/gameId/665482,,,True
2023,665483,regular-season,2023-05-27,2023-05-27,2023-05-28T00:00Z,15360,Chicago Red Stars,18206,Orlando Pride,1,0,True,STATUS_FULL_TIME,https://www.espn.com/soccer/match/_/gameId/665483,,,True
2023,665484,regular-season,2023-05-28,2023-05-28,2023-05-28T21:00Z,15365,Washington Spirit,15364,Gotham FC,1,1,True,STATUS_FULL_TIME,https://www.espn.com/soccer/match/_/gameId/665484,,,True
2023,665485,regular-season,2023-06-03,2023-06-03,2023-06-04T00:00Z,15363,OL Reign,15362,Portland Thorns FC,0,2,True,STATUS_FULL_TIME,https://www.espn.com/soccer/match/_/gameId/665485,,,True
2023,665486,regular-season,2023-06-03,2023-06-03,2023-06-04T00:00Z,15365,Washington Spirit,20905,Racing Louisville FC,1,1,True,STATUS_FULL_TIME,https://www.espn.com/soccer/match/_/gameId/665486,,,True
2023,665487,regular-season,2023-06-03,2023-06-03,2023-06-04T00:30Z,17346,Houston Dash,18206,Orlando Pride,2,0,True,STATUS_FULL_TIME,https://www.espn.com/soccer/match/_/gameId/665487,,,True
2023,665488,regular-season,2023-06-03,2023-06-03,2023-06-04T00:30Z,20907,Kansas City Current,15366,North Carolina Courage,1,0,True,STATUS_FULL_TIME,https://www.espn.com/soccer/match/_/gameId/665488,,,True
2023,665489,regular-season,2023-06-04,2023-06-04,2023-06-04T22:00Z,15364,Gotham FC,21423,San Diego Wave FC,0,1,True,STATUS_FULL_TIME,https://www.espn.com/soccer/match/_/gameId/665489,,,True
2023,665490,regular-season,2023-06-05,2023-06-05,2023-06-06T02:00Z,21422,Angel City FC,15360,Chicago Red Stars,1,2,True,STATUS_FULL_TIME,https://www.espn.com/soccer/match/_/gameId/665490,,,True
2023,665491,regular-season,2023-06-09,2023-06-09,2023-06-10T00:00Z,20905,Racing Louisville FC,21423,San Diego Wave FC,0,0,True,STATUS_FULL_TIME,https://www.espn.com/soccer/match/_/gameId/665491,,,True
2023,665492,regular-season,2023-06-10,2023-06-10,2023-06-11T00:00Z,15360,Chicago Red Stars,15366,North Carolina Courage,0,5,True,STATUS_FULL_TIME,https://www.espn.com/soccer/match/_/gameId/665492,,,True
2023,665493,regular-season,2023-06-10,2023-06-10,2023-06-10T23:00Z,15365,Washington Spirit,21422,Angel City FC,2,1,True,STATUS_FULL_TIME,https://www.espn.com/soccer/match/_/gameId/665493,,,True
2023,665494,regular-season,2023-06-10,2023-06-10,2023-06-11T02:00Z,15363,OL Reign,20907,Kansas City Current,2,1,True,STATUS_FULL_TIME,https://www.espn.com/soccer/match/_/gameId/665494,,,True
2023,665495,regular-season,2023-06-11,2023-06-11,2023-06-11T23:00Z,17346,Houston Dash,15364,Gotham FC,1,1,True,STATUS_FULL_TIME,https://www.espn.com/soccer/match/_/gameId/665495,,,True
2023,665496,regular-season,2023-06-11,2023-06-11,2023-06-11T23:00Z,18206,Orlando Pride,15362,Portland Thorns FC,3,1,True,STATUS_FULL_TIME,https://www.espn.com/soccer/match/_/gameId/665496,,,True
2023,665497,regular-season,2023-06-17,2023-06-17,2023-06-17T20:00Z,21423,San Diego Wave FC,21422,Angel City FC,1,2,True,STATUS_FULL_TIME,https://www.espn.com/soccer/match/_/gameId/665497,,,True
2023,665498,regular-season,2023-06-17,2023-06-17,2023-06-17T23:00Z,15366,North Carolina Courage,18206,Orlando Pride,3,0,True,STATUS_FULL_TIME,https://www.espn.com/soccer/match/_/gameId/665498,,,True
2023,665499,regular-season,2023-06-17,2023-06-17,2023-06-18T00:30Z,17346,Houston Dash,15363,OL Reign,0,0,True,STATUS_FULL_TIME,https://www.espn.com/soccer/match/_/gameId/665499,,,True
2023,665500,regular-season,2023-06-18,2023-06-18,2023-06-18T20:00Z,20905,Racing Louisville FC,15364,Gotham FC,2,0,True,STATUS_FULL_TIME,https://www.espn.com/soccer/match/_/gameId/665500,,,True
2023,665501,regular-season,2023-06-18,2023-06-18,2023-06-18T22:00Z,15360,Chicago Red Stars,15362,Portland Thorns FC,2,3,True,STATUS_FULL_TIME,https://www.espn.com/soccer/match/_/gameId/665501,,,True
2023,665502,regular-season,2023-06-18,2023-06-18,2023-06-18T23:00Z,20907,Kansas City Current,15365,Washington Spirit,2,3,True,STATUS_FULL_TIME,https://www.espn.com/soccer/match/_/gameId/665502,,,True
2023,665503,regular-season,2023-06-23,2023-06-23,2023-06-24T02:30Z,15362,Portland Thorns FC,15365,Washington Spirit,4,2,True,STATUS_FULL_TIME,https://www.espn.com/soccer/match/_/gameId/665503,,,True
2023,665504,regular-season,2023-06-24,2023-06-24,2023-06-24T23:00Z,15366,North Carolina Courage,20905,Racing Louisville FC,1,0,True,STATUS_FULL_TIME,https://www.espn.com/soccer/match/_/gameId/665504,,,True
2023,665505,regular-season,2023-06-24,2023-06-24,2023-06-24T23:00Z,18206,Orlando Pride,20907,Kansas City Current,1,2,True,STATUS_FULL_TIME,https://www.espn.com/soccer/match/_/gameId/665505,,,True
2023,665506,regular-season,2023-06-24,2023-06-24,2023-06-25T02:00Z,21423,San Diego Wave FC,15363,OL Reign,1,2,True,STATUS_FULL_TIME,https://www.espn.com/soccer/match/_/gameId/665506,,,True
2023,665507,regular-season,2023-06-25,2023-06-25,2023-06-25T21:30Z,15364,Gotham FC,15360,Chicago Red Stars,2,1,True,STATUS_FULL_TIME,https://www.espn.com/soccer/match/_/gameId/665507,,,True
2023,665508,regular-season,2023-06-25,2023-06-25,2023-06-26T00:00Z,21422,Angel City FC,17346,Houston Dash,0,0,True,STATUS_FULL_TIME,https://www.espn.com/soccer/match/_/gameId/665508,,,True
2023,665509,regular-season,2023-07-01,2023-07-01,2023-07-01T19:30Z,15363,OL Reign,20905,Racing Louisville FC,2,2,True,STATUS_FULL_TIME,https://www.espn.com/soccer/match/_/gameId/665509,,,True
2023,665510,regular-season,2023-07-01,2023-07-01,2023-07-02T00:19Z,15365,Washington Spirit,18206,Orlando Pride,0,3,True,STATUS_FULL_TIME,https://www.espn.com/soccer/match/_/gameId/665510,,,True
2023,665511,regular-season,2023-07-01,2023-07-01,2023-07-02T00:30Z,15366,North Carolina Courage,17346,Houston Dash,1,0,True,STATUS_FULL_TIME,https://www.espn.com/soccer/match/_/gameId/665511,,,True
2023,665512,regular-season,2023-07-01,2023-07-01,2023-07-02T00:00Z,15360,Chicago Red Stars,21423,San Diego Wave FC,1,0,True,STATUS_FULL_TIME,https://www.espn.com/soccer/match/_/gameId/665512,,,True
2023,665513,regular-season,2023-07-01,2023-07-01,2023-07-02T02:00Z,15362,Portland Thorns FC,20907,Kansas City Current,0,1,True,STATUS_FULL_TIME,https://www.espn.com/soccer/match/_/gameId/665513,,,True
2023,665514,regular-season,2023-07-02,2023-07-02,2023-07-02T21:30Z,15364,Gotham FC,21422,Angel City FC,0,0,True,STATUS_FULL_TIME,https://www.espn.com/soccer/match/_/gameId/665514,,,True
2023,665515,regular-season,2023-07-07,2023-07-07,2023-07-07T23:00Z,18206,Orlando Pride,15363,OL Reign,1,0,True,STATUS_FULL_TIME,https://www.espn.com/soccer/match/_/gameId/665515,,,True
2023,665516,regular-season,2023-07-07,2023-07-07,2023-07-08T00:00Z,20905,Racing Louisville FC,20907,Kansas City Current,2,1,True,STATUS_FULL_TIME,https://www.espn.com/soccer/match/_/gameId/665516,,,True
2023,665517,regular-season,2023-07-07,2023-07-07,2023-07-08T00:30Z,17346,Houston Dash,15360,Chicago Red Stars,0,1,True,STATUS_FULL_TIME,https://www.espn.com/soccer/match/_/gameId/665517,,,True
2023,665518,regular-season,2023-07-08,2023-07-08,2023-07-09T02:00Z,21423,San Diego Wave FC,15365,Washington Spirit,2,2,True,STATUS_FULL_TIME,https://www.espn.com/soccer/match/_/gameId/665518,,,True
2023,665519,regular-season,2023-07-09,2023-07-09,2023-07-09T21:15Z,15364,Gotham FC,15362,Portland Thorns FC,2,1,True,STATUS_FULL_TIME,https://www.espn.com/soccer/match/_/gameId/665519,,,True
2023,665520,regular-season,2023-07-09,2023-07-09,2023-07-10T00:00Z,21422,Angel City FC,15366,North Carolina Courage,2,1,True,STATUS_FULL_TIME,https://www.espn.com/soccer/match/_/gameId/665520,,,True
2023,665521,regular-season,2023-08-18,2023-08-18,2023-08-19T00:00Z,20907,Kansas City Current,15363,OL Reign,1,0,True,STATUS_FULL_TIME,https://www.espn.com/soccer/match/_/gameId/665521,,,True
2023,665522,regular-season,2023-08-19,2023-08-19,2023-08-19T23:30Z,20905,Racing Louisville FC,21422,Angel City FC,1,1,True,STATUS_FULL_TIME,https://www.espn.com/soccer/match/_/gameId/665522,,,True
2023,665523,regular-season,2023-08-19,2023-08-19,2023-08-20T00:30Z,17346,Houston Dash,15365,Washington Spirit,1,1,True,STATUS_FULL_TIME,https://www.espn.com/soccer/match/_/gameId/665523,,,True
2023,665524,regular-season,2023-08-19,2023-08-19,2023-08-20T00:00Z,21423,San Diego Wave FC,15364,Gotham FC,2,1,True,STATUS_FULL_TIME,https://www.espn.com/soccer/match/_/gameId/665524,,,True
2023,665525,regular-season,2023-08-20,2023-08-20,2023-08-20T23:00Z,18206,Orlando Pride,15360,Chicago Red Stars,5,0,True,STATUS_FULL_TIME,https://www.espn.com/soccer/match/_/gameId/665525,,,True
2023,665526,regular-season,2023-08-20,2023-08-20,2023-08-21T02:30Z,15362,Portland Thorns FC,15366,North Carolina Courage,2,1,True,STATUS_FULL_TIME,https://www.espn.com/soccer/match/_/gameId/665526,,,True
2023,665527,regular-season,2023-08-25,2023-08-25,2023-08-25T23:00Z,18206,Orlando Pride,21423,San Diego Wave FC,1,2,True,STATUS_FULL_TIME,https://www.espn.com/soccer/match/_/gameId/665527,,,True
2023,665528,regular-season,2023-08-26,2023-08-26,2023-08-27T00:30Z,17346,Houston Dash,20907,Kansas City Current,1,1,True,STATUS_FULL_TIME,https://www.espn.com/soccer/match/_/gameId/665528,,,True
2023,665529,regular-season,2023-08-27,2023-08-27,2023-08-27T18:00Z,15366,North Carolina Courage,15360,Chicago Red Stars,1,1,True,STATUS_FULL_TIME,https://www.espn.com/soccer/match/_/gameId/665529,,,True
2023,665530,regular-season,2023-08-27,2023-08-27,2023-08-27T21:00Z,15365,Washington Spirit,15362,Portland Thorns FC,1,1,True,STATUS_FULL_TIME,https://www.espn.com/soccer/match/_/gameId/665530,,,True
2023,665531,regular-season,2023-08-27,2023-08-27,2023-08-27T21:30Z,15364,Gotham FC,20905,Racing Louisville FC,0,0,True,STATUS_FULL_TIME,https://www.espn.com/soccer/match/_/gameId/665531,,,True
2023,665532,regular-season,2023-08-27,2023-08-27,2023-08-28T00:00Z,21422,Angel City FC,15363,OL Reign,2,1,True,STATUS_FULL_TIME,https://www.espn.com/soccer/match/_/gameId/665532,,,True
2023,665533,regular-season,2023-09-01,2023-09-01,2023-09-02T00:00Z,20907,Kansas City Current,21422,Angel City FC,0,1,True,STATUS_FULL_TIME,https://www.espn.com/soccer/match/_/gameId/665533,,,True
2023,665534,regular-season,2023-09-02,2023-09-02,2023-09-02T23:30Z,15366,North Carolina Courage,15364,Gotham FC,3,3,True,STATUS_FULL_TIME,https://www.espn.com/soccer/match/_/gameId/665534,,,True
2023,665535,regular-season,2023-09-02,2023-09-02,2023-09-02T23:30Z,20905,Racing Louisville FC,15362,Portland Thorns FC,2,1,True,STATUS_FULL_TIME,https://www.espn.com/soccer/match/_/gameId/665535,,,True
2023,665536,regular-season,2023-09-03,2023-09-03,2023-09-03T21:00Z,15365,Washington Spirit,15360,Chicago Red Stars,0,2,True,STATUS_FULL_TIME,https://www.espn.com/soccer/match/_/gameId/665536,,,True
2023,665537,regular-season,2023-09-03,2023-09-03,2023-09-03T22:00Z,15363,OL Reign,18206,Orlando Pride,1,0,True,STATUS_FULL_TIME,https://www.espn.com/soccer/match/_/gameId/665537,,,True
2023,665538,regular-season,2023-09-03,2023-09-03,2023-09-04T00:00Z,21423,San Diego Wave FC,17346,Houston Dash,1,0,True,STATUS_FULL_TIME,https://www.espn.com/soccer/match/_/gameId/665538,,,True
2023,665539,regular-season,2023-09-15,2023-09-15,2023-09-15T23:30Z,20905,Racing Louisville FC,17346,Houston Dash,0,1,True,STATUS_FULL_TIME,https://www.espn.com/soccer/match/_/gameId/665539,,,True
2023,665540,regular-season,2023-09-16,2023-09-16,2023-09-16T23:30Z,15364,Gotham FC,15365,Washington Spirit,2,0,True,STATUS_FULL_TIME,https://www.espn.com/soccer/match/_/gameId/665540,,,True
2023,665541,regular-season,2023-09-16,2023-09-16,2023-09-17T02:00Z,21423,San Diego Wave FC,20907,Kansas City Current,1,2,True,STATUS_FULL_TIME,https://www.espn.com/soccer/match/_/gameId/665541,,,True
2023,665542,regular-season,2023-09-16,2023-09-16,2023-09-17T02:30Z,15362,Portland Thorns FC,15363,OL Reign,2,0,True,STATUS_FULL_TIME,https://www.espn.com/soccer/match/_/gameId/665542,,,True
2023,665543,regular-season,2023-09-17,2023-09-17,2023-09-17T22:00Z,15360,Chicago Red Stars,21422,Angel City FC,2,2,True,STATUS_FULL_TIME,https://www.espn.com/soccer/match/_/gameId/665543,,,True
2023,665544,regular-season,2023-09-17,2023-09-17,2023-09-17T23:00Z,18206,Orlando Pride,15366,North Carolina Courage,2,1,True,STATUS_FULL_TIME,https://www.espn.com/soccer/match/_/gameId/665544,,,True
2023,665546,regular-season,2023-09-30,2023-09-30,2023-09-30T23:00Z,15365,Washington Spirit,20907,Kansas City Current,2,1,True,STATUS_FULL_TIME,https://www.espn.com/soccer/match/_/gameId/665546,,,True
2023,665547,regular-season,2023-09-30,2023-09-30,2023-10-01T00:00Z,15360,Chicago Red Stars,20905,Racing Louisville FC,1,0,True,STATUS_FULL_TIME,https://www.espn.com/soccer/match/_/gameId/665547,,,True
2023,665548,regular-season,2023-09-30,2023-09-30,2023-10-01T02:30Z,15362,Portland Thorns FC,21423,San Diego Wave FC,0,2,True,STATUS_FULL_TIME,https://www.espn.com/soccer/match/_/gameId/665548,,,True
2023,665549,regular-season,2023-10-01,2023-10-01,2023-10-01T22:30Z,15364,Gotham FC,17346,Houston Dash,0,2,True,STATUS_FULL_TIME,https://www.espn.com/soccer/match/_/gameId/665549,,,True
2023,665550,regular-season,2023-10-01,2023-10-01,2023-10-02T00:00Z,15363,OL Reign,15366,North Carolina Courage,1,1,True,STATUS_FULL_TIME,https://www.espn.com/soccer/match/_/gameId/665550,,,True
2023,665545,regular-season,2023-10-02,2023-10-02,2023-10-03T02:00Z,21422,Angel City FC,18206,Orlando Pride,0,1,True,STATUS_FULL_TIME,https://www.espn.com/soccer/match/_/gameId/665545,,,True
2023,665551,regular-season,2023-10-06,2023-10-06,2023-10-06T23:30Z,20905,Racing Louisville FC,18206,Orlando Pride,3,2,True,STATUS_FULL_TIME,https://www.espn.com/soccer/match/_/gameId/665551,,,True
2023,665552,regular-season,2023-10-06,2023-10-06,2023-10-07T00:00Z,15363,OL Reign,15365,Washington Spirit,0,0,True,STATUS_FULL_TIME,https://www.espn.com/soccer/match/_/gameId/665552,,,True
2023,665553,regular-season,2023-10-07,2023-10-07,2023-10-07T21:00Z,15362,Portland Thorns FC,15364,Gotham FC,1,0,True,STATUS_FULL_TIME,https://www.espn.com/soccer/match/_/gameId/665553,,,True
2023,665554,regular-season,2023-10-07,2023-10-07,2023-10-07T23:00Z,15366,North Carolina Courage,21423,San Diego Wave FC,0,0,True,STATUS_FULL_TIME,https://www.espn.com/soccer/match/_/gameId/665554,,,True
2023,665555,regular-season,2023-10-07,2023-10-07,2023-10-08T00:00Z,20907,Kansas City Current,15360,Chicago Red Stars,6,3,True,STATUS_FULL_TIME,https://www.espn.com/soccer/match/_/gameId/665555,,,True
2023,665556,regular-season,2023-10-08,2023-10-08,2023-10-08T23:00Z,17346,Houston Dash,21422,Angel City FC,1,2,True,STATUS_FULL_TIME,https://www.espn.com/soccer/match/_/gameId/665556,,,True
2023,665557,regular-season,2023-10-15,2023-10-15,2023-10-15T21:00Z,21422,Angel City FC,15362,Portland Thorns FC,5,1,True,STATUS_FULL_TIME,https://www.espn.com/soccer/match/_/gameId/665557,,,True
2023,665558,regular-season,2023-10-15,2023-10-15,2023-10-15T21:00Z,15360,Chicago Red Stars,15363,OL Reign,0,3,True,STATUS_FULL_TIME,https://www.espn.com/soccer/match/_/gameId/665558,,,True
2023,665559,regular-season,2023-10-15,2023-10-15,2023-10-15T21:00Z,15364,Gotham FC,20907,Kansas City Current,2,2,True,STATUS_FULL_TIME,https://www.espn.com/soccer/match/_/gameId/665559,,,True
2023,665560,regular-season,2023-10-15,2023-10-15,2023-10-15T21:00Z,18206,Orlando Pride,17346,Houston Dash,1,0,True,STATUS_FULL_TIME,https://www.espn.com/soccer/match/_/gameId/665560,,,True
2023,665561,regular-season,2023-10-15,2023-10-15,2023-10-15T21:00Z,21423,San Diego Wave FC,20905,Racing Louisville FC,2,0,True,STATUS_FULL_TIME,https://www.espn.com/soccer/match/_/gameId/665561,,,True
2023,665562,regular-season,2023-10-15,2023-10-15,2023-10-15T21:00Z,15365,Washington Spirit,15366,North Carolina Courage,0,1,True,STATUS_FULL_TIME,https://www.espn.com/soccer/match/_/gameId/665562,,,True
2023,689361,playoffs--quarterfinals,2023-10-20,2023-10-20,2023-10-21T02:00Z,15363,OL Reign,21422,Angel City FC,1,0,True,STATUS_FULL_TIME,https://www.espn.com/soccer/match/_/gameId/689361,,,False
2023,689362,playoffs--quarterfinals,2023-10-22,2023-10-22,2023-10-22T23:00Z,15366,North Carolina Courage,15364,Gotham FC,0,2,True,STATUS_FULL_TIME,https://www.espn.com/soccer/match/_/gameId/689362,,,False
2023,689363,playoffs---semifinals,2023-11-05,2023-11-05,2023-11-06T00:00Z,15362,Portland Thorns FC,15364,Gotham FC,0,1,True,STATUS_FINAL_AET,https://www.espn.com/soccer/match/_/gameId/689363,,,False
2023,689364,playoffs---semifinals,2023-11-05,2023-11-05,2023-11-06T02:30Z,21423,San Diego Wave FC,15363,OL Reign,0,1,True,STATUS_FULL_TIME,https://www.espn.com/soccer/match/_/gameId/689364,,,False
2023,689937,playoffs---championship,2023-11-11,2023-11-11,2023-11-12T01:00Z,15363,OL Reign,15364,Gotham FC,1,2,True,STATUS_FULL_TIME,https://www.espn.com/soccer/match/_/gameId/689937,,,False
2024,697858,regular-season,2024-03-16,2024-03-16,2024-03-16T17:00Z,20907,Kansas City Current,15362,Portland Thorns FC,5,4,True,STATUS_FULL_TIME,https://www.espn.com/soccer/match/_/gameId/697858,,,True
2024,697859,regular-season,2024-03-16,2024-03-16,2024-03-16T20:00Z,20905,Racing Louisville FC,18206,Orlando Pride,2,2,True,STATUS_FULL_TIME,https://www.espn.com/soccer/match/_/gameId/697859,,,True
2024,697860,regular-season,2024-03-16,2024-03-16,2024-03-16T23:00Z,15366,North Carolina Courage,17346,Houston Dash,5,1,True,STATUS_FULL_TIME,https://www.espn.com/soccer/match/_/gameId/697860,,,True
2024,697861,regular-season,2024-03-16,2024-03-16,2024-03-16T23:30Z,19141,Utah Royals,15360,Chicago Red Stars,0,2,True,STATUS_FULL_TIME,https://www.espn.com/soccer/match/_/gameId/697861,,,True
2024,697862,regular-season,2024-03-17,2024-03-17,2024-03-17T23:30Z,21422,Angel City FC,22187,Bay FC,0,1,True,STATUS_FULL_TIME,https://www.espn.com/soccer/match/_/gameId/697862,,,True
2024,697863,regular-season,2024-03-17,2024-03-17,2024-03-17T22:00Z,15363,Seattle Reign FC,15365,Washington Spirit,1,0,True,STATUS_FULL_TIME,https://www.espn.com/soccer/match/_/gameId/697863,,,True
2024,697864,regular-season,2024-03-22,2024-03-22,2024-03-23T00:00Z,18206,Orlando Pride,21422,Angel City FC,1,1,True,STATUS_FULL_TIME,https://www.espn.com/soccer/match/_/gameId/697864,,,True
2024,697865,regular-season,2024-03-22,2024-03-22,2024-03-23T01:30Z,19141,Utah Royals,15366,North Carolina Courage,2,1,True,STATUS_FULL_TIME,https://www.espn.com/soccer/match/_/gameId/697865,,,True
2024,697866,regular-season,2024-03-23,2024-03-23,2024-03-23T20:00Z,15360,Chicago Red Stars,15363,Seattle Reign FC,2,1,True,STATUS_FULL_TIME,https://www.espn.com/soccer/match/_/gameId/697866,,,True
2024,697867,regular-season,2024-03-23,2024-03-23,2024-03-23T23:30Z,15365,Washington Spirit,22187,Bay FC,2,1,True,STATUS_FULL_TIME,https://www.espn.com/soccer/match/_/gameId/697867,,,True
2024,697868,regular-season,2024-03-23,2024-03-23,2024-03-24T00:30Z,17346,Houston Dash,20905,Racing Louisville FC,0,0,True,STATUS_FULL_TIME,https://www.espn.com/soccer/match/_/gameId/697868,,,True
2024,697869,regular-season,2024-03-23,2024-03-23,2024-03-24T02:00Z,21423,San Diego Wave FC,20907,Kansas City Current,1,2,True,STATUS_FULL_TIME,https://www.espn.com/soccer/match/_/gameId/697869,,,True
2024,697870,regular-season,2024-03-24,2024-03-24,2024-03-24T23:00Z,15362,Portland Thorns FC,15364,Gotham FC,0,1,True,STATUS_FULL_TIME,https://www.espn.com/soccer/match/_/gameId/697870,,,True
2024,697871,regular-season,2024-03-29,2024-03-29,2024-03-29T23:00Z,18206,Orlando Pride,15360,Chicago Red Stars,1,1,True,STATUS_FULL_TIME,https://www.espn.com/soccer/match/_/gameId/697871,,,True
2024,697872,regular-season,2024-03-29,2024-03-29,2024-03-30T02:00Z,21423,San Diego Wave FC,15363,Seattle Reign FC,1,0,True,STATUS_FULL_TIME,https://www.espn.com/soccer/match/_/gameId/697872,,,True
2024,697873,regular-season,2024-03-30,2024-03-30,2024-03-30T19:30Z,20907,Kansas City Current,21422,Angel City FC,4,2,True,STATUS_FULL_TIME,https://www.espn.com/soccer/match/_/gameId/697873,,,True
2024,697874,regular-season,2024-03-30,2024-03-30,2024-03-30T23:00Z,15366,North Carolina Courage,15364,Gotham FC,1,0,True,STATUS_FULL_TIME,https://www.espn.com/soccer/match/_/gameId/697874,,,True
2024,697875,regular-season,2024-03-30,2024-03-30,2024-03-30T23:30Z,15362,Portland Thorns FC,20905,Racing Louisville FC,2,2,True,STATUS_FULL_TIME,https://www.espn.com/soccer/match/_/gameId/697875,,,True
2024,697876,regular-season,2024-03-30,2024-03-30,2024-03-31T02:00Z,22187,Bay FC,17346,Houston Dash,2,3,True,STATUS_FULL_TIME,https://www.espn.com/soccer/match/_/gameId/697876,,,True
2024,697877,regular-season,2024-03-31,2024-03-31,2024-03-31T17:00Z,15365,Washington Spirit,19141,Utah Royals,2,1,True,STATUS_FULL_TIME,https://www.espn.com/soccer/match/_/gameId/697877,,,True
2024,697878,regular-season,2024-04-12,2024-04-12,2024-04-13T00:00Z,17346,Houston Dash,15365,Washington Spirit,1,3,True,STATUS_FULL_TIME,https://www.espn.com/soccer/match/_/gameId/697878,,,True
2024,697879,regular-season,2024-04-12,2024-04-12,2024-04-13T01:30Z,19141,Utah Royals,18206,Orlando Pride,0,1,True,STATUS_FULL_TIME,https://www.espn.com/soccer/match/_/gameId/697879,,,True
2024,697880,regular-season,2024-04-13,2024-04-13,2024-04-13T23:00Z,15366,North Carolina Courage,15362,Portland Thorns FC,2,0,True,STATUS_FULL_TIME,https://www.espn.com/soccer/match/_/gameId/697880,,,True
2024,697881,regular-season,2024-04-13,2024-04-13,2024-04-13T23:30Z,20905,Racing Louisville FC,21423,San Diego Wave FC,0,0,True,STATUS_FULL_TIME,https://www.espn.com/soccer/match/_/gameId/697881,,,True
2024,697882,regular-season,2024-04-13,2024-04-13,2024-04-14T01:30Z,15360,Chicago Red Stars,21422,Angel City FC,0,1,True,STATUS_FULL_TIME,https://www.espn.com/soccer/match/_/gameId/697882,,,True
2024,697883,regular-season,2024-04-14,2024-04-14,2024-04-14T22:00Z,15364,Gotham FC,20907,Kansas City Current,1,1,True,STATUS_FULL_TIME,https://www.espn.com/soccer/match/_/gameId/697883,,,True
2024,697884,regular-season,2024-04-14,2024-04-14,2024-04-15T00:00Z,22187,Bay FC,15363,Seattle Reign FC,3,2,True,STATUS_FULL_TIME,https://www.espn.com/soccer/match/_/gameId/697884,,,True
2024,697885,regular-season,2024-04-19,2024-04-19,2024-04-20T00:00Z,18206,Orlando Pride,21423,San Diego Wave FC,1,0,True,STATUS_FULL_TIME,https://www.espn.com/soccer/match/_/gameId/697885,,,True
2024,697886,regular-season,2024-04-20,2024-04-20,2024-04-20T17:00Z,15365,Washington Spirit,15364,Gotham FC,2,0,True,STATUS_FULL_TIME,https://www.espn.com/soccer/match/_/gameId/697886,,,True
2024,697887,regular-season,2024-04-20,2024-04-20,2024-04-20T21:00Z,20905,Racing Louisville FC,19141,Utah Royals,5,1,True,STATUS_FULL_TIME,https://www.espn.com/soccer/match/_/gameId/697887,,,True
2024,697888,regular-season,2024-04-20,2024-04-20,2024-04-20T23:30Z,20907,Kansas City Current,22187,Bay FC,5,2,True,STATUS_FULL_TIME,https://www.espn.com/soccer/match/_/gameId/697888,,,True
2024,697889,regular-season,2024-04-20,2024-04-20,2024-04-21T02:00Z,15362,Portland Thorns FC,17346,Houston Dash,4,1,True,STATUS_FULL_TIME,https://www.espn.com/soccer/match/_/gameId/697889,,,True
2024,697890,regular-season,2024-04-21,2024-04-21,2024-04-21T22:00Z,15363,Seattle Reign FC,15360,Chicago Red Stars,1,2,True,STATUS_FULL_TIME,https://www.espn.com/soccer/match/_/gameId/697890,,,True
2024,697891,regular-season,2024-04-21,2024-04-21,2024-04-21T23:30Z,21422,Angel City FC,15366,North Carolina Courage,2,1,True,STATUS_FULL_TIME,https://www.espn.com/soccer/match/_/gameId/697891,,,True
2024,697892,regular-season,2024-04-26,2024-04-26,2024-04-26T23:30Z,15365,Washington Spirit,18206,Orlando Pride,2,3,True,STATUS_FULL_TIME,https://www.espn.com/soccer/match/_/gameId/697892,,,True
2024,697893,regular-season,2024-04-26,2024-04-26,2024-04-27T02:00Z,21422,Angel City FC,20907,Kansas City Current,1,3,True,STATUS_FULL_TIME,https://www.espn.com/soccer/match/_/gameId/697893,,,True
2024,697894,regular-season,2024-04-27,2024-04-27,2024-04-27T23:00Z,15366,North Carolina Courage,15363,Seattle Reign FC,1,0,True,STATUS_FULL_TIME,https://www.espn.com/soccer/match/_/gameId/697894,,,True
2024,697895,regular-season,2024-04-27,2024-04-27,2024-04-27T23:30Z,15360,Chicago Red Stars,15362,Portland Thorns FC,0,2,True,STATUS_FULL_TIME,https://www.espn.com/soccer/match/_/gameId/697895,,,True
2024,697896,regular-season,2024-04-27,2024-04-27,2024-04-27T23:30Z,19141,Utah Royals,17346,Houston Dash,0,0,True,STATUS_FULL_TIME,https://www.espn.com/soccer/match/_/gameId/697896,,,True
2024,697897,regular-season,2024-04-27,2024-04-27,2024-04-28T02:00Z,21423,San Diego Wave FC,22187,Bay FC,2,1,True,STATUS_FULL_TIME,https://www.espn.com/soccer/match/_/gameId/697897,,,True
2024,697898,regular-season,2024-04-28,2024-04-28,2024-04-28T21:00Z,15364,Gotham FC,20905,Racing Louisville FC,1,1,True,STATUS_FULL_TIME,https://www.espn.com/soccer/match/_/gameId/697898,,,True
2024,697899,regular-season,2024-05-01,2024-05-01,2024-05-01T23:00Z,18206,Orlando Pride,15366,North Carolina Courage,4,1,True,STATUS_FULL_TIME,https://www.espn.com/soccer/match/_/gameId/697899,,,True
2024,697900,regular-season,2024-05-01,2024-05-01,2024-05-02T00:00Z,15360,Chicago Red Stars,15365,Washington Spirit,2,4,True,STATUS_FULL_TIME,https://www.espn.com/soccer/match/_/gameId/697900,,,True
2024,697901,regular-season,2024-05-01,2024-05-01,2024-05-02T02:00Z,22187,Bay FC,15362,Portland Thorns FC,2,3,True,STATUS_FULL_TIME,https://www.espn.com/soccer/match/_/gameId/697901,,,True
2024,697902,regular-season,2024-05-03,2024-05-03,2024-05-04T01:30Z,19141,Utah Royals,21422,Angel City FC,1,2,True,STATUS_FULL_TIME,https://www.espn.com/soccer/match/_/gameId/697902,,,True
2024,697903,regular-season,2024-05-03,2024-05-03,2024-05-04T02:00Z,15363,Seattle Reign FC,21423,San Diego Wave FC,2,1,True,STATUS_FULL_TIME,https://www.espn.com/soccer/match/_/gameId/697903,,,True
2024,697904,regular-season,2024-05-04,2024-05-04,2024-05-04T23:30Z,15364,Gotham FC,15366,North Carolina Courage,1,0,True,STATUS_FULL_TIME,https://www.espn.com/soccer/match/_/gameId/697904,,,True
2024,697905,regular-season,2024-05-04,2024-05-04,2024-05-05T02:00Z,15362,Portland Thorns FC,15365,Washington Spirit,2,1,True,STATUS_FULL_TIME,https://www.espn.com/soccer/match/_/gameId/697905,,,True
2024,697906,regular-season,2024-05-05,2024-05-05,2024-05-05T17:00Z,17346,Houston Dash,20907,Kansas City Current,1,1,True,STATUS_FULL_TIME,https://www.espn.com/soccer/match/_/gameId/697906,,,True
2024,697907,regular-season,2024-05-05,2024-05-05,2024-05-05T22:00Z,18206,Orlando Pride,20905,Racing Louisville FC,1,0,True,STATUS_FULL_TIME,https://www.espn.com/soccer/match/_/gameId/697907,,,True
2024,697908,regular-season,2024-05-05,2024-05-05,2024-05-06T00:00Z,22187,Bay FC,15360,Chicago Red Stars,1,2,True,STATUS_FULL_TIME,https://www.espn.com/soccer/match/_/gameId/697908,,,True
2024,697909,regular-season,2024-05-08,2024-05-08,2024-05-09T00:00Z,17346,Houston Dash,15364,Gotham FC,0,1,True,STATUS_FULL_TIME,https://www.espn.com/soccer/match/_/gameId/697909,,,True
2024,697910,regular-season,2024-05-08,2024-05-08,2024-05-09T02:00Z,15363,Seattle Reign FC,20907,Kansas City Current,0,0,True,STATUS_FULL_TIME,https://www.espn.com/soccer/match/_/gameId/697910,,,True
2024,697911,regular-season,2024-05-08,2024-05-08,2024-05-09T02:00Z,21423,San Diego Wave FC,19141,Utah Royals,2,0,True,STATUS_FULL_TIME,https://www.espn.com/soccer/match/_/gameId/697911,,,True
2024,697912,regular-season,2024-05-10,2024-05-10,2024-05-11T00:00Z,20905,Racing Louisville FC,15365,Washington Spirit,1,2,True,STATUS_FULL_TIME,https://www.espn.com/soccer/match/_/gameId/697912,,,True
2024,697913,regular-season,2024-05-11,2024-05-11,2024-05-11T23:30Z,18206,Orlando Pride,22187,Bay FC,1,0,True,STATUS_FULL_TIME,https://www.espn.com/soccer/match/_/gameId/697913,,,True
2024,697914,regular-season,2024-05-11,2024-05-11,2024-05-12T02:00Z,15362,Portland Thorns FC,15363,Seattle Reign FC,4,0,True,STATUS_FULL_TIME,https://www.espn.com/soccer/match/_/gameId/697914,,,True
2024,697915,regular-season,2024-05-12,2024-05-12,2024-05-12T21:30Z,15360,Chicago Red Stars,19141,Utah Royals,3,1,True,STATUS_FULL_TIME,https://www.espn.com/soccer/match/_/gameId/697915,,,True
2024,697916,regular-season,2024-05-12,2024-05-12,2024-05-12T22:00Z,20907,Kansas City Current,15366,North Carolina Courage,1,0,True,STATUS_FULL_TIME,https://www.espn.com/soccer/match/_/gameId/697916,,,True
2024,697917,regular-season,2024-05-12,2024-05-12,2024-05-12T23:30Z,21422,Angel City FC,17346,Houston Dash,0,1,True,STATUS_FULL_TIME,https://www.espn.com/soccer/match/_/gameId/697917,,,True
2024,697918,regular-season,2024-05-12,2024-05-12,2024-05-12T23:30Z,21423,San Diego Wave FC,15364,Gotham FC,1,1,True,STATUS_FULL_TIME,https://www.espn.com/soccer/match/_/gameId/697918,,,True
2024,697919,regular-season,2024-05-17,2024-05-17,2024-05-18T00:00Z,15366,North Carolina Courage,19141,Utah Royals,1,0,True,STATUS_FULL_TIME,https://www.espn.com/soccer/match/_/gameId/697919,,,True
2024,697920,regular-season,2024-05-17,2024-05-17,2024-05-18T02:38Z,17346,Houston Dash,15362,Portland Thorns FC,0,2,True,STATUS_FULL_TIME,https://www.espn.com/soccer/match/_/gameId/697920,,,True
2024,697921,regular-season,2024-05-17,2024-05-17,2024-05-18T02:30Z,22187,Bay FC,21423,San Diego Wave FC,2,1,True,STATUS_FULL_TIME,https://www.espn.com/soccer/match/_/gameId/697921,,,True
2024,697922,regular-season,2024-05-18,2024-05-18,2024-05-18T23:30Z,15365,Washington Spirit,21422,Angel City FC,4,2,True,STATUS_FULL_TIME,https://www.espn.com/soccer/match/_/gameId/697922,,,True
2024,697923,regular-season,2024-05-18,2024-05-18,2024-05-19T01:30Z,20907,Kansas City Current,20905,Racing Louisville FC,3,3,True,STATUS_FULL_TIME,https://www.espn.com/soccer/match/_/gameId/697923,,,True
2024,697924,regular-season,2024-05-19,2024-05-19,2024-05-19T21:00Z,15364,Gotham FC,15360,Chicago Red Stars,2,1,True,STATUS_FULL_TIME,https://www.espn.com/soccer/match/_/gameId/697924,,,True
2024,697925,regular-season,2024-05-19,2024-05-19,2024-05-19T22:00Z,15363,Seattle Reign FC,18206,Orlando Pride,2,3,True,STATUS_FULL_TIME,https://www.espn.com/soccer/match/_/gameId/697925,,,True
2024,697926,regular-season,2024-05-23,2024-05-23,2024-05-24T02:00Z,21422,Angel City FC,21423,San Diego Wave FC,0,0,True,STATUS_FULL_TIME,https://www.espn.com/soccer/match/_/gameId/697926,,,True
2024,697927,regular-season,2024-05-24,2024-05-24,2024-05-24T23:00Z,18206,Orlando Pride,15362,Portland Thorns FC,2,1,True,STATUS_FULL_TIME,https://www.espn.com/soccer/match/_/gameId/697927,,,True
2024,697928,regular-season,2024-05-24,2024-05-24,2024-05-24T23:30Z,15365,Washington Spirit,15363,Seattle Reign FC,3,2,True,STATUS_FULL_TIME,https://www.espn.com/soccer/match/_/gameId/697928,,,True
2024,697929,regular-season,2024-05-24,2024-05-24,2024-05-25T00:00Z,17346,Houston Dash,15366,North Carolina Courage,3,0,True,STATUS_FULL_TIME,https://www.espn.com/soccer/match/_/gameId/697929,,,True
2024,697930,regular-season,2024-05-24,2024-05-24,2024-05-25T02:00Z,22187,Bay FC,15364,Gotham FC,0,2,True,STATUS_FULL_TIME,https://www.espn.com/soccer/match/_/gameId/697930,,,True
2024,697931,regular-season,2024-05-25,2024-05-25,2024-05-25T23:30Z,15360,Chicago Red Stars,20905,Racing Louisville FC,0,1,True,STATUS_FULL_TIME,https://www.espn.com/soccer/match/_/gameId/697931,,,True
2024,697932,regular-season,2024-05-25,2024-05-25,2024-05-26T02:40Z,19141,Utah Royals,20907,Kansas City Current,0,1,True,STATUS_FULL_TIME,https://www.espn.com/soccer/match/_/gameId/697932,,,True
2024,697933,regular-season,2024-06-07,2024-06-07,2024-06-08T00:00Z,20905,Racing Louisville FC,17346,Houston Dash,2,0,True,STATUS_FULL_TIME,https://www.espn.com/soccer/match/_/gameId/697933,,,True
2024,697934,regular-season,2024-06-07,2024-06-07,2024-06-08T02:00Z,21423,San Diego Wave FC,18206,Orlando Pride,1,1,True,STATUS_FULL_TIME,https://www.espn.com/soccer/match/_/gameId/697934,,,True
2024,697935,regular-season,2024-06-08,2024-06-08,2024-06-08T16:30Z,15364,Gotham FC,21422,Angel City FC,2,1,True,STATUS_FULL_TIME,https://www.espn.com/soccer/match/_/gameId/697935,,,True
2024,697936,regular-season,2024-06-08,2024-06-08,2024-06-08T23:30Z,19141,Utah Royals,15365,Washington Spirit,0,1,True,STATUS_FULL_TIME,https://www.espn.com/soccer/match/_/gameId/697936,,,True
2024,697937,regular-season,2024-06-08,2024-06-08,2024-06-09T02:00Z,15362,Portland Thorns FC,15366,North Carolina Courage,1,0,True,STATUS_FULL_TIME,https://www.espn.com/soccer/match/_/gameId/697937,,,True
2024,697938,regular-season,2024-06-08,2024-06-08,2024-06-08T23:30Z,15360,Chicago Red Stars,22187,Bay FC,1,2,True,STATUS_FULL_TIME,https://www.espn.com/soccer/match/_/gameId/697938,,,True
2024,697939,regular-season,2024-06-09,2024-06-09,2024-06-09T22:00Z,20907,Kansas City Current,15363,Seattle Reign FC,5,2,True,STATUS_FULL_TIME,https://www.espn.com/soccer/match/_/gameId/697939,,,True
2024,697940,regular-season,2024-06-14,2024-06-14,2024-06-15T00:00Z,20907,Kansas City Current,15360,Chicago Red Stars,2,2,True,STATUS_FULL_TIME,https://www.espn.com/soccer/match/_/gameId/697940,,,True
2024,697941,regular-season,2024-06-15,2024-06-15,2024-06-15T16:00Z,20905,Racing Louisville FC,15364,Gotham FC,0,2,True,STATUS_FULL_TIME,https://www.espn.com/soccer/match/_/gameId/697941,,,True
2024,697942,regular-season,2024-06-15,2024-06-15,2024-06-15T23:30Z,15365,Washington Spirit,21423,San Diego Wave FC,1,1,True,STATUS_FULL_TIME,https://www.espn.com/soccer/match/_/gameId/697942,,,True
2024,697943,regular-season,2024-06-15,2024-06-15,2024-06-15T23:54Z,15366,North Carolina Courage,18206,Orlando Pride,0,0,True,STATUS_FULL_TIME,https://www.espn.com/soccer/match/_/gameId/697943,,,True
2024,697944,regular-season,2024-06-15,2024-06-15,2024-06-16T01:30Z,17346,Houston Dash,21422,Angel City FC,0,0,True,STATUS_FULL_TIME,https://www.espn.com/soccer/match/_/gameId/697944,,,True
2024,697945,regular-season,2024-06-16,2024-06-16,2024-06-16T20:00Z,15363,Seattle Reign FC,15362,Portland Thorns FC,0,0,True,STATUS_FULL_TIME,https://www.espn.com/soccer/match/_/gameId/697945,,,True
2024,697946,regular-season,2024-06-16,2024-06-16,2024-06-17T02:00Z,22187,Bay FC,19141,Utah Royals,0,1,True,STATUS_FULL_TIME,https://www.espn.com/soccer/match/_/gameId/697946,,,True
2024,697947,regular-season,2024-06-19,2024-06-19,2024-06-19T23:00Z,15364,Gotham FC,21423,San Diego Wave FC,2,1,True,STATUS_FULL_TIME,https://www.espn.com/soccer/match/_/gameId/697947,,,True
2024,697948,regular-season,2024-06-19,2024-06-19,2024-06-20T02:00Z,21422,Angel City FC,20905,Racing Louisville FC,3,2,True,STATUS_FULL_TIME,https://www.espn.com/soccer/match/_/gameId/697948,,,True
2024,697949,regular-season,2024-06-21,2024-06-21,2024-06-22T00:00Z,18206,Orlando Pride,19141,Utah Royals,6,0,True,STATUS_FULL_TIME,https://www.espn.com/soccer/match/_/gameId/697949,,,True
2024,697950,regular-season,2024-06-22,2024-06-22,2024-06-22T23:30Z,17346,Houston Dash,21423,San Diego Wave FC,0,0,True,STATUS_FULL_TIME,https://www.espn.com/soccer/match/_/gameId/697950,,,True
2024,697951,regular-season,2024-06-22,2024-06-22,2024-06-23T02:00Z,22187,Bay FC,21422,Angel City FC,1,0,True,STATUS_FULL_TIME,https://www.espn.com/soccer/match/_/gameId/697951,,,True
2024,697952,regular-season,2024-06-23,2024-06-23,2024-06-23T22:00Z,15364,Gotham FC,15365,Washington Spirit,0,2,True,STATUS_FULL_TIME,https://www.espn.com/soccer/match/_/gameId/697952,,,True
2024,697953,regular-season,2024-06-23,2024-06-23,2024-06-23T20:00Z,15362,Portland Thorns FC,20907,Kansas City Current,1,4,True,STATUS_FULL_TIME,https://www.espn.com/soccer/match/_/gameId/697953,,,True
2024,697954,regular-season,2024-06-23,2024-06-23,2024-06-23T22:00Z,15366,North Carolina Courage,15360,Chicago Red Stars,3,1,True,STATUS_FULL_TIME,https://www.espn.com/soccer/match/_/gameId/697954,,,True
2024,697955,regular-season,2024-06-23,2024-06-23,2024-06-23T22:00Z,15363,Seattle Reign FC,20905,Racing Louisville FC,1,1,True,STATUS_FULL_TIME,https://www.espn.com/soccer/match/_/gameId/697955,,,True
2024,697956,regular-season,2024-06-28,2024-06-28,2024-06-29T00:00Z,20907,Kansas City Current,17346,Houston Dash,2,0,True,STATUS_FULL_TIME,https://www.espn.com/soccer/match/_/gameId/697956,,,True
2024,697957,regular-season,2024-06-28,2024-06-28,2024-06-29T02:00Z,21423,San Diego Wave FC,15360,Chicago Red Stars,0,3,True,STATUS_FULL_TIME,https://www.espn.com/soccer/match/_/gameId/697957,,,True
2024,697958,regular-season,2024-06-29,2024-06-29,2024-06-29T20:00Z,20905,Racing Louisville FC,22187,Bay FC,0,1,True,STATUS_FULL_TIME,https://www.espn.com/soccer/match/_/gameId/697958,,,True
2024,697959,regular-season,2024-06-29,2024-06-29,2024-06-29T23:30Z,15365,Washington Spirit,15366,North Carolina Courage,0,1,True,STATUS_FULL_TIME,https://www.espn.com/soccer/match/_/gameId/697959,,,True
2024,697960,regular-season,2024-06-29,2024-06-29,2024-06-30T02:00Z,19141,Utah Royals,15362,Portland Thorns FC,0,0,True,STATUS_FULL_TIME,https://www.espn.com/soccer/match/_/gameId/697960,,,True
2024,697961,regular-season,2024-06-30,2024-06-30,2024-06-30T17:00Z,15364,Gotham FC,15363,Seattle Reign FC,1,1,True,STATUS_FULL_TIME,https://www.espn.com/soccer/match/_/gameId/697961,,,True
2024,697962,regular-season,2024-06-30,2024-06-30,2024-06-30T23:30Z,21422,Angel City FC,18206,Orlando Pride,0,3,True,STATUS_FULL_TIME,https://www.espn.com/soccer/match/_/gameId/697962,,,True
2024,697963,regular-season,2024-07-05,2024-07-05,2024-07-06T02:00Z,15362,Portland Thorns FC,21423,San Diego Wave FC,1,0,True,STATUS_FULL_TIME,https://www.espn.com/soccer/match/_/gameId/697963,,,True
2024,697964,regular-season,2024-07-06,2024-07-06,2024-07-06T17:00Z,15360,Chicago Red Stars,17346,Houston Dash,1,0,True,STATUS_FULL_TIME,https://www.espn.com/soccer/match/_/gameId/697964,,,True
2024,697965,regular-season,2024-07-06,2024-07-06,2024-07-06T23:30Z,20907,Kansas City Current,18206,Orlando Pride,1,2,True,STATUS_FULL_TIME,https://www.espn.com/soccer/match/_/gameId/697965,,,True
2024,697966,regular-season,2024-07-06,2024-07-06,2024-07-07T02:00Z,22187,Bay FC,15365,Washington Spirit,0,3,True,STATUS_FULL_TIME,https://www.espn.com/soccer/match/_/gameId/697966,,,True
2024,697967,regular-season,2024-07-06,2024-07-06,2024-07-07T02:00Z,21422,Angel City FC,15364,Gotham FC,1,2,True,STATUS_FULL_TIME,https://www.espn.com/soccer/match/_/gameId/697967,,,True
2024,697968,regular-season,2024-07-07,2024-07-07,2024-07-07T20:30Z,15366,North Carolina Courage,20905,Racing Louisville FC,3,1,True,STATUS_FULL_TIME,https://www.espn.com/soccer/match/_/gameId/697968,,,True
2024,697969,regular-season,2024-07-07,2024-07-07,2024-07-07T22:00Z,15363,Seattle Reign FC,19141,Utah Royals,1,1,True,STATUS_FULL_TIME,https://www.espn.com/soccer/match/_/gameId/697969,,,True
2024,697970,regular-season,2024-08-23,2024-08-23,2024-08-24T00:00Z,17346,Houston Dash,18206,Orlando Pride,0,1,True,STATUS_FULL_TIME,https://www.espn.com/soccer/match/_/gameId/697970,,,True
2024,697971,regular-season,2024-08-23,2024-08-23,2024-08-24T01:30Z,19141,Utah Royals,22187,Bay FC,2,1,True,STATUS_FULL_TIME,https://www.espn.com/soccer/match/_/gameId/697971,,,True
2024,697972,regular-season,2024-08-24,2024-08-24,2024-08-24T18:30Z,15364,Gotham FC,15362,Portland Thorns FC,2,0,True,STATUS_FULL_TIME,https://www.espn.com/soccer/match/_/gameId/697972,,,True
2024,697973,regular-season,2024-08-24,2024-08-24,2024-08-24T20:30Z,21423,San Diego Wave FC,21422,Angel City FC,1,2,True,STATUS_FULL_TIME,https://www.espn.com/soccer/match/_/gameId/697973,,,True
2024,697974,regular-season,2024-08-24,2024-08-24,2024-08-24T23:30Z,20905,Racing Louisville FC,15360,Chicago Red Stars,3,1,True,STATUS_FULL_TIME,https://www.espn.com/soccer/match/_/gameId/697974,,,True
2024,697975,regular-season,2024-08-25,2024-08-25,2024-08-26T02:00Z,15363,Seattle Reign FC,15366,North Carolina Courage,1,0,True,STATUS_FULL_TIME,https://www.espn.com/soccer/match/_/gameId/697975,,,True
2024,697976,regular-season,2024-08-25,2024-08-25,2024-08-25T16:00Z,15365,Washington Spirit,20907,Kansas City Current,4,1,True,STATUS_FULL_TIME,https://www.espn.com/soccer/match/_/gameId/697976,,,True
2024,697977,regular-season,2024-08-30,2024-08-30,2024-08-31T02:00Z,15362,Portland Thorns FC,22187,Bay FC,1,3,True,STATUS_FULL_TIME,https://www.espn.com/soccer/match/_/gameId/697977,,,True
2024,697978,regular-season,2024-08-31,2024-08-31,2024-08-31T23:30Z,20905,Racing Louisville FC,15363,Seattle Reign FC,2,3,True,STATUS_FULL_TIME,https://www.espn.com/soccer/match/_/gameId/697978,,,True
2024,697979,regular-season,2024-08-31,2024-08-31,2024-09-01T01:30Z,17346,Houston Dash,19141,Utah Royals,1,3,True,STATUS_FULL_TIME,https://www.espn.com/soccer/match/_/gameId/697979,,,True
2024,697980,regular-season,2024-09-01,2024-09-01,2024-09-01T18:00Z,15366,North Carolina Courage,20907,Kansas City Current,2,1,True,STATUS_FULL_TIME,https://www.espn.com/soccer/match/_/gameId/697980,,,True
2024,697981,regular-season,2024-09-01,2024-09-01,2024-09-01T20:00Z,21422,Angel City FC,15360,Chicago Red Stars,2,1,True,STATUS_FULL_TIME,https://www.espn.com/soccer/match/_/gameId/697981,,,True
2024,697982,regular-season,2024-09-01,2024-09-01,2024-09-01T23:25Z,18206,Orlando Pride,15364,Gotham FC,2,0,True,STATUS_FULL_TIME,https://www.espn.com/soccer/match/_/gameId/697982,,,True
2024,697983,regular-season,2024-09-01,2024-09-01,2024-09-02T00:00Z,21423,San Diego Wave FC,15365,Washington Spirit,1,1,True,STATUS_FULL_TIME,https://www.espn.com/soccer/match/_/gameId/697983,,,True
2024,697984,regular-season,2024-09-06,2024-09-06,2024-09-07T02:00Z,21422,Angel City FC,15363,Seattle Reign FC,2,3,True,STATUS_FULL_TIME,https://www.espn.com/soccer/match/_/gameId/697984,,,True
2024,697985,regular-season,2024-09-07,2024-09-07,2024-09-07T16:30Z,15365,Washington Spirit,15362,Portland Thorns FC,2,1,True,STATUS_FULL_TIME,https://www.espn.com/soccer/match/_/gameId/697985,,,True
2024,697986,regular-season,2024-09-07,2024-09-07,2024-09-07T23:30Z,20907,Kansas City Current,19141,Utah Royals,1,0,True,STATUS_FULL_TIME,https://www.espn.com/soccer/match/_/gameId/697986,,,True
2024,697987,regular-season,2024-09-07,2024-09-07,2024-09-08T02:00Z,22187,Bay FC,20905,Racing Louisville FC,1,0,True,STATUS_FULL_TIME,https://www.espn.com/soccer/match/_/gameId/697987,,,True
2024,697988,regular-season,2024-09-08,2024-09-08,2024-09-08T17:00Z,15364,Gotham FC,17346,Houston Dash,2,1,True,STATUS_FULL_TIME,https://www.espn.com/soccer/match/_/gameId/697988,,,True
2024,697989,regular-season,2024-09-08,2024-09-08,2024-09-08T22:00Z,15360,Chicago Red Stars,18206,Orlando Pride,0,1,True,STATUS_FULL_TIME,https://www.espn.com/soccer/match/_/gameId/697989,,,True
2024,697990,regular-season,2024-09-08,2024-09-08,2024-09-09T00:00Z,21423,San Diego Wave FC,15366,North Carolina Courage,1,4,True,STATUS_FULL_TIME,https://www.espn.com/soccer/match/_/gameId/697990,,,True
2024,697991,regular-season,2024-09-13,2024-09-13,2024-09-14T00:00Z,18206,Orlando Pride,20907,Kansas City Current,0,0,True,STATUS_FULL_TIME,https://www.espn.com/soccer/match/_/gameId/697991,,,True
2024,697992,regular-season,2024-09-13,2024-09-13,2024-09-13T23:00Z,15366,North Carolina Courage,22187,Bay FC,1,1,True,STATUS_FULL_TIME,https://www.espn.com/soccer/match/_/gameId/697992,,,True
2024,697993,regular-season,2024-09-13,2024-09-13,2024-09-14T02:00Z,15362,Portland Thorns FC,15360,Chicago Red Stars,0,1,True,STATUS_FULL_TIME,https://www.espn.com/soccer/match/_/gameId/697993,,,True
2024,697994,regular-season,2024-09-14,2024-09-14,2024-09-14T23:30Z,20905,Racing Louisville FC,21422,Angel City FC,2,1,True,STATUS_FULL_TIME,https://www.espn.com/soccer/match/_/gameId/697994,,,True
2024,697995,regular-season,2024-09-14,2024-09-14,2024-09-15T02:00Z,19141,Utah Royals,21423,San Diego Wave FC,1,2,True,STATUS_FULL_TIME,https://www.espn.com/soccer/match/_/gameId/697995,,,True
2024,697996,regular-season,2024-09-15,2024-09-15,2024-09-15T17:00Z,15365,Washington Spirit,17346,Houston Dash,3,0,True,STATUS_FULL_TIME,https://www.espn.com/soccer/match/_/gameId/697996,,,True
2024,697997,regular-season,2024-09-16,2024-09-16,2024-09-17T02:00Z,15363,Seattle Reign FC,15364,Gotham FC,0,2,True,STATUS_FULL_TIME,https://www.espn.com/soccer/match/_/gameId/697997,,,True
2024,697998,regular-season,2024-09-20,2024-09-20,2024-09-21T00:00Z,20907,Kansas City Current,15365,Washington Spirit,3,0,True,STATUS_FULL_TIME,https://www.espn.com/soccer/match/_/gameId/697998,,,True
2024,697999,regular-season,2024-09-20,2024-09-20,2024-09-21T02:30Z,22187,Bay FC,18206,Orlando Pride,0,1,True,STATUS_FULL_TIME,https://www.espn.com/soccer/match/_/gameId/697999,,,True
2024,698000,regular-season,2024-09-21,2024-09-21,2024-09-21T23:30Z,20905,Racing Louisville FC,15366,North Carolina Courage,2,1,True,STATUS_FULL_TIME,https://www.espn.com/soccer/match/_/gameId/698000,,,True
2024,698001,regular-season,2024-09-21,2024-09-21,2024-09-22T00:30Z,17346,Houston Dash,15363,Seattle Reign FC,1,0,True,STATUS_FULL_TIME,https://www.espn.com/soccer/match/_/gameId/698001,,,True
2024,698002,regular-season,2024-09-21,2024-09-21,2024-09-22T01:30Z,15360,Chicago Red Stars,21423,San Diego Wave FC,1,0,True,STATUS_FULL_TIME,https://www.espn.com/soccer/match/_/gameId/698002,,,True
2024,698003,regular-season,2024-09-22,2024-09-22,2024-09-22T17:00Z,15364,Gotham FC,19141,Utah Royals,1,0,True,STATUS_FULL_TIME,https://www.espn.com/soccer/match/_/gameId/698003,,,True
2024,698004,regular-season,2024-09-23,2024-09-23,2024-09-24T02:00Z,21422,Angel City FC,15362,Portland Thorns FC,2,2,True,STATUS_FULL_TIME,https://www.espn.com/soccer/match/_/gameId/698004,,,True
2024,698005,regular-season,2024-09-27,2024-09-27,2024-09-28T02:00Z,21422,Angel City FC,15365,Washington Spirit,1,2,True,STATUS_FULL_TIME,https://www.espn.com/soccer/match/_/gameId/698005,,,True
2024,698006,regular-season,2024-09-28,2024-09-28,2024-09-28T17:00Z,20907,Kansas City Current,15364,Gotham FC,1,1,True,STATUS_FULL_TIME,https://www.espn.com/soccer/match/_/gameId/698006,,,True
2024,698007,regular-season,2024-09-28,2024-09-28,2024-09-28T23:00Z,19141,Utah Royals,20905,Racing Louisville FC,1,0,True,STATUS_FULL_TIME,https://www.espn.com/soccer/match/_/gameId/698007,,,True
2024,698008,regular-season,2024-09-28,2024-09-28,2024-09-28T23:30Z,18206,Orlando Pride,17346,Houston Dash,3,1,True,STATUS_FULL_TIME,https://www.espn.com/soccer/match/_/gameId/698008,,,True
2024,698009,regular-season,2024-09-28,2024-09-28,2024-09-29T02:00Z,21423,San Diego Wave FC,15362,Portland Thorns FC,2,0,True,STATUS_FULL_TIME,https://www.espn.com/soccer/match/_/gameId/698009,,,True
2024,698010,regular-season,2024-09-29,2024-09-29,2024-09-29T22:00Z,15360,Chicago Red Stars,15366,North Carolina Courage,1,3,True,STATUS_FULL_TIME,https://www.espn.com/soccer/match/_/gameId/698010,,,True
2024,698011,regular-season,2024-09-29,2024-09-29,2024-09-29T22:00Z,15363,Seattle Reign FC,22187,Bay FC,0,1,True,STATUS_FULL_TIME,https://www.espn.com/soccer/match/_/gameId/698011,,,True
2024,698012,regular-season,2024-10-04,2024-10-04,2024-10-05T00:00Z,17346,Houston Dash,15360,Chicago Red Stars,0,2,True,STATUS_FULL_TIME,https://www.espn.com/soccer/match/_/gameId/698012,,,True
2024,698013,regular-season,2024-10-04,2024-10-04,2024-10-05T02:00Z,15363,Seattle Reign FC,21422,Angel City FC,0,1,True,STATUS_FULL_TIME,https://www.espn.com/soccer/match/_/gameId/698013,,,True
2024,698014,regular-season,2024-10-05,2024-10-05,2024-10-05T23:00Z,15366,North Carolina Courage,21423,San Diego Wave FC,2,1,True,STATUS_FULL_TIME,https://www.espn.com/soccer/match/_/gameId/698014,,,True
2024,698015,regular-season,2024-10-05,2024-10-05,2024-10-05T23:30Z,15364,Gotham FC,22187,Bay FC,5,1,True,STATUS_FULL_TIME,https://www.espn.com/soccer/match/_/gameId/698015,,,True
2024,698016,regular-season,2024-10-05,2024-10-05,2024-10-05T23:30Z,20905,Racing Louisville FC,20907,Kansas City Current,0,2,True,STATUS_FULL_TIME,https://www.espn.com/soccer/match/_/gameId/698016,,,True
2024,698017,regular-season,2024-10-05,2024-10-05,2024-10-06T02:00Z,15362,Portland Thorns FC,19141,Utah Royals,1,2,True,STATUS_FULL_TIME,https://www.espn.com/soccer/match/_/gameId/698017,,,True
2024,698018,regular-season,2024-10-06,2024-10-06,2024-10-06T21:00Z,18206,Orlando Pride,15365,Washington Spirit,2,0,True,STATUS_FULL_TIME,https://www.espn.com/soccer/match/_/gameId/698018,,,True
2024,698019,regular-season,2024-10-11,2024-10-11,2024-10-12T02:00Z,15362,Portland Thorns FC,18206,Orlando Pride,2,0,True,STATUS_FULL_TIME,https://www.espn.com/soccer/match/_/gameId/698019,,,True
2024,698020,regular-season,2024-10-12,2024-10-12,2024-10-12T20:00Z,15360,Chicago Red Stars,15364,Gotham FC,0,2,True,STATUS_FULL_TIME,https://www.espn.com/soccer/match/_/gameId/698020,,,True
2024,698021,regular-season,2024-10-12,2024-10-12,2024-10-12T23:30Z,15366,North Carolina Courage,21422,Angel City FC,1,1,True,STATUS_FULL_TIME,https://www.espn.com/soccer/match/_/gameId/698021,,,True
2024,698022,regular-season,2024-10-12,2024-10-12,2024-10-13T02:00Z,22187,Bay FC,20907,Kansas City Current,0,1,True,STATUS_FULL_TIME,https://www.espn.com/soccer/match/_/gameId/698022,,,True
2024,698023,regular-season,2024-10-13,2024-10-13,2024-10-13T21:00Z,19141,Utah Royals,15363,Seattle Reign FC,3,0,True,STATUS_FULL_TIME,https://www.espn.com/soccer/match/_/gameId/698023,,,True
2024,698024,regular-season,2024-10-13,2024-10-13,2024-10-13T21:00Z,15365,Washington Spirit,20905,Racing Louisville FC,4,1,True,STATUS_FULL_TIME,https://www.espn.com/soccer/match/_/gameId/698024,,,True
2024,698025,regular-season,2024-10-13,2024-10-13,2024-10-14T00:00Z,21423,San Diego Wave FC,17346,Houston Dash,0,2,True,STATUS_FULL_TIME,https://www.espn.com/soccer/match/_/gameId/698025,,,True
2024,698026,regular-season,2024-10-18,2024-10-18,2024-10-19T02:00Z,15363,Seattle Reign FC,17346,Houston Dash,2,1,True,STATUS_FULL_TIME,https://www.espn.com/soccer/match/_/gameId/698026,,,True
2024,698027,regular-season,2024-10-19,2024-10-19,2024-10-19T17:00Z,20907,Kansas City Current,21423,San Diego Wave FC,4,1,True,STATUS_FULL_TIME,https://www.espn.com/soccer/match/_/gameId/698027,,,True
2024,698028,regular-season,2024-10-19,2024-10-19,2024-10-19T23:30Z,20905,Racing Louisville FC,15362,Portland Thorns FC,1,0,True,STATUS_FULL_TIME,https://www.espn.com/soccer/match/_/gameId/698028,,,True
2024,698029,regular-season,2024-10-19,2024-10-19,2024-10-20T02:00Z,22187,Bay FC,15366,North Carolina Courage,1,0,True,STATUS_FULL_TIME,https://www.espn.com/soccer/match/_/gameId/698029,,,True
2024,698030,regular-season,2024-10-20,2024-10-20,2024-10-20T21:00Z,15365,Washington Spirit,15360,Chicago Red Stars,2,0,True,STATUS_FULL_TIME,https://www.espn.com/soccer/match/_/gameId/698030,,,True
2024,698031,regular-season,2024-10-20,2024-10-20,2024-10-20T21:00Z,15364,Gotham FC,18206,Orlando Pride,3,1,True,STATUS_FULL_TIME,https://www.espn.com/soccer/match/_/gameId/698031,,,True
2024,698032,regular-season,2024-10-20,2024-10-20,2024-10-20T23:30Z,21422,Angel City FC,19141,Utah Royals,1,1,True,STATUS_FULL_TIME,https://www.espn.com/soccer/match/_/gameId/698032,,,True
2024,698033,regular-season,2024-11-01,2024-11-01,2024-11-02T01:30Z,19141,Utah Royals,15364,Gotham FC,1,4,True,STATUS_FULL_TIME,https://www.espn.com/soccer/match/_/gameId/698033,,,True
2024,698034,regular-season,2024-11-01,2024-11-01,2024-11-02T02:00Z,15362,Portland Thorns FC,21422,Angel City FC,3,0,True,STATUS_FULL_TIME,https://www.espn.com/soccer/match/_/gameId/698034,,,True
2024,698035,regular-season,2024-11-02,2024-11-02,2024-11-02T21:00Z,18206,Orlando Pride,15363,Seattle Reign FC,3,2,True,STATUS_FULL_TIME,https://www.espn.com/soccer/match/_/gameId/698035,,,True
2024,698036,regular-season,2024-11-02,2024-11-02,2024-11-02T23:30Z,15366,North Carolina Courage,15365,Washington Spirit,0,1,True,STATUS_FULL_TIME,https://www.espn.com/soccer/match/_/gameId/698036,,,True
2024,698037,regular-season,2024-11-02,2024-11-02,2024-11-03T01:30Z,17346,Houston Dash,22187,Bay FC,2,3,True,STATUS_FULL_TIME,https://www.espn.com/soccer/match/_/gameId/698037,,,True
2024,698038,regular-season,2024-11-03,2024-11-03,2024-11-03T20:00Z,15360,Chicago Red Stars,20907,Kansas City Current,1,3,True,STATUS_FULL_TIME,https://www.espn.com/soccer/match/_/gameId/698038,,,True
2024,698039,regular-season,2024-11-03,2024-11-03,2024-11-03T22:30Z,21423,San Diego Wave FC,20905,Racing Louisville FC,3,1,True,STATUS_FULL_TIME,https://www.espn.com/soccer/match/_/gameId/698039,,,True
2024,712960,playoffs---quarterfinals,2024-11-08,2024-11-08,2024-11-09T01:00Z,18206,Orlando Pride,15360,Chicago Red Stars,4,1,True,STATUS_FULL_TIME,https://www.espn.com/soccer/match/_/gameId/712960,,,False
2024,712957,playoffs---quarterfinals,2024-11-09,2024-11-09,2024-11-09T17:00Z,20907,Kansas City Current,15366,North Carolina Courage,1,0,True,STATUS_FULL_TIME,https://www.espn.com/soccer/match/_/gameId/712957,,,False
2024,712958,playoffs---quarterfinals,2024-11-10,2024-11-10,2024-11-10T20:00Z,15364,Gotham FC,15362,Portland Thorns FC,2,1,True,STATUS_FULL_TIME,https://www.espn.com/soccer/match/_/gameId/712958,,,False
2024,712959,playoffs---quarterfinals,2024-11-10,2024-11-10,2024-11-10T17:30Z,15365,Washington Spirit,22187,Bay FC,2,1,True,STATUS_FINAL_AET,https://www.espn.com/soccer/match/_/gameId/712959,,,False
2024,712961,playoffs---semifinals,2024-11-16,2024-11-16,2024-11-16T17:00Z,15365,Washington Spirit,15364,Gotham FC,1,1,True,STATUS_FINAL_PEN,https://www.espn.com/soccer/match/_/gameId/712961,,,False
2024,712962,playoffs---semifinals,2024-11-17,2024-11-17,2024-11-17T20:00Z,18206,Orlando Pride,20907,Kansas City Current,3,2,True,STATUS_FULL_TIME,https://www.espn.com/soccer/match/_/gameId/712962,,,False
2024,723586,playoffs---championship,2024-11-23,2024-11-23,2024-11-24T01:00Z,18206,Orlando Pride,15365,Washington Spirit,1,0,True,STATUS_FULL_TIME,https://www.espn.com/soccer/match/_/gameId/723586,,,False
2025,731390,regular-season,2025-03-14,2025-03-14,2025-03-15T00:00Z,17346,Houston Dash,15365,Washington Spirit,1,2,True,STATUS_FULL_TIME,https://www.espn.com/soccer/match/_/gameId/731390,,,True
2025,731391,regular-season,2025-03-14,2025-03-14,2025-03-15T00:00Z,18206,Orlando Pride,15360,Chicago Stars FC,6,0,True,STATUS_FULL_TIME,https://www.espn.com/soccer/match/_/gameId/731391,,,True
2025,731392,regular-season,2025-03-15,2025-03-15,2025-03-15T16:45Z,20907,Kansas City Current,15362,Portland Thorns FC,3,1,True,STATUS_FULL_TIME,https://www.espn.com/soccer/match/_/gameId/731392,,,True
2025,731393,regular-season,2025-03-15,2025-03-15,2025-03-16T00:00Z,20905,Racing Louisville FC,15366,North Carolina Courage,1,1,True,STATUS_FULL_TIME,https://www.espn.com/soccer/match/_/gameId/731393,,,True
2025,731394,regular-season,2025-03-15,2025-03-15,2025-03-15T23:30Z,19141,Utah Royals,22187,Bay FC,1,1,True,STATUS_FULL_TIME,https://www.espn.com/soccer/match/_/gameId/731394,,,True
2025,731395,regular-season,2025-03-15,2025-03-15,2025-03-16T02:00Z,15363,Seattle Reign FC,15364,Gotham FC,1,1,True,STATUS_FULL_TIME,https://www.espn.com/soccer/match/_/gameId/731395,,,True
2025,731396,regular-season,2025-03-16,2025-03-16,2025-03-16T22:50Z,21422,Angel City FC,21423,San Diego Wave FC,1,1,True,STATUS_FULL_TIME,https://www.espn.com/soccer/match/_/gameId/731396,,,True
2025,731397,regular-season,2025-03-21,2025-03-21,2025-03-22T02:00Z,15362,Portland Thorns FC,21422,Angel City FC,1,1,True,STATUS_FULL_TIME,https://www.espn.com/soccer/match/_/gameId/731397,,,True
2025,731398,regular-season,2025-03-22,2025-03-22,2025-03-22T23:00Z,15366,North Carolina Courage,15363,Seattle Reign FC,1,2,True,STATUS_FULL_TIME,https://www.espn.com/soccer/match/_/gameId/731398,,,True
2025,731399,regular-season,2025-03-22,2025-03-22,2025-03-22T23:30Z,15365,Washington Spirit,20907,Kansas City Current,0,2,True,STATUS_FULL_TIME,https://www.espn.com/soccer/match/_/gameId/731399,,,True
2025,731400,regular-season,2025-03-22,2025-03-22,2025-03-23T02:00Z,22187,Bay FC,20905,Racing Louisville FC,2,0,True,STATUS_FULL_TIME,https://www.espn.com/soccer/match/_/gameId/731400,,,True
2025,731401,regular-season,2025-03-22,2025-03-22,2025-03-23T02:00Z,21423,San Diego Wave FC,19141,Utah Royals,3,2,True,STATUS_FULL_TIME,https://www.espn.com/soccer/match/_/gameId/731401,,,True
2025,731402,regular-season,2025-03-23,2025-03-23,2025-03-23T21:00Z,15364,Gotham FC,18206,Orlando Pride,0,2,True,STATUS_FULL_TIME,https://www.espn.com/soccer/match/_/gameId/731402,,,True
2025,731403,regular-season,2025-03-23,2025-03-23,2025-03-23T19:00Z,15360,Chicago Stars FC,17346,Houston Dash,1,2,True,STATUS_FULL_TIME,https://www.espn.com/soccer/match/_/gameId/731403,,,True
2025,731404,regular-season,2025-03-28,2025-03-28,2025-03-29T00:00Z,17346,Houston Dash,15364,Gotham FC,0,0,True,STATUS_FULL_TIME,https://www.espn.com/soccer/match/_/gameId/731404,,,True
2025,731405,regular-season,2025-03-28,2025-03-28,2025-03-29T00:00Z,15365,Washington Spirit,22187,Bay FC,2,0,True,STATUS_FULL_TIME,https://www.espn.com/soccer/match/_/gameId/731405,,,True
2025,731406,regular-season,2025-03-29,2025-03-29,2025-03-29T16:00Z,18206,Orlando Pride,21423,San Diego Wave FC,2,1,True,STATUS_FULL_TIME,https://www.espn.com/soccer/match/_/gameId/731406,,,True
2025,731407,regular-season,2025-03-29,2025-03-29,2025-03-29T23:30Z,20907,Kansas City Current,19141,Utah Royals,3,0,True,STATUS_FULL_TIME,https://www.espn.com/soccer/match/_/gameId/731407,,,True
2025,731408,regular-season,2025-03-29,2025-03-29,2025-03-30T02:00Z,15362,Portland Thorns FC,15366,North Carolina Courage,0,0,True,STATUS_FULL_TIME,https://www.espn.com/soccer/match/_/gameId/731408,,,True
2025,731409,regular-season,2025-03-30,2025-03-30,2025-03-30T20:00Z,15360,Chicago Stars FC,20905,Racing Louisville FC,0,1,True,STATUS_FULL_TIME,https://www.espn.com/soccer/match/_/gameId/731409,,,True
2025,731410,regular-season,2025-03-30,2025-03-30,2025-03-31T00:00Z,21422,Angel City FC,15363,Seattle Reign FC,2,1,True,STATUS_FULL_TIME,https://www.espn.com/soccer/match/_/gameId/731410,,,True
2025,731411,regular-season,2025-04-11,2025-04-11,2025-04-12T02:00Z,19141,Utah Royals,15362,Portland Thorns FC,0,1,True,STATUS_FULL_TIME,https://www.espn.com/soccer/match/_/gameId/731411,,,True
2025,731412,regular-season,2025-04-12,2025-04-12,2025-04-12T21:00Z,17346,Houston Dash,21422,Angel City FC,1,3,True,STATUS_FULL_TIME,https://www.espn.com/soccer/match/_/gameId/731412,,,True
2025,731413,regular-season,2025-04-12,2025-04-12,2025-04-12T21:00Z,20905,Racing Louisville FC,15365,Washington Spirit,0,2,True,STATUS_FULL_TIME,https://www.espn.com/soccer/match/_/gameId/731413,,,True
2025,731414,regular-season,2025-04-12,2025-04-12,2025-04-12T23:30Z,15363,Seattle Reign FC,18206,Orlando Pride,0,1,True,STATUS_FULL_TIME,https://www.espn.com/soccer/match/_/gameId/731414,,,True
2025,731415,regular-season,2025-04-12,2025-04-12,2025-04-13T02:00Z,21423,San Diego Wave FC,20907,Kansas City Current,0,2,True,STATUS_FULL_TIME,https://www.espn.com/soccer/match/_/gameId/731415,,,True
2025,731416,regular-season,2025-04-13,2025-04-13,2025-04-13T20:00Z,15364,Gotham FC,15366,North Carolina Courage,3,1,True,STATUS_FULL_TIME,https://www.espn.com/soccer/match/_/gameId/731416,,,True
2025,731417,regular-season,2025-04-13,2025-04-13,2025-04-13T23:00Z,22187,Bay FC,15360,Chicago Stars FC,1,2,True,STATUS_FULL_TIME,https://www.espn.com/soccer/match/_/gameId/731417,,,True
2025,731418,regular-season,2025-04-18,2025-04-18,2025-04-19T01:30Z,19141,Utah Royals,15360,Chicago Stars FC,1,0,True,STATUS_FULL_TIME,https://www.espn.com/soccer/match/_/gameId/731418,,,True
2025,731419,regular-season,2025-04-18,2025-04-18,2025-04-19T02:00Z,15363,Seattle Reign FC,15362,Portland Thorns FC,1,0,True,STATUS_FULL_TIME,https://www.espn.com/soccer/match/_/gameId/731419,,,True
2025,731420,regular-season,2025-04-18,2025-04-18,2025-04-19T02:30Z,21422,Angel City FC,15364,Gotham FC,0,4,True,STATUS_FULL_TIME,https://www.espn.com/soccer/match/_/gameId/731420,,,True
2025,731421,regular-season,2025-04-19,2025-04-19,2025-04-19T19:00Z,20905,Racing Louisville FC,21423,San Diego Wave FC,1,4,True,STATUS_FULL_TIME,https://www.espn.com/soccer/match/_/gameId/731421,,,True
2025,731422,regular-season,2025-04-19,2025-04-19,2025-04-19T21:05Z,18206,Orlando Pride,15365,Washington Spirit,0,1,True,STATUS_FULL_TIME,https://www.espn.com/soccer/match/_/gameId/731422,,,True
2025,731423,regular-season,2025-04-19,2025-04-19,2025-04-19T23:00Z,15366,North Carolina Courage,22187,Bay FC,0,1,True,STATUS_FULL_TIME,https://www.espn.com/soccer/match/_/gameId/731423,,,True
2025,731424,regular-season,2025-04-19,2025-04-19,2025-04-19T23:30Z,20907,Kansas City Current,17346,Houston Dash,2,0,True,STATUS_FULL_TIME,https://www.espn.com/soccer/match/_/gameId/731424,,,True
2025,731425,regular-season,2025-04-22,2025-04-22,2025-04-23T02:30Z,15362,Portland Thorns FC,15364,Gotham FC,4,1,True,STATUS_FULL_TIME,https://www.espn.com/soccer/match/_/gameId/731425,,,True
2025,731426,regular-season,2025-04-25,2025-04-25,2025-04-26T00:00Z,17346,Houston Dash,19141,Utah Royals,1,0,True,STATUS_FULL_TIME,https://www.espn.com/soccer/match/_/gameId/731426,,,True
2025,731427,regular-season,2025-04-25,2025-04-25,2025-04-26T00:00Z,18206,Orlando Pride,21422,Angel City FC,3,2,True,STATUS_FULL_TIME,https://www.espn.com/soccer/match/_/gameId/731427,,,True
2025,731428,regular-season,2025-04-26,2025-04-26,2025-04-26T17:00Z,15365,Washington Spirit,15364,Gotham FC,0,3,True,STATUS_FULL_TIME,https://www.espn.com/soccer/match/_/gameId/731428,,,True
2025,731429,regular-season,2025-04-26,2025-04-26,2025-04-26T23:00Z,15366,North Carolina Courage,20907,Kansas City Current,3,2,True,STATUS_FULL_TIME,https://www.espn.com/soccer/match/_/gameId/731429,,,True
2025,731430,regular-season,2025-04-26,2025-04-26,2025-04-26T23:30Z,15360,Chicago Stars FC,21423,San Diego Wave FC,0,3,True,STATUS_FULL_TIME,https://www.espn.com/soccer/match/_/gameId/731430,,,True
2025,731431,regular-season,2025-04-26,2025-04-26,2025-04-27T02:00Z,22187,Bay FC,15363,Seattle Reign FC,1,1,True,STATUS_FULL_TIME,https://www.espn.com/soccer/match/_/gameId/731431,,,True
2025,731432,regular-season,2025-04-27,2025-04-27,2025-04-27T20:00Z,15362,Portland Thorns FC,20905,Racing Louisville FC,3,3,True,STATUS_FULL_TIME,https://www.espn.com/soccer/match/_/gameId/731432,,,True
2025,731433,regular-season,2025-05-02,2025-05-02,2025-05-03T01:58Z,17346,Houston Dash,20905,Racing Louisville FC,1,2,True,STATUS_FULL_TIME,https://www.espn.com/soccer/match/_/gameId/731433,,,True
2025,731434,regular-season,2025-05-02,2025-05-02,2025-05-03T00:00Z,15365,Washington Spirit,21422,Angel City FC,3,4,True,STATUS_FULL_TIME,https://www.espn.com/soccer/match/_/gameId/731434,,,True
2025,731435,regular-season,2025-05-02,2025-05-02,2025-05-03T02:30Z,15363,Seattle Reign FC,20907,Kansas City Current,1,0,True,STATUS_FULL_TIME,https://www.espn.com/soccer/match/_/gameId/731435,,,True
2025,731436,regular-season,2025-05-03,2025-05-03,2025-05-03T23:30Z,15362,Portland Thorns FC,18206,Orlando Pride,1,0,True,STATUS_FULL_TIME,https://www.espn.com/soccer/match/_/gameId/731436,,,True
2025,731437,regular-season,2025-05-03,2025-05-03,2025-05-04T02:00Z,19141,Utah Royals,15366,North Carolina Courage,0,2,True,STATUS_FULL_TIME,https://www.espn.com/soccer/match/_/gameId/731437,,,True
2025,731438,regular-season,2025-05-04,2025-05-04,2025-05-04T17:00Z,15364,Gotham FC,15360,Chicago Stars FC,0,0,True,STATUS_FULL_TIME,https://www.espn.com/soccer/match/_/gameId/731438,,,True
2025,731439,regular-season,2025-05-04,2025-05-04,2025-05-05T00:00Z,21423,San Diego Wave FC,22187,Bay FC,2,1,True,STATUS_FULL_TIME,https://www.espn.com/soccer/match/_/gameId/731439,,,True
2025,731440,regular-season,2025-05-09,2025-05-09,2025-05-10T00:00Z,20905,Racing Louisville FC,15364,Gotham FC,1,0,True,STATUS_FULL_TIME,https://www.espn.com/soccer/match/_/gameId/731440,,,True
2025,731441,regular-season,2025-05-09,2025-05-09,2025-05-10T02:30Z,21422,Angel City FC,19141,Utah Royals,2,0,True,STATUS_FULL_TIME,https://www.espn.com/soccer/match/_/gameId/731441,,,True
2025,731442,regular-season,2025-05-10,2025-05-10,2025-05-10T16:50Z,15360,Chicago Stars FC,15365,Washington Spirit,2,3,True,STATUS_FULL_TIME,https://www.espn.com/soccer/match/_/gameId/731442,,,True
2025,731443,regular-season,2025-05-10,2025-05-10,2025-05-10T23:30Z,15366,North Carolina Courage,18206,Orlando Pride,1,1,True,STATUS_FULL_TIME,https://www.espn.com/soccer/match/_/gameId/731443,,,True
2025,731444,regular-season,2025-05-10,2025-05-10,2025-05-11T02:00Z,21423,San Diego Wave FC,15362,Portland Thorns FC,1,1,True,STATUS_FULL_TIME,https://www.espn.com/soccer/match/_/gameId/731444,,,True
2025,731445,regular-season,2025-05-11,2025-05-11,2025-05-11T16:50Z,20907,Kansas City Current,22187,Bay FC,4,1,True,STATUS_FULL_TIME,https://www.espn.com/soccer/match/_/gameId/731445,,,True
2025,731446,regular-season,2025-05-11,2025-05-11,2025-05-12T00:00Z,15363,Seattle Reign FC,17346,Houston Dash,0,1,True,STATUS_FULL_TIME,https://www.espn.com/soccer/match/_/gameId/731446,,,True
2025,731447,regular-season,2025-05-16,2025-05-16,2025-05-16T23:30Z,15364,Gotham FC,21423,San Diego Wave FC,0,1,True,STATUS_FULL_TIME,https://www.espn.com/soccer/match/_/gameId/731447,,,True
2025,731449,regular-season,2025-05-16,2025-05-16,2025-05-17T00:00Z,17346,Houston Dash,15362,Portland Thorns FC,1,4,True,STATUS_FULL_TIME,https://www.espn.com/soccer/match/_/gameId/731449,,,True
2025,731450,regular-season,2025-05-16,2025-05-16,2025-05-17T00:00Z,18206,Orlando Pride,20907,Kansas City Current,0,1,True,STATUS_FULL_TIME,https://www.espn.com/soccer/match/_/gameId/731450,,,True
2025,731448,regular-season,2025-05-17,2025-05-17,2025-05-17T17:00Z,20905,Racing Louisville FC,15363,Seattle Reign FC,0,1,True,STATUS_FULL_TIME,https://www.espn.com/soccer/match/_/gameId/731448,,,True
2025,731451,regular-season,2025-05-17,2025-05-17,2025-05-17T21:00Z,15366,North Carolina Courage,15360,Chicago Stars FC,2,0,True,STATUS_FULL_TIME,https://www.espn.com/soccer/match/_/gameId/731451,,,True
2025,731452,regular-season,2025-05-17,2025-05-17,2025-05-17T23:30Z,15365,Washington Spirit,19141,Utah Royals,3,3,True,STATUS_FULL_TIME,https://www.espn.com/soccer/match/_/gameId/731452,,,True
2025,731453,regular-season,2025-05-17,2025-05-17,2025-05-18T02:00Z,22187,Bay FC,21422,Angel City FC,2,0,True,STATUS_FULL_TIME,https://www.espn.com/soccer/match/_/gameId/731453,,,True
2025,731454,regular-season,2025-05-23,2025-05-23,2025-05-24T01:30Z,19141,Utah Royals,18206,Orlando Pride,1,3,True,STATUS_FULL_TIME,https://www.espn.com/soccer/match/_/gameId/731454,,,True
2025,731455,regular-season,2025-05-23,2025-05-23,2025-05-24T02:00Z,15363,Seattle Reign FC,15365,Washington Spirit,1,2,True,STATUS_FULL_TIME,https://www.espn.com/soccer/match/_/gameId/731455,,,True
2025,731456,regular-season,2025-05-24,2025-05-24,2025-05-25T00:00Z,17346,Houston Dash,22187,Bay FC,2,2,True,STATUS_FULL_TIME,https://www.espn.com/soccer/match/_/gameId/731456,,,True
2025,731457,regular-season,2025-05-24,2025-05-24,2025-05-24T23:30Z,15360,Chicago Stars FC,20907,Kansas City Current,1,3,True,STATUS_FULL_TIME,https://www.espn.com/soccer/match/_/gameId/731457,,,True
2025,731458,regular-season,2025-05-24,2025-05-24,2025-05-25T02:00Z,21422,Angel City FC,20905,Racing Louisville FC,2,3,True,STATUS_FULL_TIME,https://www.espn.com/soccer/match/_/gameId/731458,,,True
2025,731459,regular-season,2025-05-25,2025-05-25,2025-05-26T02:00Z,21423,San Diego Wave FC,15366,North Carolina Courage,5,2,True,STATUS_FULL_TIME,https://www.espn.com/soccer/match/_/gameId/731459,,,True
2025,731460,regular-season,2025-06-06,2025-06-06,2025-06-07T00:34Z,20905,Racing Louisville FC,19141,Utah Royals,3,2,True,STATUS_FULL_TIME,https://www.espn.com/soccer/match/_/gameId/731460,,,True
2025,731461,regular-season,2025-06-06,2025-06-06,2025-06-07T02:00Z,21423,San Diego Wave FC,15363,Seattle Reign FC,1,2,True,STATUS_FULL_TIME,https://www.espn.com/soccer/match/_/gameId/731461,,,True
2025,731462,regular-season,2025-06-07,2025-06-07,2025-06-07T17:00Z,15364,Gotham FC,20907,Kansas City Current,1,2,True,STATUS_FULL_TIME,https://www.espn.com/soccer/match/_/gameId/731462,,,True
2025,731463,regular-season,2025-06-07,2025-06-07,2025-06-07T23:00Z,18206,Orlando Pride,17346,Houston Dash,1,0,True,STATUS_FULL_TIME,https://www.espn.com/soccer/match/_/gameId/731463,,,True
2025,731464,regular-season,2025-06-07,2025-06-07,2025-06-07T23:30Z,22187,Bay FC,15362,Portland Thorns FC,1,0,True,STATUS_FULL_TIME,https://www.espn.com/soccer/match/_/gameId/731464,,,True
2025,731465,regular-season,2025-06-07,2025-06-07,2025-06-08T02:00Z,21422,Angel City FC,15360,Chicago Stars FC,2,2,True,STATUS_FULL_TIME,https://www.espn.com/soccer/match/_/gameId/731465,,,True
2025,731466,regular-season,2025-06-08,2025-06-08,2025-06-08T20:00Z,15365,Washington Spirit,15366,North Carolina Courage,3,1,True,STATUS_FULL_TIME,https://www.espn.com/soccer/match/_/gameId/731466,,,True
2025,731467,regular-season,2025-06-13,2025-06-13,2025-06-14T00:00Z,17346,Houston Dash,21423,San Diego Wave FC,2,3,True,STATUS_FULL_TIME,https://www.espn.com/soccer/match/_/gameId/731467,,,True
2025,731468,regular-season,2025-06-13,2025-06-13,2025-06-14T01:30Z,19141,Utah Royals,15364,Gotham FC,0,3,True,STATUS_FULL_TIME,https://www.espn.com/soccer/match/_/gameId/731468,,,True
2025,731469,regular-season,2025-06-13,2025-06-13,2025-06-14T02:00Z,22187,Bay FC,18206,Orlando Pride,0,1,True,STATUS_FULL_TIME,https://www.espn.com/soccer/match/_/gameId/731469,,,True
2025,731470,regular-season,2025-06-14,2025-06-14,2025-06-14T21:00Z,15360,Chicago Stars FC,15363,Seattle Reign FC,2,2,True,STATUS_FULL_TIME,https://www.espn.com/soccer/match/_/gameId/731470,,,True
2025,731471,regular-season,2025-06-14,2025-06-14,2025-06-14T23:30Z,20907,Kansas City Current,20905,Racing Louisville FC,4,2,True,STATUS_FULL_TIME,https://www.espn.com/soccer/match/_/gameId/731471,,,True
2025,731472,regular-season,2025-06-14,2025-06-14,2025-06-15T02:00Z,21422,Angel City FC,15366,North Carolina Courage,1,2,True,STATUS_FULL_TIME,https://www.espn.com/soccer/match/_/gameId/731472,,,True
2025,731473,regular-season,2025-06-15,2025-06-15,2025-06-15T20:00Z,15362,Portland Thorns FC,15365,Washington Spirit,2,0,True,STATUS_FULL_TIME,https://www.espn.com/soccer/match/_/gameId/731473,,,True
2025,731474,regular-season,2025-06-20,2025-06-20,2025-06-21T00:00Z,20907,Kansas City Current,21422,Angel City FC,1,0,True,STATUS_FULL_TIME,https://www.espn.com/soccer/match/_/gameId/731474,,,True
2025,731475,regular-season,2025-06-20,2025-06-20,2025-06-21T00:00Z,20905,Racing Louisville FC,18206,Orlando Pride,2,0,True,STATUS_FULL_TIME,https://www.espn.com/soccer/match/_/gameId/731475,,,True
2025,731476,regular-season,2025-06-21,2025-06-21,2025-06-21T21:00Z,19141,Utah Royals,15363,Seattle Reign FC,1,4,True,STATUS_FULL_TIME,https://www.espn.com/soccer/match/_/gameId/731476,,,True
2025,731477,regular-season,2025-06-21,2025-06-21,2025-06-21T23:30Z,15364,Gotham FC,22187,Bay FC,2,1,True,STATUS_FULL_TIME,https://www.espn.com/soccer/match/_/gameId/731477,,,True
2025,731478,regular-season,2025-06-21,2025-06-21,2025-06-21T23:30Z,15366,North Carolina Courage,17346,Houston Dash,2,1,True,STATUS_FULL_TIME,https://www.espn.com/soccer/match/_/gameId/731478,,,True
2025,731479,regular-season,2025-06-21,2025-06-21,2025-06-22T02:00Z,15362,Portland Thorns FC,15360,Chicago Stars FC,1,0,True,STATUS_FULL_TIME,https://www.espn.com/soccer/match/_/gameId/731479,,,True
2025,731480,regular-season,2025-06-22,2025-06-22,2025-06-23T02:00Z,21423,San Diego Wave FC,15365,Washington Spirit,0,0,True,STATUS_FULL_TIME,https://www.espn.com/soccer/match/_/gameId/731480,,,True
2025,731481,regular-season,2025-08-01,2025-08-01,2025-08-02T00:00Z,15360,Chicago Stars FC,15364,Gotham FC,1,1,True,STATUS_FULL_TIME,https://www.espn.com/soccer/match/_/gameId/731481,,,True
2025,731482,regular-season,2025-08-01,2025-08-01,2025-08-02T00:00Z,20905,Racing Louisville FC,20907,Kansas City Current,0,2,True,STATUS_FULL_TIME,https://www.espn.com/soccer/match/_/gameId/731482,,,True
2025,731483,regular-season,2025-08-01,2025-08-01,2025-08-02T02:30Z,15363,Seattle Reign FC,21422,Angel City FC,2,0,True,STATUS_FULL_TIME,https://www.espn.com/soccer/match/_/gameId/731483,,,True
2025,731484,regular-season,2025-08-02,2025-08-02,2025-08-02T23:30Z,15366,North Carolina Courage,21423,San Diego Wave FC,0,0,True,STATUS_FULL_TIME,https://www.espn.com/soccer/match/_/gameId/731484,,,True
2025,731485,regular-season,2025-08-02,2025-08-02,2025-08-03T02:00Z,22187,Bay FC,17346,Houston Dash,2,2,True,STATUS_FULL_TIME,https://www.espn.com/soccer/match/_/gameId/731485,,,True
2025,731486,regular-season,2025-08-03,2025-08-03,2025-08-03T16:30Z,15365,Washington Spirit,15362,Portland Thorns FC,2,1,True,STATUS_FULL_TIME,https://www.espn.com/soccer/match/_/gameId/731486,,,True
2025,731487,regular-season,2025-08-03,2025-08-03,2025-08-03T22:00Z,18206,Orlando Pride,19141,Utah Royals,1,1,True,STATUS_FULL_TIME,https://www.espn.com/soccer/match/_/gameId/731487,,,True
2025,731488,regular-season,2025-08-08,2025-08-08,2025-08-09T00:47Z,17346,Houston Dash,15366,North Carolina Courage,2,1,True,STATUS_FULL_TIME,https://www.espn.com/soccer/match/_/gameId/731488,,,True
2025,731489,regular-season,2025-08-08,2025-08-08,2025-08-09T02:00Z,19141,Utah Royals,20907,Kansas City Current,0,1,True,STATUS_FULL_TIME,https://www.espn.com/soccer/match/_/gameId/731489,,,True
2025,731490,regular-season,2025-08-09,2025-08-09,2025-08-09T16:00Z,15364,Gotham FC,15365,Washington Spirit,0,0,True,STATUS_FULL_TIME,https://www.espn.com/soccer/match/_/gameId/731490,,,True
2025,731491,regular-season,2025-08-09,2025-08-09,2025-08-09T23:30Z,18206,Orlando Pride,20905,Racing Louisville FC,1,1,True,STATUS_FULL_TIME,https://www.espn.com/soccer/match/_/gameId/731491,,,True
2025,731492,regular-season,2025-08-09,2025-08-09,2025-08-10T02:00Z,21423,San Diego Wave FC,21422,Angel City FC,1,1,True,STATUS_FULL_TIME,https://www.espn.com/soccer/match/_/gameId/731492,,,True
2025,731493,regular-season,2025-08-10,2025-08-10,2025-08-10T18:00Z,15360,Chicago Stars FC,22187,Bay FC,1,1,True,STATUS_FULL_TIME,https://www.espn.com/soccer/match/_/gameId/731493,,,True
2025,731494,regular-season,2025-08-10,2025-08-10,2025-08-10T20:00Z,15362,Portland Thorns FC,15363,Seattle Reign FC,4,2,True,STATUS_FULL_TIME,https://www.espn.com/soccer/match/_/gameId/731494,,,True
2025,731495,regular-season,2025-08-15,2025-08-15,2025-08-16T00:00Z,15365,Washington Spirit,20905,Racing Louisville FC,2,2,True,STATUS_FULL_TIME,https://www.espn.com/soccer/match/_/gameId/731495,,,True
2025,731496,regular-season,2025-08-15,2025-08-15,2025-08-16T02:00Z,19141,Utah Royals,21422,Angel City FC,0,0,True,STATUS_FULL_TIME,https://www.espn.com/soccer/match/_/gameId/731496,,,True
2025,731497,regular-season,2025-08-16,2025-08-16,2025-08-16T23:28Z,20907,Kansas City Current,18206,Orlando Pride,0,0,True,STATUS_FULL_TIME,https://www.espn.com/soccer/match/_/gameId/731497,,,True
2025,731498,regular-season,2025-08-16,2025-08-16,2025-08-16T23:30Z,15366,North Carolina Courage,15362,Portland Thorns FC,1,1,True,STATUS_FULL_TIME,https://www.espn.com/soccer/match/_/gameId/731498,,,True
2025,731499,regular-season,2025-08-16,2025-08-16,2025-08-17T02:00Z,22187,Bay FC,21423,San Diego Wave FC,1,2,True,STATUS_FULL_TIME,https://www.espn.com/soccer/match/_/gameId/731499,,,True
2025,731500,regular-season,2025-08-17,2025-08-17,2025-08-17T20:00Z,15364,Gotham FC,17346,Houston Dash,1,2,True,STATUS_FULL_TIME,https://www.espn.com/soccer/match/_/gameId/731500,,,True
2025,731501,regular-season,2025-08-18,2025-08-18,2025-08-19T02:00Z,15363,Seattle Reign FC,15360,Chicago Stars FC,3,3,True,STATUS_FULL_TIME,https://www.espn.com/soccer/match/_/gameId/731501,,,True
2025,731502,regular-season,2025-08-21,2025-08-21,2025-08-22T02:30Z,21422,Angel City FC,18206,Orlando Pride,1,0,True,STATUS_FULL_TIME,https://www.espn.com/soccer/match/_/gameId/731502,,,True
2025,731503,regular-season,2025-08-22,2025-08-22,2025-08-23T00:00Z,15360,Chicago Stars FC,15366,North Carolina Courage,3,3,True,STATUS_FULL_TIME,https://www.espn.com/soccer/match/_/gameId/731503,,,True
2025,731504,regular-season,2025-08-23,2025-08-23,2025-08-23T20:00Z,22187,Bay FC,15365,Washington Spirit,2,3,True,STATUS_FULL_TIME,https://www.espn.com/soccer/match/_/gameId/731504,,,True
2025,731505,regular-season,2025-08-23,2025-08-23,2025-08-23T23:30Z,15364,Gotham FC,19141,Utah Royals,0,0,True,STATUS_FULL_TIME,https://www.espn.com/soccer/match/_/gameId/731505,,,True
2025,731506,regular-season,2025-08-23,2025-08-23,2025-08-24T02:00Z,15362,Portland Thorns FC,20907,Kansas City Current,0,2,True,STATUS_FULL_TIME,https://www.espn.com/soccer/match/_/gameId/731506,,,True
2025,731507,regular-season,2025-08-24,2025-08-24,2025-08-24T23:20Z,17346,Houston Dash,15363,Seattle Reign FC,1,1,True,STATUS_FULL_TIME,https://www.espn.com/soccer/match/_/gameId/731507,,,True
2025,731508,regular-season,2025-08-24,2025-08-24,2025-08-25T00:00Z,21423,San Diego Wave FC,20905,Racing Louisville FC,0,1,True,STATUS_FULL_TIME,https://www.espn.com/soccer/match/_/gameId/731508,,,True
2025,731509,regular-season,2025-08-29,2025-08-29,2025-08-29T23:30Z,20905,Racing Louisville FC,17346,Houston Dash,1,1,True,STATUS_FULL_TIME,https://www.espn.com/soccer/match/_/gameId/731509,,,True
2025,731510,regular-season,2025-08-29,2025-08-29,2025-08-30T00:00Z,18206,Orlando Pride,15364,Gotham FC,0,2,True,STATUS_FULL_TIME,https://www.espn.com/soccer/match/_/gameId/731510,,,True
2025,731511,regular-season,2025-08-29,2025-08-29,2025-08-30T02:30Z,15362,Portland Thorns FC,19141,Utah Royals,1,2,True,STATUS_FULL_TIME,https://www.espn.com/soccer/match/_/gameId/731511,,,True
2025,731512,regular-season,2025-08-29,2025-08-29,2025-08-30T02:30Z,15363,Seattle Reign FC,21423,San Diego Wave FC,0,0,True,STATUS_FULL_TIME,https://www.espn.com/soccer/match/_/gameId/731512,,,True
2025,731513,regular-season,2025-08-30,2025-08-30,2025-08-30T23:30Z,20907,Kansas City Current,15366,North Carolina Courage,2,0,True,STATUS_FULL_TIME,https://www.espn.com/soccer/match/_/gameId/731513,,,True
2025,731514,regular-season,2025-08-31,2025-08-31,2025-08-31T20:00Z,15365,Washington Spirit,15360,Chicago Stars FC,1,1,True,STATUS_FULL_TIME,https://www.espn.com/soccer/match/_/gameId/731514,,,True
2025,731515,regular-season,2025-09-01,2025-09-01,2025-09-02T01:00Z,21422,Angel City FC,22187,Bay FC,2,1,True,STATUS_FULL_TIME,https://www.espn.com/soccer/match/_/gameId/731515,,,True
2025,731516,regular-season,2025-09-05,2025-09-05,2025-09-06T00:00Z,20905,Racing Louisville FC,15362,Portland Thorns FC,1,2,True,STATUS_FULL_TIME,https://www.espn.com/soccer/match/_/gameId/731516,,,True
2025,731517,regular-season,2025-09-06,2025-09-06,2025-09-06T23:30Z,15366,North Carolina Courage,19141,Utah Royals,1,1,True,STATUS_FULL_TIME,https://www.espn.com/soccer/match/_/gameId/731517,,,True
2025,731518,regular-season,2025-09-06,2025-09-06,2025-09-07T02:00Z,22187,Bay FC,20907,Kansas City Current,0,2,True,STATUS_FULL_TIME,https://www.espn.com/soccer/match/_/gameId/731518,,,True
2025,731519,regular-season,2025-09-07,2025-09-07,2025-09-07T19:00Z,15360,Chicago Stars FC,18206,Orlando Pride,5,2,True,STATUS_FULL_TIME,https://www.espn.com/soccer/match/_/gameId/731519,,,True
2025,731520,regular-season,2025-09-07,2025-09-07,2025-09-07T20:00Z,15365,Washington Spirit,15363,Seattle Reign FC,2,0,True,STATUS_FULL_TIME,https://www.espn.com/soccer/match/_/gameId/731520,,,True
2025,731521,regular-season,2025-09-07,2025-09-07,2025-09-07T21:00Z,15364,Gotham FC,21422,Angel City FC,3,1,True,STATUS_FULL_TIME,https://www.espn.com/soccer/match/_/gameId/731521,,,True
2025,731522,regular-season,2025-09-07,2025-09-07,2025-09-08T00:30Z,21423,San Diego Wave FC,17346,Houston Dash,0,3,True,STATUS_FULL_TIME,https://www.espn.com/soccer/match/_/gameId/731522,,,True
2025,731523,regular-season,2025-09-12,2025-09-12,2025-09-13T02:00Z,21423,San Diego Wave FC,15364,Gotham FC,0,2,True,STATUS_FULL_TIME,https://www.espn.com/soccer/match/_/gameId/731523,,,True
2025,731524,regular-season,2025-09-13,2025-09-13,2025-09-13T16:30Z,15366,North Carolina Courage,21422,Angel City FC,2,1,True,STATUS_FULL_TIME,https://www.espn.com/soccer/match/_/gameId/731524,,,True
2025,731525,regular-season,2025-09-13,2025-09-13,2025-09-13T21:03Z,18206,Orlando Pride,22187,Bay FC,1,1,True,STATUS_FULL_TIME,https://www.espn.com/soccer/match/_/gameId/731525,,,True
2025,731526,regular-season,2025-09-13,2025-09-13,2025-09-13T23:30Z,20907,Kansas City Current,15365,Washington Spirit,0,0,True,STATUS_FULL_TIME,https://www.espn.com/soccer/match/_/gameId/731526,,,True
2025,731527,regular-season,2025-09-14,2025-09-14,2025-09-14T19:00Z,15360,Chicago Stars FC,15362,Portland Thorns FC,1,1,True,STATUS_FULL_TIME,https://www.espn.com/soccer/match/_/gameId/731527,,,True
2025,731528,regular-season,2025-09-14,2025-09-14,2025-09-14T22:00Z,19141,Utah Royals,17346,Houston Dash,2,0,True,STATUS_FULL_TIME,https://www.espn.com/soccer/match/_/gameId/731528,,,True
2025,731529,regular-season,2025-09-16,2025-09-16,2025-09-17T00:00Z,15363,Seattle Reign FC,20905,Racing Louisville FC,1,0,True,STATUS_FULL_TIME,https://www.espn.com/soccer/match/_/gameId/731529,,,True
2025,731530,regular-season,2025-09-18,2025-09-18,2025-09-19T02:30Z,21422,Angel City FC,15365,Washington Spirit,2,2,True,STATUS_FULL_TIME,https://www.espn.com/soccer/match/_/gameId/731530,,,True
2025,731531,regular-season,2025-09-19,2025-09-19,2025-09-20T00:00Z,18206,Orlando Pride,15366,North Carolina Courage,0,1,True,STATUS_FULL_TIME,https://www.espn.com/soccer/match/_/gameId/731531,,,True
2025,731532,regular-season,2025-09-19,2025-09-19,2025-09-20T00:00Z,17346,Houston Dash,15360,Chicago Stars FC,1,0,True,STATUS_FULL_TIME,https://www.espn.com/soccer/match/_/gameId/731532,,,True
2025,731533,regular-season,2025-09-19,2025-09-19,2025-09-20T02:00Z,19141,Utah Royals,20905,Racing Louisville FC,3,2,True,STATUS_FULL_TIME,https://www.espn.com/soccer/match/_/gameId/731533,,,True
2025,731534,regular-season,2025-09-20,2025-09-20,2025-09-20T23:30Z,20907,Kansas City Current,15363,Seattle Reign FC,2,0,True,STATUS_FULL_TIME,https://www.espn.com/soccer/match/_/gameId/731534,,,True
2025,731535,regular-season,2025-09-20,2025-09-20,2025-09-21T02:00Z,15362,Portland Thorns FC,21423,San Diego Wave FC,1,1,True,STATUS_FULL_TIME,https://www.espn.com/soccer/match/_/gameId/731535,,,True
2025,731536,regular-season,2025-09-21,2025-09-21,2025-09-22T00:30Z,22187,Bay FC,15364,Gotham FC,1,1,True,STATUS_FULL_TIME,https://www.espn.com/soccer/match/_/gameId/731536,,,True
2025,731537,regular-season,2025-09-26,2025-09-26,2025-09-27T00:00Z,15364,Gotham FC,15362,Portland Thorns FC,3,0,True,STATUS_FULL_TIME,https://www.espn.com/soccer/match/_/gameId/731537,,,True
2025,731538,regular-season,2025-09-26,2025-09-26,2025-09-27T00:00Z,20907,Kansas City Current,15360,Chicago Stars FC,4,1,True,STATUS_FULL_TIME,https://www.espn.com/soccer/match/_/gameId/731538,,,True
2025,731539,regular-season,2025-09-26,2025-09-26,2025-09-27T02:30Z,21423,San Diego Wave FC,18206,Orlando Pride,1,2,True,STATUS_FULL_TIME,https://www.espn.com/soccer/match/_/gameId/731539,,,True
2025,731540,regular-season,2025-09-27,2025-09-27,2025-09-27T23:30Z,20905,Racing Louisville FC,21422,Angel City FC,1,0,True,STATUS_FULL_TIME,https://www.espn.com/soccer/match/_/gameId/731540,,,True
2025,731541,regular-season,2025-09-27,2025-09-27,2025-09-28T02:00Z,22187,Bay FC,19141,Utah Royals,0,2,True,STATUS_FULL_TIME,https://www.espn.com/soccer/match/_/gameId/731541,,,True
2025,731542,regular-season,2025-09-28,2025-09-28,2025-09-28T17:00Z,15365,Washington Spirit,17346,Houston Dash,4,0,True,STATUS_FULL_TIME,https://www.espn.com/soccer/match/_/gameId/731542,,,True
2025,731543,regular-season,2025-09-28,2025-09-28,2025-09-29T00:00Z,15363,Seattle Reign FC,15366,North Carolina Courage,2,1,True,STATUS_FULL_TIME,https://www.espn.com/soccer/match/_/gameId/731543,,,True
2025,731544,regular-season,2025-10-03,2025-10-03,2025-10-04T00:00Z,17346,Houston Dash,18206,Orlando Pride,1,1,True,STATUS_FULL_TIME,https://www.espn.com/soccer/match/_/gameId/731544,,,True
2025,731545,regular-season,2025-10-04,2025-10-04,2025-10-04T23:30Z,15366,North Carolina Courage,20905,Racing Louisville FC,1,3,True,STATUS_FULL_TIME,https://www.espn.com/soccer/match/_/gameId/731545,,,True
2025,731546,regular-season,2025-10-04,2025-10-04,2025-10-05T02:00Z,15362,Portland Thorns FC,22187,Bay FC,2,1,True,STATUS_FULL_TIME,https://www.espn.com/soccer/match/_/gameId/731546,,,True
2025,731547,regular-season,2025-10-05,2025-10-05,2025-10-05T17:00Z,15365,Washington Spirit,21423,San Diego Wave FC,2,1,True,STATUS_FULL_TIME,https://www.espn.com/soccer/match/_/gameId/731547,,,True
2025,731548,regular-season,2025-10-05,2025-10-05,2025-10-05T20:00Z,15364,Gotham FC,15363,Seattle Reign FC,0,0,True,STATUS_FULL_TIME,https://www.espn.com/soccer/match/_/gameId/731548,,,True
2025,731549,regular-season,2025-10-05,2025-10-05,2025-10-05T20:00Z,15360,Chicago Stars FC,19141,Utah Royals,2,2,True,STATUS_FULL_TIME,https://www.espn.com/soccer/match/_/gameId/731549,,,True
2025,731550,regular-season,2025-10-06,2025-10-06,2025-10-07T02:30Z,21422,Angel City FC,20907,Kansas City Current,0,1,True,STATUS_FULL_TIME,https://www.espn.com/soccer/match/_/gameId/731550,,,True
2025,731551,regular-season,2025-10-10,2025-10-10,2025-10-10T23:30Z,20905,Racing Louisville FC,15360,Chicago Stars FC,1,1,True,STATUS_FULL_TIME,https://www.espn.com/soccer/match/_/gameId/731551,,,True
2025,731552,regular-season,2025-10-10,2025-10-10,2025-10-11T00:00Z,18206,Orlando Pride,15362,Portland Thorns FC,1,0,True,STATUS_FULL_TIME,https://www.espn.com/soccer/match/_/gameId/731552,,,True
2025,731553,regular-season,2025-10-10,2025-10-10,2025-10-11T02:30Z,15363,Seattle Reign FC,22187,Bay FC,1,1,True,STATUS_FULL_TIME,https://www.espn.com/soccer/match/_/gameId/731553,,,True
2025,731554,regular-season,2025-10-11,2025-10-11,2025-10-11T21:00Z,20907,Kansas City Current,15364,Gotham FC,2,0,True,STATUS_FULL_TIME,https://www.espn.com/soccer/match/_/gameId/731554,,,True
2025,731555,regular-season,2025-10-11,2025-10-11,2025-10-11T23:30Z,15366,North Carolina Courage,15365,Washington Spirit,1,1,True,STATUS_FULL_TIME,https://www.espn.com/soccer/match/_/gameId/731555,,,True
2025,731556,regular-season,2025-10-11,2025-10-11,2025-10-12T02:00Z,19141,Utah Royals,21423,San Diego Wave FC,2,3,True,STATUS_FULL_TIME,https://www.espn.com/soccer/match/_/gameId/731556,,,True
2025,731557,regular-season,2025-10-12,2025-10-12,2025-10-12T21:00Z,21422,Angel City FC,17346,Houston Dash,2,0,True,STATUS_FULL_TIME,https://www.espn.com/soccer/match/_/gameId/731557,,,True
2025,731558,regular-season,2025-10-17,2025-10-17,2025-10-18T02:00Z,15363,Seattle Reign FC,19141,Utah Royals,2,1,True,STATUS_FULL_TIME,https://www.espn.com/soccer/match/_/gameId/731558,,,True
2025,731559,regular-season,2025-10-17,2025-10-17,2025-10-18T02:00Z,22187,Bay FC,15366,North Carolina Courage,1,4,True,STATUS_FULL_TIME,https://www.espn.com/soccer/match/_/gameId/731559,,,True
2025,731560,regular-season,2025-10-18,2025-10-18,2025-10-18T16:30Z,15365,Washington Spirit,18206,Orlando Pride,2,3,True,STATUS_FULL_TIME,https://www.espn.com/soccer/match/_/gameId/731560,,,True
2025,731561,regular-season,2025-10-18,2025-10-18,2025-10-18T23:30Z,17346,Houston Dash,20907,Kansas City Current,1,0,True,STATUS_FULL_TIME,https://www.espn.com/soccer/match/_/gameId/731561,,,True
2025,731562,regular-season,2025-10-18,2025-10-18,2025-10-19T02:00Z,21423,San Diego Wave FC,15360,Chicago Stars FC,6,1,True,STATUS_FULL_TIME,https://www.espn.com/soccer/match/_/gameId/731562,,,True
2025,731563,regular-season,2025-10-19,2025-10-19,2025-10-19T19:00Z,15364,Gotham FC,20905,Racing Louisville FC,2,2,True,STATUS_FULL_TIME,https://www.espn.com/soccer/match/_/gameId/731563,,,True
2025,731564,regular-season,2025-10-19,2025-10-19,2025-10-19T21:00Z,21422,Angel City FC,15362,Portland Thorns FC,0,2,True,STATUS_FULL_TIME,https://www.espn.com/soccer/match/_/gameId/731564,,,True
2025,731565,regular-season,2025-11-02,2025-11-02,2025-11-02T22:15Z,15360,Chicago Stars FC,21422,Angel City FC,2,1,True,STATUS_FULL_TIME,https://www.espn.com/soccer/match/_/gameId/731565,,,True
2025,731566,regular-season,2025-11-02,2025-11-02,2025-11-02T20:00Z,20907,Kansas City Current,21423,San Diego Wave FC,2,1,True,STATUS_FULL_TIME,https://www.espn.com/soccer/match/_/gameId/731566,,,True
2025,731567,regular-season,2025-11-02,2025-11-02,2025-11-02T22:15Z,15366,North Carolina Courage,15364,Gotham FC,3,2,True,STATUS_FULL_TIME,https://www.espn.com/soccer/match/_/gameId/731567,,,True
2025,731568,regular-season,2025-11-02,2025-11-02,2025-11-02T22:15Z,19141,Utah Royals,15365,Washington Spirit,1,0,True,STATUS_FULL_TIME,https://www.espn.com/soccer/match/_/gameId/731568,,,True
2025,731569,regular-season,2025-11-02,2025-11-02,2025-11-02T22:15Z,15362,Portland Thorns FC,17346,Houston Dash,2,0,True,STATUS_FULL_TIME,https://www.espn.com/soccer/match/_/gameId/731569,,,True
2025,731570,regular-season,2025-11-02,2025-11-02,2025-11-02T22:15Z,20905,Racing Louisville FC,22187,Bay FC,1,0,True,STATUS_FULL_TIME,https://www.espn.com/soccer/match/_/gameId/731570,,,True
2025,731571,regular-season,2025-11-02,2025-11-02,2025-11-02T22:15Z,18206,Orlando Pride,15363,Seattle Reign FC,1,1,True,STATUS_FULL_TIME,https://www.espn.com/soccer/match/_/gameId/731571,,,True
2025,760608,playoffs---quarterfinals,2025-11-07,2025-11-07,2025-11-08T01:00Z,18206,Orlando Pride,15363,Seattle Reign FC,2,0,True,STATUS_FULL_TIME,https://www.espn.com/soccer/match/_/gameId/760608,,,False
2025,760609,playoffs---quarterfinals,2025-11-08,2025-11-08,2025-11-08T17:00Z,15365,Washington Spirit,20905,Racing Louisville FC,1,1,True,STATUS_FINAL_PEN,https://www.espn.com/soccer/match/_/gameId/760609,,,False
2025,760606,playoffs---quarterfinals,2025-11-09,2025-11-09,2025-11-09T17:30Z,20907,Kansas City Current,15364,Gotham FC,1,2,True,STATUS_FINAL_AET,https://www.espn.com/soccer/match/_/gameId/760606,,,False
2025,760607,playoffs---quarterfinals,2025-11-09,2025-11-09,2025-11-09T20:00Z,15362,Portland Thorns FC,21423,San Diego Wave FC,1,0,True,STATUS_FINAL_AET,https://www.espn.com/soccer/match/_/gameId/760607,,,False
2025,760610,playoffs---semifinals,2025-11-15,2025-11-15,2025-11-15T17:00Z,15365,Washington Spirit,15362,Portland Thorns FC,2,0,True,STATUS_FULL_TIME,https://www.espn.com/soccer/match/_/gameId/760610,,,False
2025,760611,playoffs---semifinals,2025-11-16,2025-11-16,2025-11-16T20:00Z,18206,Orlando Pride,15364,Gotham FC,0,1,True,STATUS_FULL_TIME,https://www.espn.com/soccer/match/_/gameId/760611,,,False
2025,760618,playoffs---championship,2025-11-22,2025-11-22,2025-11-23T01:00Z,15365,Washington Spirit,15364,Gotham FC,0,1,True,STATUS_FULL_TIME,https://www.espn.com/soccer/match/_/gameId/760618,,,False
2026,401853857,regular-season,2026-03-13,2026-03-13,2026-03-14T00:00Z,15365,Washington Spirit,15362,Portland Thorns FC,0,1,True,STATUS_FULL_TIME,https://www.espn.com/soccer/match/_/gameId/401853857,,,True
2026,401853858,regular-season,2026-03-14,2026-03-14,2026-03-14T20:00Z,20907,Kansas City Current,19141,Utah Royals,2,1,True,STATUS_FULL_TIME,https://www.espn.com/soccer/match/_/gameId/401853858,,,True
2026,401853859,regular-season,2026-03-14,2026-03-14,2026-03-14T23:00Z,15366,North Carolina Courage,20905,Racing Louisville FC,2,1,True,STATUS_FULL_TIME,https://www.espn.com/soccer/match/_/gameId/401853859,,,True
2026,401853860,regular-season,2026-03-14,2026-03-14,2026-03-15T00:45Z,21423,San Diego Wave FC,17346,Houston Dash,0,1,True,STATUS_FULL_TIME,https://www.espn.com/soccer/match/_/gameId/401853860,,,True
2026,401854039,regular-season,2026-03-14,2026-03-14,2026-03-14T16:30Z,131562,Boston Legacy FC,15364,Gotham FC,0,1,True,STATUS_FULL_TIME,https://www.espn.com/soccer/match/_/gameId/401854039,,,True
2026,401854040,regular-season,2026-03-14,2026-03-14,2026-03-14T22:30Z,22187,Bay FC,131563,Denver Summit FC,2,1,True,STATUS_FULL_TIME,https://www.espn.com/soccer/match/_/gameId/401854040,,,True
2026,401853861,regular-season,2026-03-15,2026-03-15,2026-03-15T20:00Z,18206,Orlando Pride,15363,Seattle Reign FC,1,2,True,STATUS_FULL_TIME,https://www.espn.com/soccer/match/_/gameId/401853861,,,True
2026,401853862,regular-season,2026-03-15,2026-03-15,2026-03-15T23:00Z,21422,Angel City FC,15360,Chicago Stars FC,4,0,True,STATUS_FULL_TIME,https://www.espn.com/soccer/match/_/gameId/401853862,,,True
2026,401853863,regular-season,2026-03-20,2026-03-20,2026-03-21T00:00Z,20905,Racing Louisville FC,15365,Washington Spirit,2,2,True,STATUS_FULL_TIME,https://www.espn.com/soccer/match/_/gameId/401853863,,,True
2026,401853864,regular-season,2026-03-20,2026-03-20,2026-03-21T02:00Z,15362,Portland Thorns FC,15363,Seattle Reign FC,2,0,True,STATUS_FULL_TIME,https://www.espn.com/soccer/match/_/gameId/401853864,,,True
2026,401854041,regular-season,2026-03-20,2026-03-20,2026-03-21T00:00Z,18206,Orlando Pride,131563,Denver Summit FC,1,1,True,STATUS_FULL_TIME,https://www.espn.com/soccer/match/_/gameId/401854041,,,True
2026,401853865,regular-season,2026-03-21,2026-03-21,2026-03-21T22:30Z,15364,Gotham FC,15366,North Carolina Courage,0,0,True,STATUS_FULL_TIME,https://www.espn.com/soccer/match/_/gameId/401853865,,,True
2026,401853866,regular-season,2026-03-21,2026-03-21,2026-03-22T00:45Z,22187,Bay FC,21422,Angel City FC,1,3,True,STATUS_FULL_TIME,https://www.espn.com/soccer/match/_/gameId/401853866,,,True
2026,401854042,regular-season,2026-03-21,2026-03-21,2026-03-21T20:00Z,17346,Houston Dash,131562,Boston Legacy FC,3,0,True,STATUS_FULL_TIME,https://www.espn.com/soccer/match/_/gameId/401854042,,,True
2026,401853867,regular-season,2026-03-22,2026-03-22,2026-03-22T18:00Z,15360,Chicago Stars FC,20907,Kansas City Current,2,1,True,STATUS_FULL_TIME,https://www.espn.com/soccer/match/_/gameId/401853867,,,True
2026,401853868,regular-season,2026-03-22,2026-03-22,2026-03-22T23:00Z,19141,Utah Royals,21423,San Diego Wave FC,1,2,True,STATUS_FULL_TIME,https://www.espn.com/soccer/match/_/gameId/401853868,,,True
2026,401853869,regular-season,2026-03-25,2026-03-25,2026-03-25T23:00Z,15365,Washington Spirit,19141,Utah Royals,1,1,True,STATUS_FULL_TIME,https://www.espn.com/soccer/match/_/gameId/401853869,,,True
2026,401853870,regular-season,2026-03-25,2026-03-25,2026-03-26T00:00Z,15360,Chicago Stars FC,18206,Orlando Pride,0,3,True,STATUS_FULL_TIME,https://www.espn.com/soccer/match/_/gameId/401853870,,,True
2026,401853871,regular-season,2026-03-25,2026-03-25,2026-03-26T01:00Z,15363,Seattle Reign FC,20907,Kansas City Current,3,0,True,STATUS_FULL_TIME,https://www.espn.com/soccer/match/_/gameId/401853871,,,True
2026,401853872,regular-season,2026-03-25,2026-03-25,2026-03-26T02:00Z,21423,San Diego Wave FC,15362,Portland Thorns FC,3,1,True,STATUS_FULL_TIME,https://www.espn.com/soccer/match/_/gameId/401853872,,,True
2026,401854043,regular-season,2026-03-25,2026-03-25,2026-03-25T23:00Z,15364,Gotham FC,131563,Denver Summit FC,0,2,True,STATUS_FULL_TIME,https://www.espn.com/soccer/match/_/gameId/401854043,,,True
2026,401853873,regular-season,2026-03-27,2026-03-27,2026-03-28T02:00Z,21422,Angel City FC,17346,Houston Dash,2,1,True,STATUS_FULL_TIME,https://www.espn.com/soccer/match/_/gameId/401853873,,,True
2026,401853874,regular-season,2026-03-28,2026-03-28,2026-03-28T20:00Z,15362,Portland Thorns FC,20907,Kansas City Current,2,0,True,STATUS_FULL_TIME,https://www.espn.com/soccer/match/_/gameId/401853874,,,True
2026,401853875,regular-season,2026-03-28,2026-03-28,2026-03-28T22:30Z,15363,Seattle Reign FC,20905,Racing Louisville FC,2,1,True,STATUS_FULL_TIME,https://www.espn.com/soccer/match/_/gameId/401853875,,,True
2026,401853876,regular-season,2026-03-28,2026-03-28,2026-03-28T23:00Z,15366,North Carolina Courage,22187,Bay FC,1,3,True,STATUS_FULL_TIME,https://www.espn.com/soccer/match/_/gameId/401853876,,,True
2026,401853877,regular-season,2026-03-28,2026-03-28,2026-03-29T00:45Z,21423,San Diego Wave FC,15360,Chicago Stars FC,2,0,True,STATUS_FULL_TIME,https://www.espn.com/soccer/match/_/gameId/401853877,,,True
2026,401854044,regular-season,2026-03-28,2026-03-28,2026-03-28T16:00Z,131562,Boston Legacy FC,19141,Utah Royals,1,2,True,STATUS_FULL_TIME,https://www.espn.com/soccer/match/_/gameId/401854044,,,True
2026,401854045,regular-season,2026-03-28,2026-03-28,2026-03-28T18:00Z,131563,Denver Summit FC,15365,Washington Spirit,0,0,True,STATUS_FULL_TIME,https://www.espn.com/soccer/match/_/gameId/401854045,,,True
2026,401853878,regular-season,2026-03-29,2026-03-29,2026-03-29T23:00Z,15364,Gotham FC,18206,Orlando Pride,0,0,True,STATUS_FULL_TIME,https://www.espn.com/soccer/match/_/gameId/401853878,,,True
2026,401853879,regular-season,2026-04-03,2026-04-03,2026-04-04T00:00Z,18206,Orlando Pride,21422,Angel City FC,2,1,True,STATUS_FULL_TIME,https://www.espn.com/soccer/match/_/gameId/401853879,,,True
2026,401853880,regular-season,2026-04-03,2026-04-03,2026-04-04T00:30Z,17346,Houston Dash,20905,Racing Louisville FC,4,3,True,STATUS_FULL_TIME,https://www.espn.com/soccer/match/_/gameId/401853880,,,True
2026,401853881,regular-season,2026-04-03,2026-04-03,2026-04-04T01:00Z,19141,Utah Royals,15360,Chicago Stars FC,1,0,True,STATUS_FULL_TIME,https://www.espn.com/soccer/match/_/gameId/401853881,,,True
2026,401854046,regular-season,2026-04-03,2026-04-03,2026-04-03T23:00Z,131562,Boston Legacy FC,21423,San Diego Wave FC,0,1,True,STATUS_FULL_TIME,https://www.espn.com/soccer/match/_/gameId/401854046,,,True
2026,401853882,regular-season,2026-04-04,2026-04-04,2026-04-04T20:00Z,20907,Kansas City Current,15364,Gotham FC,2,1,True,STATUS_FULL_TIME,https://www.espn.com/soccer/match/_/gameId/401853882,,,True
2026,401853883,regular-season,2026-04-04,2026-04-04,2026-04-04T22:30Z,15366,North Carolina Courage,15362,Portland Thorns FC,2,2,True,STATUS_FULL_TIME,https://www.espn.com/soccer/match/_/gameId/401853883,,,True
2026,401854047,regular-season,2026-04-04,2026-04-04,2026-04-05T00:45Z,15363,Seattle Reign FC,131563,Denver Summit FC,0,0,True,STATUS_FULL_TIME,https://www.espn.com/soccer/match/_/gameId/401854047,,,True
2026,401853884,regular-season,2026-04-05,2026-04-05,2026-04-05T21:00Z,22187,Bay FC,15365,Washington Spirit,0,2,True,STATUS_FULL_TIME,https://www.espn.com/soccer/match/_/gameId/401853884,,,True
2026,401853885,regular-season,2026-04-24,2026-04-24,2026-04-24T21:30Z,20905,Racing Louisville FC,18206,Orlando Pride,3,2,True,STATUS_FULL_TIME,https://www.espn.com/soccer/match/_/gameId/401853885,,,True
2026,401853886,regular-season,2026-04-24,2026-04-24,2026-04-25T00:00Z,15365,Washington Spirit,20907,Kansas City Current,4,0,True,STATUS_FULL_TIME,https://www.espn.com/soccer/match/_/gameId/401853886,,,True
2026,401853887,regular-season,2026-04-25,2026-04-25,2026-04-25T17:00Z,15364,Gotham FC,22187,Bay FC,3,0,True,STATUS_FULL_TIME,https://www.espn.com/soccer/match/_/gameId/401853887,,,True
2026,401853888,regular-season,2026-04-25,2026-04-25,2026-04-26T00:00Z,17346,Houston Dash,15366,North Carolina Courage,0,1,True,STATUS_FULL_TIME,https://www.espn.com/soccer/match/_/gameId/401853888,,,True
2026,401854048,regular-season,2026-04-25,2026-04-25,2026-04-25T22:30Z,15360,Chicago Stars FC,131562,Boston Legacy FC,2,0,True,STATUS_FULL_TIME,https://www.espn.com/soccer/match/_/gameId/401854048,,,True
2026,401854049,regular-season,2026-04-25,2026-04-25,2026-04-26T00:45Z,131563,Denver Summit FC,21423,San Diego Wave FC,2,3,True,STATUS_FULL_TIME,https://www.espn.com/soccer/match/_/gameId/401854049,,,True
2026,401853889,regular-season,2026-04-26,2026-04-26,2026-04-26T22:00Z,21422,Angel City FC,15362,Portland Thorns FC,1,2,True,STATUS_FULL_TIME,https://www.espn.com/soccer/match/_/gameId/401853889,,,True
2026,401853890,regular-season,2026-04-26,2026-04-26,2026-04-27T00:00Z,15363,Seattle Reign FC,19141,Utah Royals,0,3,True,STATUS_FULL_TIME,https://www.espn.com/soccer/match/_/gameId/401853890,,,True
2026,401853891,regular-season,2026-04-29,2026-04-29,2026-04-29T23:00Z,15365,Washington Spirit,20905,Racing Louisville FC,1,0,True,STATUS_FULL_TIME,https://www.espn.com/soccer/match/_/gameId/401853891,,,True
2026,401853892,regular-season,2026-04-29,2026-04-29,2026-04-30T00:00Z,15360,Chicago Stars FC,15364,Gotham FC,0,2,True,STATUS_FULL_TIME,https://www.espn.com/soccer/match/_/gameId/401853892,,,True
2026,401853893,regular-season,2026-04-29,2026-04-29,2026-04-30T02:00Z,15362,Portland Thorns FC,21423,San Diego Wave FC,2,0,True,STATUS_FULL_TIME,https://www.espn.com/soccer/match/_/gameId/401853893,,,True
2026,401854050,regular-season,2026-04-29,2026-04-29,2026-04-29T23:00Z,131562,Boston Legacy FC,15366,North Carolina Courage,2,2,True,STATUS_FULL_TIME,https://www.espn.com/soccer/match/_/gameId/401854050,,,True
2026,401853894,regular-season,2026-05-01,2026-05-01,2026-05-02T00:00Z,17346,Houston Dash,15363,Seattle Reign FC,0,0,True,STATUS_FULL_TIME,https://www.espn.com/soccer/match/_/gameId/401853894,,,True
2026,401853895,regular-season,2026-05-02,2026-05-02,2026-05-02T20:00Z,18206,Orlando Pride,15365,Washington Spirit,2,4,True,STATUS_FULL_TIME,https://www.espn.com/soccer/match/_/gameId/401853895,,,True
2026,401853896,regular-season,2026-05-02,2026-05-02,2026-05-02T22:30Z,15366,North Carolina Courage,20907,Kansas City Current,1,2,True,STATUS_FULL_TIME,https://www.espn.com/soccer/match/_/gameId/401853896,,,True
2026,401853897,regular-season,2026-05-02,2026-05-02,2026-05-03T00:45Z,21422,Angel City FC,19141,Utah Royals,0,1,True,STATUS_FULL_TIME,https://www.espn.com/soccer/match/_/gameId/401853897,,,True
2026,401853898,regular-season,2026-05-03,2026-05-03,2026-05-03T17:00Z,15360,Chicago Stars FC,15362,Portland Thorns FC,0,2,True,STATUS_FULL_TIME,https://www.espn.com/soccer/match/_/gameId/401853898,,,True
2026,401853899,regular-season,2026-05-03,2026-05-03,2026-05-03T21:00Z,15364,Gotham FC,20905,Racing Louisville FC,1,0,True,STATUS_FULL_TIME,https://www.espn.com/soccer/match/_/gameId/401853899,,,True
2026,401853900,regular-season,2026-05-03,2026-05-03,2026-05-03T23:00Z,21423,San Diego Wave FC,22187,Bay FC,0,1,True,STATUS_FULL_TIME,https://www.espn.com/soccer/match/_/gameId/401853900,,,True
2026,401854051,regular-season,2026-05-03,2026-05-03,2026-05-03T19:00Z,131562,Boston Legacy FC,131563,Denver Summit FC,3,2,True,STATUS_FULL_TIME,https://www.espn.com/soccer/match/_/gameId/401854051,,,True
2026,401853901,regular-season,2026-05-06,2026-05-06,2026-05-07T02:00Z,19141,Utah Royals,17346,Houston Dash,2,0,True,STATUS_FULL_TIME,https://www.espn.com/soccer/match/_/gameId/401853901,,,True
2026,401853902,regular-season,2026-05-08,2026-05-08,2026-05-08T22:30Z,20905,Racing Louisville FC,15362,Portland Thorns FC,3,1,True,STATUS_FULL_TIME,https://www.espn.com/soccer/match/_/gameId/401853902,,,True
2026,401853903,regular-season,2026-05-08,2026-05-08,2026-05-09T00:00Z,18206,Orlando Pride,15366,North Carolina Courage,1,0,True,STATUS_FULL_TIME,https://www.espn.com/soccer/match/_/gameId/401853903,,,True
2026,401853904,regular-season,2026-05-09,2026-05-09,2026-05-10T00:45Z,21422,Angel City FC,21423,San Diego Wave FC,1,2,True,STATUS_FULL_TIME,https://www.espn.com/soccer/match/_/gameId/401853904,,,True
2026,401854052,regular-season,2026-05-09,2026-05-09,2026-05-09T22:30Z,15364,Gotham FC,131562,Boston Legacy FC,1,1,True,STATUS_FULL_TIME,https://www.espn.com/soccer/match/_/gameId/401854052,,,True
2026,401854053,regular-season,2026-05-09,2026-05-09,2026-05-10T00:00Z,17346,Houston Dash,131563,Denver Summit FC,1,4,True,STATUS_FULL_TIME,https://www.espn.com/soccer/match/_/gameId/401854053,,,True
2026,401853905,regular-season,2026-05-10,2026-05-10,2026-05-10T16:25Z,20907,Kansas City Current,15360,Chicago Stars FC,3,0,True,STATUS_FULL_TIME,https://www.espn.com/soccer/match/_/gameId/401853905,,,True
2026,401853906,regular-season,2026-05-10,2026-05-10,2026-05-10T20:00Z,22187,Bay FC,19141,Utah Royals,0,0,True,STATUS_FULL_TIME,https://www.espn.com/soccer/match/_/gameId/401853906,,,True
2026,401853907,regular-season,2026-05-10,2026-05-10,2026-05-10T23:00Z,15363,Seattle Reign FC,15365,Washington Spirit,0,1,True,STATUS_FULL_TIME,https://www.espn.com/soccer/match/_/gameId/401853907,,,True
2026,401854054,regular-season,2026-05-12,2026-05-12,2026-05-12T23:00Z,131562,Boston Legacy FC,18206,Orlando Pride,2,1,True,STATUS_FULL_TIME,https://www.espn.com/soccer/match/_/gameId/401854054,,,True
2026,401853908,regular-season,2026-05-15,2026-05-15,2026-05-16T00:00Z,20907,Kansas City Current,17346,Houston Dash,3,0,True,STATUS_FULL_TIME,https://www.espn.com/soccer/match/_/gameId/401853908,,,True
2026,401853909,regular-season,2026-05-15,2026-05-15,2026-05-16T02:00Z,21423,San Diego Wave FC,15365,Washington Spirit,2,1,True,STATUS_FULL_TIME,https://www.espn.com/soccer/match/_/gameId/401853909,,,True
2026,401853910,regular-season,2026-05-15,2026-05-15,2026-05-16T02:00Z,15363,Seattle Reign FC,15364,Gotham FC,0,2,True,STATUS_FULL_TIME,https://www.espn.com/soccer/match/_/gameId/401853910,,,True
2026,401854055,regular-season,2026-05-15,2026-05-15,2026-05-16T02:00Z,22187,Bay FC,131562,Boston Legacy FC,1,1,True,STATUS_FULL_TIME,https://www.espn.com/soccer/match/_/gameId/401854055,,,True
2026,401853911,regular-season,2026-05-16,2026-05-16,2026-05-16T22:30Z,15366,North Carolina Courage,15360,Chicago Stars FC,4,0,True,STATUS_FULL_TIME,https://www.espn.com/soccer/match/_/gameId/401853911,,,True
2026,401854056,regular-season,2026-05-16,2026-05-16,2026-05-17T00:45Z,131563,Denver Summit FC,18206,Orlando Pride,3,1,True,STATUS_FULL_TIME,https://www.espn.com/soccer/match/_/gameId/401854056,,,True
2026,401853912,regular-season,2026-05-17,2026-05-17,2026-05-17T22:00Z,15362,Portland Thorns FC,21422,Angel City FC,0,0,True,STATUS_FULL_TIME,https://www.espn.com/soccer/match/_/gameId/401853912,,,True
2026,401853913,regular-season,2026-05-17,2026-05-17,2026-05-18T00:00Z,19141,Utah Royals,20905,Racing Louisville FC,2,1,True,STATUS_FULL_TIME,https://www.espn.com/soccer/match/_/gameId/401853913,,,True
2026,401853914,regular-season,2026-05-20,2026-05-20,2026-05-21T00:00Z,17346,Houston Dash,21423,San Diego Wave FC,2,2,True,STATUS_FULL_TIME,https://www.espn.com/soccer/match/_/gameId/401853914,,,True
2026,401853915,regular-season,2026-05-20,2026-05-20,2026-05-21T02:00Z,15362,Portland Thorns FC,22187,Bay FC,2,0,True,STATUS_FULL_TIME,https://www.espn.com/soccer/match/_/gameId/401853915,,,True
2026,401853916,regular-season,2026-05-20,2026-05-20,2026-05-21T02:00Z,21422,Angel City FC,20907,Kansas City Current,2,1,True,STATUS_FULL_TIME,https://www.espn.com/soccer/match/_/gameId/401853916,,,True
2026,401854057,regular-season,2026-05-22,2026-05-22,2026-05-23T00:00Z,131562,Boston Legacy FC,15363,Seattle Reign FC,1,2,True,STATUS_FULL_TIME,https://www.espn.com/soccer/match/_/gameId/401854057,,,True
2026,401853917,regular-season,2026-05-23,2026-05-23,2026-05-23T20:00Z,20905,Racing Louisville FC,15366,North Carolina Courage,1,2,True,STATUS_FULL_TIME,https://www.espn.com/soccer/match/_/gameId/401853917,,,True
2026,401853918,regular-season,2026-05-23,2026-05-23,2026-05-24T00:45Z,17346,Houston Dash,21422,Angel City FC,2,1,True,STATUS_FULL_TIME,https://www.espn.com/soccer/match/_/gameId/401853918,,,True
2026,401854058,regular-season,2026-05-23,2026-05-23,2026-05-23T22:30Z,19141,Utah Royals,131563,Denver Summit FC,2,1,True,STATUS_FULL_TIME,https://www.espn.com/soccer/match/_/gameId/401854058,,,True
2026,401853919,regular-season,2026-05-24,2026-05-24,2026-05-24T17:00Z,20907,Kansas City Current,15362,Portland Thorns FC,3,1,True,STATUS_FULL_TIME,https://www.espn.com/soccer/match/_/gameId/401853919,,,True
2026,401853920,regular-season,2026-05-24,2026-05-24,2026-05-24T21:00Z,22187,Bay FC,15360,Chicago Stars FC,0,1,True,STATUS_FULL_TIME,https://www.espn.com/soccer/match/_/gameId/401853920,,,True
2026,401853921,regular-season,2026-05-24,2026-05-24,2026-05-24T23:00Z,21423,San Diego Wave FC,18206,Orlando Pride,0,1,True,STATUS_FULL_TIME,https://www.espn.com/soccer/match/_/gameId/401853921,,,True
2026,401853922,regular-season,2026-05-29,2026-05-29,2026-05-29T23:00Z,18206,Orlando Pride,22187,Bay FC,3,1,True,STATUS_FULL_TIME,https://www.espn.com/soccer/match/_/gameId/401853922,,,True
2026,401854059,regular-season,2026-05-29,2026-05-29,2026-05-30T00:00Z,20905,Racing Louisville FC,131563,Denver Summit FC,0,1,True,STATUS_FULL_TIME,https://www.espn.com/soccer/match/_/gameId/401854059,,,True
2026,401853923,regular-season,2026-05-30,2026-05-30,2026-05-30T20:00Z,15362,Portland Thorns FC,19141,Utah Royals,2,2,True,STATUS_FULL_TIME,https://www.espn.com/soccer/match/_/gameId/401853923,,,True
2026,401853924,regular-season,2026-05-30,2026-05-30,2026-05-30T22:30Z,15365,Washington Spirit,15363,Seattle Reign FC,2,1,True,STATUS_FULL_TIME,https://www.espn.com/soccer/match/_/gameId/401853924,,,True
2026,401854060,regular-season,2026-05-30,2026-05-30,2026-05-30T17:30Z,20907,Kansas City Current,131562,Boston Legacy FC,1,0,True,STATUS_FULL_TIME,https://www.espn.com/soccer/match/_/gameId/401854060,,,True
2026,401853925,regular-season,2026-05-31,2026-05-31,2026-05-31T17:00Z,15360,Chicago Stars FC,21423,San Diego Wave FC,0,2,True,STATUS_FULL_TIME,https://www.espn.com/soccer/match/_/gameId/401853925,,,True
2026,401853926,regular-season,2026-05-31,2026-05-31,2026-05-31T19:00Z,15364,Gotham FC,17346,Houston Dash,1,0,True,STATUS_FULL_TIME,https://www.espn.com/soccer/match/_/gameId/401853926,,,True
2026,401853927,regular-season,2026-05-31,2026-05-31,2026-05-31T23:00Z,21422,Angel City FC,15366,North Carolina Courage,1,2,True,STATUS_FULL_TIME,https://www.espn.com/soccer/match/_/gameId/401853927,,,True
2026,401853928,regular-season,2026-07-03,2026-07-03,2026-07-04T00:00Z,15365,Washington Spirit,17346,Houston Dash,2,1,True,STATUS_FULL_TIME,https://www.espn.com/soccer/match/_/gameId/401853928,,,True
2026,401853929,regular-season,2026-07-03,2026-07-03,2026-07-04T02:00Z,21422,Angel City FC,18206,Orlando Pride,2,0,True,STATUS_FULL_TIME,https://www.espn.com/soccer/match/_/gameId/401853929,,,True
2026,401854061,regular-season,2026-07-03,2026-07-03,2026-07-04T01:30Z,131563,Denver Summit FC,20907,Kansas City Current,0,3,True,STATUS_FULL_TIME,https://www.espn.com/soccer/match/_/gameId/401854061,,,True
2026,401853930,regular-season,2026-07-04,2026-07-04,2026-07-04T23:30Z,15366,North Carolina Courage,15363,Seattle Reign FC,3,1,True,STATUS_FULL_TIME,https://www.espn.com/soccer/match/_/gameId/401853930,,,True
2026,401853931,regular-season,2026-07-04,2026-07-04,2026-07-05T00:45Z,21423,San Diego Wave FC,15364,Gotham FC,2,0,True,STATUS_FULL_TIME,https://www.espn.com/soccer/match/_/gameId/401853931,,,True
2026,401853932,regular-season,2026-07-05,2026-07-05,2026-07-05T21:00Z,15360,Chicago Stars FC,19141,Utah Royals,3,2,True,STATUS_FULL_TIME,https://www.espn.com/soccer/match/_/gameId/401853932,,,True
2026,401853933,regular-season,2026-07-05,2026-07-05,2026-07-05T23:00Z,15362,Portland Thorns FC,20905,Racing Louisville FC,4,0,True,STATUS_FULL_TIME,https://www.espn.com/soccer/match/_/gameId/401853933,,,True
2026,401854062,regular-season,2026-07-05,2026-07-05,2026-07-05T16:00Z,131562,Boston Legacy FC,22187,Bay FC,2,2,True,STATUS_FULL_TIME,https://www.espn.com/soccer/match/_/gameId/401854062,,,True
2026,401853934,regular-season,2026-07-10,2026-07-10,2026-07-11T01:03Z,18206,Orlando Pride,20907,Kansas City Current,3,0,True,STATUS_FULL_TIME,https://www.espn.com/soccer/match/_/gameId/401853934,,,True
2026,401853935,regular-season,2026-07-10,2026-07-10,2026-07-11T00:00Z,20905,Racing Louisville FC,22187,Bay FC,0,2,True,STATUS_FULL_TIME,https://www.espn.com/soccer/match/_/gameId/401853935,,,True
2026,401853936,regular-season,2026-07-10,2026-07-10,2026-07-11T02:00Z,19141,Utah Royals,15364,Gotham FC,1,3,True,STATUS_FULL_TIME,https://www.espn.com/soccer/match/_/gameId/401853936,,,True
2026,401854063,regular-season,2026-07-10,2026-07-10,2026-07-11T00:00Z,131562,Boston Legacy FC,15360,Chicago Stars FC,2,0,True,STATUS_FULL_TIME,https://www.espn.com/soccer/match/_/gameId/401854063,,,True
2026,401853937,regular-season,2026-07-11,2026-07-11,2026-07-11T22:30Z,15366,North Carolina Courage,15365,Washington Spirit,0,2,True,STATUS_FULL_TIME,https://www.espn.com/soccer/match/_/gameId/401853937,,,True
2026,401853938,regular-season,2026-07-11,2026-07-11,2026-07-12T00:45Z,21423,San Diego Wave FC,21422,Angel City FC,0,2,True,STATUS_FULL_TIME,https://www.espn.com/soccer/match/_/gameId/401853938,,,True
2026,401853939,regular-season,2026-07-12,2026-07-12,2026-07-12T20:00Z,15363,Seattle Reign FC,15362,Portland Thorns FC,2,0,True,STATUS_FULL_TIME,https://www.espn.com/soccer/match/_/gameId/401853939,,,True
2026,401854064,regular-season,2026-07-12,2026-07-12,2026-07-12T23:00Z,131563,Denver Summit FC,17346,Houston Dash,2,2,True,STATUS_FULL_TIME,https://www.espn.com/soccer/match/_/gameId/401854064,,,True
2026,401853940,regular-season,2026-07-15,2026-07-15,2026-07-16T00:00Z,15364,Gotham FC,15365,Washington Spirit,1,0,True,STATUS_FULL_TIME,https://www.espn.com/soccer/match/_/gameId/401853940,,,True
2026,401854065,regular-season,2026-07-15,2026-07-15,2026-07-15T23:00Z,18206,Orlando Pride,131562,Boston Legacy FC,0,1,True,STATUS_FULL_TIME,https://www.espn.com/soccer/match/_/gameId/401854065,,,True
2026,401853941,regular-season,2026-07-17,2026-07-17,2026-07-18T00:00Z,20907,Kansas City Current,21423,San Diego Wave FC,2,2,True,STATUS_FULL_TIME,https://www.espn.com/soccer/match/_/gameId/401853941,,,True
2026,401853942,regular-season,2026-07-18,2026-07-18,2026-07-18T18:30Z,15364,Gotham FC,15363,Seattle Reign FC,3,2,True,STATUS_FULL_TIME,https://www.espn.com/soccer/match/_/gameId/401853942,,,True
2026,401853943,regular-season,2026-07-18,2026-07-18,2026-07-18T20:00Z,22187,Bay FC,15366,North Carolina Courage,3,0,True,STATUS_FULL_TIME,https://www.espn.com/soccer/match/_/gameId/401853943,,,True
2026,401853944,regular-season,2026-07-18,2026-07-18,2026-07-18T22:30Z,15360,Chicago Stars FC,21422,Angel City FC,0,2,True,STATUS_FULL_TIME,https://www.espn.com/soccer/match/_/gameId/401853944,,,True
2026,401853945,regular-season,2026-07-18,2026-07-18,2026-07-19T01:00Z,20905,Racing Louisville FC,17346,Houston Dash,1,1,True,STATUS_FULL_TIME,https://www.espn.com/soccer/match/_/gameId/401853945,,,True
2026,401853946,regular-season,2026-07-18,2026-07-18,2026-07-19T00:45Z,19141,Utah Royals,18206,Orlando Pride,1,0,True,STATUS_FULL_TIME,https://www.espn.com/soccer/match/_/gameId/401853946,,,True
2026,401854066,regular-season,2026-07-18,2026-07-18,2026-07-18T18:15Z,131563,Denver Summit FC,15362,Portland Thorns FC,2,1,True,STATUS_FULL_TIME,https://www.espn.com/soccer/match/_/gameId/401854066,,,True
2026,401854067,regular-season,2026-07-19,2026-07-19,2026-07-19T23:00Z,131562,Boston Legacy FC,15365,Washington Spirit,1,2,True,STATUS_FULL_TIME,https://www.espn.com/soccer/match/_/gameId/401854067,,,True
2026,401853947,regular-season,2026-07-24,2026-07-24,2026-07-25T00:00Z,18206,Orlando Pride,15360,Chicago Stars FC,1,0,True,STATUS_FULL_TIME,https://www.espn.com/soccer/match/_/gameId/401853947,,,True
2026,401853948,regular-season,2026-07-24,2026-07-24,2026-07-25T00:00Z,17346,Houston Dash,22187,Bay FC,1,0,True,STATUS_FULL_TIME,https://www.espn.com/soccer/match/_/gameId/401853948,,,True
2026,401853949,regular-season,2026-07-24,2026-07-24,2026-07-25T02:00Z,15362,Portland Thorns FC,15364,Gotham FC,2,2,True,STATUS_FULL_TIME,https://www.espn.com/soccer/match/_/gameId/401853949,,,True
2026,401853950,regular-season,2026-07-25,2026-07-25,2026-07-25T23:45Z,15366,North Carolina Courage,19141,Utah Royals,1,4,True,STATUS_FULL_TIME,https://www.espn.com/soccer/match/_/gameId/401853950,,,True
2026,401854068,regular-season,2026-07-25,2026-07-25,2026-07-25T21:00Z,131562,Boston Legacy FC,20907,Kansas City Current,1,0,True,STATUS_FULL_TIME,https://www.espn.com/soccer/match/_/gameId/401854068,,,True
2026,401853951,regular-season,2026-07-26,2026-07-26,2026-07-26T21:00Z,21423,San Diego Wave FC,15363,Seattle Reign FC,0,2,True,STATUS_FULL_TIME,https://www.espn.com/soccer/match/_/gameId/401853951,,,True
2026,401853952,regular-season,2026-07-26,2026-07-26,2026-07-27T01:00Z,21422,Angel City FC,20905,Racing Louisville FC,1,2,True,STATUS_FULL_TIME,https://www.espn.com/soccer/match/_/gameId/401853952,,,True
2026,401854069,regular-season,2026-07-26,2026-07-26,2026-07-26T23:00Z,15365,Washington Spirit,131563,Denver Summit FC,1,0,True,STATUS_FULL_TIME,https://www.espn.com/soccer/match/_/gameId/401854069,,,True
2026,401853953,regular-season,2026-07-29,2026-07-29,2026-07-30T00:00Z,20907,Kansas City Current,20905,Racing Louisville FC,5,1,True,STATUS_FULL_TIME,https://www.espn.com/soccer/match/_/gameId/401853953,,,True
2026,401853954,regular-season,2026-07-29,2026-07-29,2026-07-30T01:00Z,19141,Utah Royals,15365,Washington Spirit,0,1,True,STATUS_FULL_TIME,https://www.espn.com/soccer/match/_/gameId/401853954,,,True
2026,401853955,regular-season,2026-07-29,2026-07-29,2026-07-30T02:00Z,22187,Bay FC,15364,Gotham FC,0,1,True,STATUS_FULL_TIME,https://www.espn.com/soccer/match/_/gameId/401853955,,,True
2026,401853956,regular-season,2026-07-31,2026-07-31,2026-08-01T00:00Z,15366,North Carolina Courage,18206,Orlando Pride,5,0,True,STATUS_FULL_TIME,https://www.espn.com/soccer/match/_/gameId/401853956,,,True
2026,401853957,regular-season,2026-08-01,2026-08-01,2026-08-01T20:00Z,20905,Racing Louisville FC,15360,Chicago Stars FC,2,1,True,STATUS_FULL_TIME,https://www.espn.com/soccer/match/_/gameId/401853957,,,True
2026,401853958,regular-season,2026-08-01,2026-08-01,2026-08-01T22:30Z,20907,Kansas City Current,21422,Angel City FC,1,1,True,STATUS_FULL_TIME,https://www.espn.com/soccer/match/_/gameId/401853958,,,True
2026,401853959,regular-season,2026-08-01,2026-08-01,2026-08-02T00:00Z,17346,Houston Dash,15364,Gotham FC,0,1,True,STATUS_FULL_TIME,https://www.espn.com/soccer/match/_/gameId/401853959,,,True
2026,401853960,regular-season,2026-08-01,2026-08-01,2026-08-02T00:45Z,22187,Bay FC,15363,Seattle Reign FC,2,3,True,STATUS_FULL_TIME,https://www.espn.com/soccer/match/_/gameId/401853960,,,True
2026,401853961,regular-season,2026-08-02,2026-08-02,2026-08-02T20:00Z,15365,Washington Spirit,21423,San Diego Wave FC,0,1,True,STATUS_FULL_TIME,https://www.espn.com/soccer/match/_/gameId/401853961,,,True
2026,401853962,regular-season,2026-08-02,2026-08-02,2026-08-02T23:00Z,19141,Utah Royals,15362,Portland Thorns FC,5,1,True,STATUS_FULL_TIME,https://www.espn.com/soccer/match/_/gameId/401853962,,,True
2026,401854070,regular-season,2026-08-02,2026-08-02,2026-08-03T01:00Z,131563,Denver Summit FC,131562,Boston Legacy FC,1,1,True,STATUS_FULL_TIME,https://www.espn.com/soccer/match/_/gameId/401854070,,,True
2026,401854071,regular-season,2026-08-05,2026-08-05,2026-08-06T02:00Z,131563,Denver Summit FC,15366,North Carolina Courage,0,2,True,STATUS_FULL_TIME,https://www.espn.com/soccer/match/_/gameId/401854071,,,True
2026,401853963,regular-season,2026-08-07,2026-08-07,2026-08-08T00:25Z,15364,Gotham FC,21423,San Diego Wave FC,1,0,True,STATUS_FULL_TIME,https://www.espn.com/soccer/match/_/gameId/401853963,,,True
2026,401853965,regular-season,2026-08-07,2026-08-07,2026-08-07T23:00Z,18206,Orlando Pride,20905,Racing Louisville FC,1,3,True,STATUS_FULL_TIME,https://www.espn.com/soccer/match/_/gameId/401853965,,,True
2026,401853964,regular-season,2026-08-08,2026-08-08,2026-08-08T22:30Z,15365,Washington Spirit,15366,North Carolina Courage,3,4,True,STATUS_FULL_TIME,https://www.espn.com/soccer/match/_/gameId/401853964,,,True
2026,401853966,regular-season,2026-08-08,2026-08-08,2026-08-09T00:45Z,17346,Houston Dash,20907,Kansas City Current,1,1,True,STATUS_FULL_TIME,https://www.espn.com/soccer/match/_/gameId/401853966,,,True
2026,401854072,regular-season,2026-08-08,2026-08-08,2026-08-09T02:00Z,131563,Denver Summit FC,19141,Utah Royals,2,1,True,STATUS_FULL_TIME,https://www.espn.com/soccer/match/_/gameId/401854072,,,True
2026,401853967,regular-season,2026-08-09,2026-08-09,2026-08-09T23:00Z,15360,Chicago Stars FC,22187,Bay FC,0,0,True,STATUS_FULL_TIME,https://www.espn.com/soccer/match/_/gameId/401853967,,,True
2026,401853968,regular-season,2026-08-09,2026-08-09,2026-08-10T01:00Z,15363,Seattle Reign FC,21422,Angel City FC,2,2,True,STATUS_FULL_TIME,https://www.espn.com/soccer/match/_/gameId/401853968,,,True
2026,401854073,regular-season,2026-08-09,2026-08-09,2026-08-09T20:00Z,131562,Boston Legacy FC,15362,Portland Thorns FC,3,4,True,STATUS_FULL_TIME,https://www.espn.com/soccer/match/_/gameId/401854073,,,True
2026,401853969,regular-season,2026-08-14,2026-08-14,2026-08-15T00:00Z,15364,Gotham FC,20907,Kansas City Current,2,1,True,STATUS_FULL_TIME,https://www.espn.com/soccer/match/_/gameId/401853969,,,True
2026,401853970,regular-season,2026-08-14,2026-08-14,2026-08-15T02:00Z,15363,Seattle Reign FC,15360,Chicago Stars FC,1,0,True,STATUS_FULL_TIME,https://www.espn.com/soccer/match/_/gameId/401853970,,,True
2026,401853971,regular-season,2026-08-14,2026-08-14,2026-08-15T02:00Z,19141,Utah Royals,22187,Bay FC,3,2,True,STATUS_FULL_TIME,https://www.espn.com/soccer/match/_/gameId/401853971,,,True
2026,401854074,regular-season,2026-08-14,2026-08-14,2026-08-15T02:00Z,21423,San Diego Wave FC,131563,Denver Summit FC,1,1,True,STATUS_FULL_TIME,https://www.espn.com/soccer/match/_/gameId/401854074,,,True
2026,401853972,regular-season,2026-08-15,2026-08-15,2026-08-16T00:45Z,15362,Portland Thorns FC,18206,Orlando Pride,2,1,True,STATUS_FULL_TIME,https://www.espn.com/soccer/match/_/gameId/401853972,,,True
2026,401854075,regular-season,2026-08-15,2026-08-15,2026-08-15T22:30Z,20905,Racing Louisville FC,131562,Boston Legacy FC,4,1,True,STATUS_FULL_TIME,https://www.espn.com/soccer/match/_/gameId/401854075,,,True
2026,401853973,regular-season,2026-08-16,2026-08-16,2026-08-16T23:00Z,15366,North Carolina Courage,17346,Houston Dash,2,3,True,STATUS_FULL_TIME,https://www.espn.com/soccer/match/_/gameId/401853973,,,True
2026,401853974,regular-season,2026-08-16,2026-08-16,2026-08-17T01:00Z,21422,Angel City FC,15365,Washington Spirit,1,1,True,STATUS_FULL_TIME,https://www.espn.com/soccer/match/_/gameId/401853974,,,True
2026,401853975,regular-season,2026-08-19,2026-08-19,2026-08-19T22:30Z,20905,Racing Louisville FC,15363,Seattle Reign FC,2,1,True,STATUS_FULL_TIME,https://www.espn.com/soccer/match/_/gameId/401853975,,,True
2026,401853976,regular-season,2026-08-19,2026-08-19,2026-08-20T00:00Z,17346,Houston Dash,15360,Chicago Stars FC,5,0,True,STATUS_FULL_TIME,https://www.espn.com/soccer/match/_/gameId/401853976,,,True
2026,401853977,regular-season,2026-08-21,2026-08-21,2026-08-22T02:00Z,21423,San Diego Wave FC,19141,Utah Royals,4,2,True,STATUS_FULL_TIME,https://www.espn.com/soccer/match/_/gameId/401853977,,,True
2026,401853978,regular-season,2026-08-22,2026-08-22,2026-08-22T22:30Z,20907,Kansas City Current,15363,Seattle Reign FC,1,1,True,STATUS_FULL_TIME,https://www.espn.com/soccer/match/_/gameId/401853978,,,True
2026,401854076,regular-season,2026-08-22,2026-08-22,2026-08-22T23:30Z,15366,North Carolina Courage,131562,Boston Legacy FC,2,1,True,STATUS_FULL_TIME,https://www.espn.com/soccer/match/_/gameId/401854076,,,True
2026,401854077,regular-season,2026-08-22,2026-08-22,2026-08-23T00:45Z,15362,Portland Thorns FC,131563,Denver Summit FC,1,0,True,STATUS_FULL_TIME,https://www.espn.com/soccer/match/_/gameId/401854077,,,True
2026,401853979,regular-season,2026-08-23,2026-08-23,2026-08-23T18:00Z,15360,Chicago Stars FC,20905,Racing Louisville FC,3,2,True,STATUS_FULL_TIME,https://www.espn.com/soccer/match/_/gameId/401853979,,,True
2026,401853980,regular-season,2026-08-23,2026-08-23,2026-08-23T20:00Z,15365,Washington Spirit,18206,Orlando Pride,0,1,True,STATUS_FULL_TIME,https://www.espn.com/soccer/match/_/gameId/401853980,,,True
2026,401853981,regular-season,2026-08-23,2026-08-23,2026-08-23T22:00Z,22187,Bay FC,17346,Houston Dash,1,0,True,STATUS_FULL_TIME,https://www.espn.com/soccer/match/_/gameId/401853981,,,True
2026,401853982,regular-season,2026-08-23,2026-08-23,2026-08-24T00:00Z,21422,Angel City FC,15364,Gotham FC,0,0,True,STATUS_FULL_TIME,https://www.espn.com/soccer/match/_/gameId/401853982,,,True
2026,401853983,regular-season,2026-08-26,2026-08-26,2026-08-27T00:00Z,15366,North Carolina Courage,21422,Angel City FC,2,0,True,STATUS_FULL_TIME,https://www.espn.com/soccer/match/_/gameId/401853983,,,True
2026,401853984,regular-season,2026-08-28,2026-08-28,2026-08-29T00:00Z,15364,Gotham FC,15362,Portland Thorns FC,1,1,True,STATUS_FULL_TIME,https://www.espn.com/soccer/match/_/gameId/401853984,,,True
2026,401853985,regular-season,2026-08-28,2026-08-28,2026-08-29T02:00Z,21423,San Diego Wave FC,20905,Racing Louisville FC,3,2,True,STATUS_FULL_TIME,https://www.espn.com/soccer/match/_/gameId/401853985,,,True
2026,401853986,regular-season,2026-08-29,2026-08-29,2026-08-29T22:30Z,20907,Kansas City Current,15366,North Carolina Courage,3,2,True,STATUS_FULL_TIME,https://www.espn.com/soccer/match/_/gameId/401853986,,,True
2026,401853987,regular-season,2026-08-29,2026-08-29,2026-08-30T00:00Z,18206,Orlando Pride,19141,Utah Royals,1,2,True,STATUS_FULL_TIME,https://www.espn.com/soccer/match/_/gameId/401853987,,,True
2026,401854078,regular-season,2026-08-29,2026-08-29,2026-08-30T00:55Z,131563,Denver Summit FC,15360,Chicago Stars FC,6,1,True,STATUS_FULL_TIME,https://www.espn.com/soccer/match/_/gameId/401854078,,,True
2026,401853988,regular-season,2026-08-30,2026-08-30,2026-08-30T16:30Z,15365,Washington Spirit,22187,Bay FC,1,0,True,STATUS_FULL_TIME,https://www.espn.com/soccer/match/_/gameId/401853988,,,True
2026,401853989,regular-season,2026-08-30,2026-08-30,2026-08-30T23:00Z,15363,Seattle Reign FC,17346,Houston Dash,1,0,True,STATUS_FULL_TIME,https://www.espn.com/soccer/match/_/gameId/401853989,,,True
2026,401854079,regular-season,2026-08-31,2026-08-31,2026-09-01T00:00Z,131562,Boston Legacy FC,21422,Angel City FC,2,5,True,STATUS_FULL_TIME,https://www.espn.com/soccer/match/_/gameId/401854079,,,True
2026,401853990,regular-season,2026-09-04,2026-09-04,2026-09-05T02:00Z,22187,Bay FC,20907,Kansas City Current,,,False,STATUS_SCHEDULED,https://www.espn.com/soccer/match/_/gameId/401853990,,,True
2026,401854080,regular-season,2026-09-04,2026-09-04,2026-09-05T01:30Z,19141,Utah Royals,131562,Boston Legacy FC,,,False,STATUS_SCHEDULED,https://www.espn.com/soccer/match/_/gameId/401854080,,,True
2026,401853991,regular-season,2026-09-05,2026-09-05,2026-09-05T22:30Z,20905,Racing Louisville FC,21422,Angel City FC,,,False,STATUS_SCHEDULED,https://www.espn.com/soccer/match/_/gameId/401853991,,,True
2026,401853992,regular-season,2026-09-06,2026-09-06,2026-09-06T20:00Z,15360,Chicago Stars FC,15366,North Carolina Courage,,,False,STATUS_SCHEDULED,https://www.espn.com/soccer/match/_/gameId/401853992,,,True
2026,401853993,regular-season,2026-09-06,2026-09-06,2026-09-06T20:00Z,15362,Portland Thorns FC,15365,Washington Spirit,,,False,STATUS_SCHEDULED,https://www.espn.com/soccer/match/_/gameId/401853993,,,True
2026,401853994,regular-season,2026-09-06,2026-09-06,2026-09-06T23:00Z,18206,Orlando Pride,17346,Houston Dash,,,False,STATUS_SCHEDULED,https://www.espn.com/soccer/match/_/gameId/401853994,,,True
2026,401853995,regular-season,2026-09-06,2026-09-06,2026-09-07T01:00Z,15363,Seattle Reign FC,21423,San Diego Wave FC,,,False,STATUS_SCHEDULED,https://www.espn.com/soccer/match/_/gameId/401853995,,,True
2026,401854081,regular-season,2026-09-06,2026-09-06,2026-09-06T18:00Z,131563,Denver Summit FC,15364,Gotham FC,,,False,STATUS_SCHEDULED,https://www.espn.com/soccer/match/_/gameId/401854081,,,True
2026,401853996,regular-season,2026-09-11,2026-09-11,2026-09-11T22:30Z,20905,Racing Louisville FC,15364,Gotham FC,,,False,STATUS_SCHEDULED,https://www.espn.com/soccer/match/_/gameId/401853996,,,True
2026,401853997,regular-season,2026-09-11,2026-09-11,2026-09-12T00:00Z,20907,Kansas City Current,18206,Orlando Pride,,,False,STATUS_SCHEDULED,https://www.espn.com/soccer/match/_/gameId/401853997,,,True
2026,401854082,regular-season,2026-09-11,2026-09-11,2026-09-12T02:00Z,21422,Angel City FC,131563,Denver Summit FC,,,False,STATUS_SCHEDULED,https://www.espn.com/soccer/match/_/gameId/401854082,,,True
2026,401853998,regular-season,2026-09-12,2026-09-12,2026-09-13T00:00Z,15363,Seattle Reign FC,22187,Bay FC,,,False,STATUS_SCHEDULED,https://www.espn.com/soccer/match/_/gameId/401853998,,,True
2026,401853999,regular-season,2026-09-12,2026-09-12,2026-09-12T22:30Z,21423,San Diego Wave FC,15366,North Carolina Courage,,,False,STATUS_SCHEDULED,https://www.espn.com/soccer/match/_/gameId/401853999,,,True
2026,401854000,regular-season,2026-09-12,2026-09-12,2026-09-13T00:45Z,17346,Houston Dash,19141,Utah Royals,,,False,STATUS_SCHEDULED,https://www.espn.com/soccer/match/_/gameId/401854000,,,True
2026,401854001,regular-season,2026-09-13,2026-09-13,2026-09-13T23:00Z,15362,Portland Thorns FC,15360,Chicago Stars FC,,,False,STATUS_SCHEDULED,https://www.espn.com/soccer/match/_/gameId/401854001,,,True
2026,401854083,regular-season,2026-09-13,2026-09-13,2026-09-13T17:00Z,15365,Washington Spirit,131562,Boston Legacy FC,,,False,STATUS_SCHEDULED,https://www.espn.com/soccer/match/_/gameId/401854083,,,True
2026,401854002,regular-season,2026-09-16,2026-09-16,2026-09-17T02:00Z,21422,Angel City FC,15363,Seattle Reign FC,,,False,STATUS_SCHEDULED,https://www.espn.com/soccer/match/_/gameId/401854002,,,True
2026,401854084,regular-season,2026-09-16,2026-09-16,2026-09-17T01:30Z,131563,Denver Summit FC,22187,Bay FC,,,False,STATUS_SCHEDULED,https://www.espn.com/soccer/match/_/gameId/401854084,,,True
2026,401854003,regular-season,2026-09-18,2026-09-18,2026-09-19T02:00Z,21423,San Diego Wave FC,20907,Kansas City Current,,,False,STATUS_SCHEDULED,https://www.espn.com/soccer/match/_/gameId/401854003,,,True
2026,401854004,regular-season,2026-09-19,2026-09-19,2026-09-19T20:00Z,18206,Orlando Pride,15362,Portland Thorns FC,,,False,STATUS_SCHEDULED,https://www.espn.com/soccer/match/_/gameId/401854004,,,True
2026,401854005,regular-season,2026-09-19,2026-09-19,2026-09-19T22:30Z,15366,North Carolina Courage,15364,Gotham FC,,,False,STATUS_SCHEDULED,https://www.espn.com/soccer/match/_/gameId/401854005,,,True
2026,401854085,regular-season,2026-09-19,2026-09-19,2026-09-20T00:45Z,131563,Denver Summit FC,15363,Seattle Reign FC,,,False,STATUS_SCHEDULED,https://www.espn.com/soccer/match/_/gameId/401854085,,,True
2026,401854006,regular-season,2026-09-20,2026-09-20,2026-09-20T21:00Z,15360,Chicago Stars FC,15365,Washington Spirit,,,False,STATUS_SCHEDULED,https://www.espn.com/soccer/match/_/gameId/401854006,,,True
2026,401854007,regular-season,2026-09-20,2026-09-20,2026-09-20T23:00Z,22187,Bay FC,20905,Racing Louisville FC,,,False,STATUS_SCHEDULED,https://www.espn.com/soccer/match/_/gameId/401854007,,,True
2026,401854008,regular-season,2026-09-20,2026-09-20,2026-09-20T23:00Z,19141,Utah Royals,21422,Angel City FC,,,False,STATUS_SCHEDULED,https://www.espn.com/soccer/match/_/gameId/401854008,,,True
2026,401854086,regular-season,2026-09-20,2026-09-20,2026-09-20T18:00Z,131562,Boston Legacy FC,17346,Houston Dash,,,False,STATUS_SCHEDULED,https://www.espn.com/soccer/match/_/gameId/401854086,,,True
2026,401854009,regular-season,2026-09-25,2026-09-25,2026-09-25T22:30Z,20905,Racing Louisville FC,21423,San Diego Wave FC,,,False,STATUS_SCHEDULED,https://www.espn.com/soccer/match/_/gameId/401854009,,,True
2026,401854010,regular-season,2026-09-25,2026-09-25,2026-09-26T00:00Z,15364,Gotham FC,15360,Chicago Stars FC,,,False,STATUS_SCHEDULED,https://www.espn.com/soccer/match/_/gameId/401854010,,,True
2026,401854087,regular-season,2026-09-25,2026-09-25,2026-09-26T00:30Z,15363,Seattle Reign FC,131562,Boston Legacy FC,,,False,STATUS_SCHEDULED,https://www.espn.com/soccer/match/_/gameId/401854087,,,True
2026,401854011,regular-season,2026-09-26,2026-09-26,2026-09-26T22:30Z,15365,Washington Spirit,21422,Angel City FC,,,False,STATUS_SCHEDULED,https://www.espn.com/soccer/match/_/gameId/401854011,,,True
2026,401854012,regular-season,2026-09-26,2026-09-26,2026-09-27T00:45Z,15362,Portland Thorns FC,17346,Houston Dash,,,False,STATUS_SCHEDULED,https://www.espn.com/soccer/match/_/gameId/401854012,,,True
2026,401854088,regular-season,2026-09-26,2026-09-26,2026-09-26T16:30Z,20907,Kansas City Current,131563,Denver Summit FC,,,False,STATUS_SCHEDULED,https://www.espn.com/soccer/match/_/gameId/401854088,,,True
2026,401854013,regular-season,2026-09-27,2026-09-27,2026-09-27T21:00Z,22187,Bay FC,18206,Orlando Pride,,,False,STATUS_SCHEDULED,https://www.espn.com/soccer/match/_/gameId/401854013,,,True
2026,401854014,regular-season,2026-09-27,2026-09-27,2026-09-27T23:00Z,19141,Utah Royals,15366,North Carolina Courage,,,False,STATUS_SCHEDULED,https://www.espn.com/soccer/match/_/gameId/401854014,,,True
2026,401854015,regular-season,2026-10-02,2026-10-02,2026-10-03T00:00Z,18206,Orlando Pride,21423,San Diego Wave FC,,,False,STATUS_SCHEDULED,https://www.espn.com/soccer/match/_/gameId/401854015,,,True
2026,401854016,regular-season,2026-10-02,2026-10-02,2026-10-03T02:00Z,15363,Seattle Reign FC,15366,North Carolina Courage,,,False,STATUS_SCHEDULED,https://www.espn.com/soccer/match/_/gameId/401854016,,,True
2026,401854017,regular-season,2026-10-03,2026-10-03,2026-10-03T20:00Z,20905,Racing Louisville FC,19141,Utah Royals,,,False,STATUS_SCHEDULED,https://www.espn.com/soccer/match/_/gameId/401854017,,,True
2026,401854018,regular-season,2026-10-03,2026-10-03,2026-10-03T22:30Z,20907,Kansas City Current,22187,Bay FC,,,False,STATUS_SCHEDULED,https://www.espn.com/soccer/match/_/gameId/401854018,,,True
2026,401854089,regular-season,2026-10-03,2026-10-03,2026-10-04T00:45Z,15362,Portland Thorns FC,131562,Boston Legacy FC,,,False,STATUS_SCHEDULED,https://www.espn.com/soccer/match/_/gameId/401854089,,,True
2026,401854019,regular-season,2026-10-04,2026-10-04,2026-10-04T16:00Z,15364,Gotham FC,21422,Angel City FC,,,False,STATUS_SCHEDULED,https://www.espn.com/soccer/match/_/gameId/401854019,,,True
2026,401854020,regular-season,2026-10-04,2026-10-04,2026-10-04T23:00Z,17346,Houston Dash,15365,Washington Spirit,,,False,STATUS_SCHEDULED,https://www.espn.com/soccer/match/_/gameId/401854020,,,True
2026,401854090,regular-season,2026-10-04,2026-10-04,2026-10-04T20:00Z,15360,Chicago Stars FC,131563,Denver Summit FC,,,False,STATUS_SCHEDULED,https://www.espn.com/soccer/match/_/gameId/401854090,,,True
2026,401854091,regular-season,2026-10-16,2026-10-16,2026-10-17T00:00Z,131562,Boston Legacy FC,20905,Racing Louisville FC,,,False,STATUS_SCHEDULED,https://www.espn.com/soccer/match/_/gameId/401854091,,,True
2026,401854021,regular-season,2026-10-17,2026-10-17,2026-10-17T16:30Z,15365,Washington Spirit,15364,Gotham FC,,,False,STATUS_SCHEDULED,https://www.espn.com/soccer/match/_/gameId/401854021,,,True
2026,401854022,regular-season,2026-10-17,2026-10-17,2026-10-17T22:30Z,19141,Utah Royals,20907,Kansas City Current,,,False,STATUS_SCHEDULED,https://www.espn.com/soccer/match/_/gameId/401854022,,,True
2026,401854023,regular-season,2026-10-17,2026-10-17,2026-10-17T23:00Z,15366,North Carolina Courage,21423,San Diego Wave FC,,,False,STATUS_SCHEDULED,https://www.espn.com/soccer/match/_/gameId/401854023,,,True
2026,401854092,regular-season,2026-10-17,2026-10-17,2026-10-18T00:45Z,131563,Denver Summit FC,21422,Angel City FC,,,False,STATUS_SCHEDULED,https://www.espn.com/soccer/match/_/gameId/401854092,,,True
2026,401854024,regular-season,2026-10-18,2026-10-18,2026-10-18T17:00Z,17346,Houston Dash,18206,Orlando Pride,,,False,STATUS_SCHEDULED,https://www.espn.com/soccer/match/_/gameId/401854024,,,True
2026,401854025,regular-season,2026-10-18,2026-10-18,2026-10-18T21:00Z,22187,Bay FC,15362,Portland Thorns FC,,,False,STATUS_SCHEDULED,https://www.espn.com/soccer/match/_/gameId/401854025,,,True
2026,401854026,regular-season,2026-10-18,2026-10-18,2026-10-18T23:00Z,15360,Chicago Stars FC,15363,Seattle Reign FC,,,False,STATUS_SCHEDULED,https://www.espn.com/soccer/match/_/gameId/401854026,,,True
2026,401854027,regular-season,2026-10-23,2026-10-23,2026-10-24T00:00Z,15360,Chicago Stars FC,17346,Houston Dash,,,False,STATUS_SCHEDULED,https://www.espn.com/soccer/match/_/gameId/401854027,,,True
2026,401854028,regular-season,2026-10-23,2026-10-23,2026-10-24T01:30Z,19141,Utah Royals,15363,Seattle Reign FC,,,False,STATUS_SCHEDULED,https://www.espn.com/soccer/match/_/gameId/401854028,,,True
2026,401854029,regular-season,2026-10-23,2026-10-23,2026-10-24T02:00Z,15362,Portland Thorns FC,15366,North Carolina Courage,,,False,STATUS_SCHEDULED,https://www.espn.com/soccer/match/_/gameId/401854029,,,True
2026,401854030,regular-season,2026-10-24,2026-10-24,2026-10-25T00:45Z,21422,Angel City FC,22187,Bay FC,,,False,STATUS_SCHEDULED,https://www.espn.com/soccer/match/_/gameId/401854030,,,True
2026,401854093,regular-season,2026-10-24,2026-10-24,2026-10-24T22:30Z,131563,Denver Summit FC,20905,Racing Louisville FC,,,False,STATUS_SCHEDULED,https://www.espn.com/soccer/match/_/gameId/401854093,,,True
2026,401854031,regular-season,2026-10-25,2026-10-25,2026-10-25T19:00Z,18206,Orlando Pride,15364,Gotham FC,,,False,STATUS_SCHEDULED,https://www.espn.com/soccer/match/_/gameId/401854031,,,True
2026,401854032,regular-season,2026-10-25,2026-10-25,2026-10-25T21:00Z,20907,Kansas City Current,15365,Washington Spirit,,,False,STATUS_SCHEDULED,https://www.espn.com/soccer/match/_/gameId/401854032,,,True
2026,401854094,regular-season,2026-10-25,2026-10-25,2026-10-25T23:00Z,21423,San Diego Wave FC,131562,Boston Legacy FC,,,False,STATUS_SCHEDULED,https://www.espn.com/soccer/match/_/gameId/401854094,,,True
2026,401854033,regular-season,2026-11-01,2026-11-01,2026-11-01T22:00Z,22187,Bay FC,21423,San Diego Wave FC,,,False,STATUS_SCHEDULED,https://www.espn.com/soccer/match/_/gameId/401854033,,,True
2026,401854034,regular-season,2026-11-01,2026-11-01,2026-11-01T22:00Z,15364,Gotham FC,19141,Utah Royals,,,False,STATUS_SCHEDULED,https://www.espn.com/soccer/match/_/gameId/401854034,,,True
2026,401854035,regular-season,2026-11-01,2026-11-01,2026-11-01T22:00Z,15365,Washington Spirit,15360,Chicago Stars FC,,,False,STATUS_SCHEDULED,https://www.espn.com/soccer/match/_/gameId/401854035,,,True
2026,401854036,regular-season,2026-11-01,2026-11-01,2026-11-01T22:00Z,20905,Racing Louisville FC,20907,Kansas City Current,,,False,STATUS_SCHEDULED,https://www.espn.com/soccer/match/_/gameId/401854036,,,True
2026,401854037,regular-season,2026-11-01,2026-11-01,2026-11-01T22:00Z,15363,Seattle Reign FC,18206,Orlando Pride,,,False,STATUS_SCHEDULED,https://www.espn.com/soccer/match/_/gameId/401854037,,,True
2026,401854038,regular-season,2026-11-01,2026-11-01,2026-11-01T22:00Z,17346,Houston Dash,15362,Portland Thorns FC,,,False,STATUS_SCHEDULED,https://www.espn.com/soccer/match/_/gameId/401854038,,,True
2026,401854095,regular-season,2026-11-01,2026-11-01,2026-11-01T22:00Z,21422,Angel City FC,131562,Boston Legacy FC,,,False,STATUS_SCHEDULED,https://www.espn.com/soccer/match/_/gameId/401854095,,,True
2026,401854096,regular-season,2026-11-01,2026-11-01,2026-11-01T22:00Z,15366,North Carolina Courage,131563,Denver Summit FC,,,False,STATUS_SCHEDULED,https://www.espn.com/soccer/match/_/gameId/401854096,,,True
