season,team_id,team,team_season_id,snapshot_date,checkpoint_pct,dataset_role,made_playoffs,season_pct,points_per_game,win_pct,goal_diff_per_game,last_5_points,last_5_goal_diff,points_rank_pct,points_gap_to_cutline,playoff_share,games_played,scheduled_games,games_remaining,league_teams,playoff_spots,points,match_points,points_adjustment,wins,draws,losses,goals_for,goals_against,goal_diff,cutline_points,last_5_games,last_match_date,baseline_top_k,source_url
2016,15362,Portland Thorns FC,2016_15362,2016-06-17,0.4,train,Yes,0.45,1.8888888888888888,0.4444444444444444,0.7777777777777778,9,5,0.0,3,0.4,9,20,11,10,4,17,17,0,4,5,0,12,5,7,14,5,2016-06-17,Yes,https://site.api.espn.com/apis/site/v2/sports/soccer/usa.nwsl/scoreboard?dates=2016&limit=1000
2016,15365,Washington Spirit,2016_15365,2016-06-17,0.4,train,Yes,0.35,2.0,0.5714285714285714,0.42857142857142855,8,1,0.3333333333333333,0,0.4,7,20,13,10,4,14,14,0,4,2,1,9,6,3,14,5,2016-06-10,Yes,https://site.api.espn.com/apis/site/v2/sports/soccer/usa.nwsl/scoreboard?dates=2016&limit=1000
2016,15360,Chicago Red Stars,2016_15360,2016-06-17,0.4,train,Yes,0.4,1.875,0.5,0.25,9,2,0.16666666666666666,1,0.4,8,20,12,10,4,15,15,0,4,3,1,8,6,2,14,5,2016-06-12,Yes,https://site.api.espn.com/apis/site/v2/sports/soccer/usa.nwsl/scoreboard?dates=2016&limit=1000
2016,15366,Western New York Flash,2016_15366,2016-06-17,0.4,train,Yes,0.45,1.6666666666666667,0.5555555555555556,0.3333333333333333,9,5,0.16666666666666666,1,0.4,9,20,11,10,4,15,15,0,5,0,4,13,10,3,14,5,2016-06-17,Yes,https://site.api.espn.com/apis/site/v2/sports/soccer/usa.nwsl/scoreboard?dates=2016&limit=1000
2016,15363,Seattle Reign FC,2016_15363,2016-06-17,0.4,train,No,0.4,1.375,0.375,0.125,5,-2,0.5555555555555556,-3,0.4,8,20,12,10,4,11,11,0,3,2,3,8,7,1,14,5,2016-06-12,No,https://site.api.espn.com/apis/site/v2/sports/soccer/usa.nwsl/scoreboard?dates=2016&limit=1000
2016,15361,FC Kansas City,2016_15361,2016-06-17,0.4,train,No,0.4,0.75,0.125,-0.25,5,0,0.8888888888888888,-8,0.4,8,20,12,10,4,6,6,0,1,3,4,5,7,-2,14,5,2016-06-11,No,https://site.api.espn.com/apis/site/v2/sports/soccer/usa.nwsl/scoreboard?dates=2016&limit=1000
2016,15364,Sky Blue FC,2016_15364,2016-06-17,0.4,train,No,0.4,1.125,0.25,-0.375,5,-3,0.6666666666666666,-5,0.4,8,20,12,10,4,9,9,0,2,3,3,9,12,-3,14,5,2016-06-11,No,https://site.api.espn.com/apis/site/v2/sports/soccer/usa.nwsl/scoreboard?dates=2016&limit=1000
2016,17346,Houston Dash,2016_17346,2016-06-17,0.4,train,No,0.35,1.0,0.2857142857142857,-0.2857142857142857,4,-2,0.7777777777777778,-7,0.4,7,20,13,10,4,7,7,0,2,1,4,6,8,-2,14,5,2016-06-12,No,https://site.api.espn.com/apis/site/v2/sports/soccer/usa.nwsl/scoreboard?dates=2016&limit=1000
2016,18206,Orlando Pride,2016_18206,2016-06-17,0.4,train,No,0.4,1.5,0.5,0.125,9,1,0.4444444444444444,-2,0.4,8,20,12,10,4,12,12,0,4,0,4,8,7,1,14,5,2016-06-11,No,https://site.api.espn.com/apis/site/v2/sports/soccer/usa.nwsl/scoreboard?dates=2016&limit=1000
2016,15359,Boston Breakers,2016_15359,2016-06-17,0.4,train,No,0.4,0.5,0.125,-1.25,4,-5,1.0,-10,0.4,8,20,12,10,4,4,4,0,1,1,6,2,12,-10,14,5,2016-06-10,No,https://site.api.espn.com/apis/site/v2/sports/soccer/usa.nwsl/scoreboard?dates=2016&limit=1000
2016,15362,Portland Thorns FC,2016_15362,2016-06-26,0.5,train,Yes,0.55,2.090909090909091,0.5454545454545454,0.9090909090909091,11,5,0.0,6,0.4,11,20,9,10,4,23,23,0,6,5,0,16,6,10,17,5,2016-06-26,Yes,https://site.api.espn.com/apis/site/v2/sports/soccer/usa.nwsl/scoreboard?dates=2016&limit=1000
2016,15365,Washington Spirit,2016_15365,2016-06-26,0.5,train,Yes,0.45,1.8888888888888888,0.5555555555555556,0.4444444444444444,7,-1,0.3333333333333333,0,0.4,9,20,11,10,4,17,17,0,5,2,2,12,8,4,17,5,2016-06-25,Yes,https://site.api.espn.com/apis/site/v2/sports/soccer/usa.nwsl/scoreboard?dates=2016&limit=1000
2016,15360,Chicago Red Stars,2016_15360,2016-06-26,0.5,train,Yes,0.5,1.8,0.5,0.3,8,2,0.16666666666666666,1,0.4,10,20,10,10,4,18,18,0,5,3,2,11,8,3,17,5,2016-06-22,Yes,https://site.api.espn.com/apis/site/v2/sports/soccer/usa.nwsl/scoreboard?dates=2016&limit=1000
2016,15366,Western New York Flash,2016_15366,2016-06-26,0.5,train,Yes,0.5,1.8,0.6,0.9,12,12,0.16666666666666666,1,0.4,10,20,10,10,4,18,18,0,6,0,4,20,11,9,17,5,2016-06-24,Yes,https://site.api.espn.com/apis/site/v2/sports/soccer/usa.nwsl/scoreboard?dates=2016&limit=1000
2016,15363,Seattle Reign FC,2016_15363,2016-06-26,0.5,train,No,0.5,1.3,0.3,0.1,6,0,0.6111111111111112,-4,0.4,10,20,10,10,4,13,13,0,3,4,3,8,7,1,17,5,2016-06-25,No,https://site.api.espn.com/apis/site/v2/sports/soccer/usa.nwsl/scoreboard?dates=2016&limit=1000
2016,15361,FC Kansas City,2016_15361,2016-06-26,0.5,train,No,0.5,1.0,0.2,-0.1,8,2,0.7777777777777778,-7,0.4,10,20,10,10,4,10,10,0,2,4,4,6,7,-1,17,5,2016-06-25,No,https://site.api.espn.com/apis/site/v2/sports/soccer/usa.nwsl/scoreboard?dates=2016&limit=1000
2016,15364,Sky Blue FC,2016_15364,2016-06-26,0.5,train,No,0.5,1.3,0.3,-0.2,6,-2,0.6111111111111112,-4,0.4,10,20,10,10,4,13,13,0,3,4,3,11,13,-2,17,5,2016-06-25,No,https://site.api.espn.com/apis/site/v2/sports/soccer/usa.nwsl/scoreboard?dates=2016&limit=1000
2016,17346,Houston Dash,2016_17346,2016-06-26,0.5,train,No,0.45,0.7777777777777778,0.2222222222222222,-0.4444444444444444,0,-5,0.8888888888888888,-10,0.4,9,20,11,10,4,7,7,0,2,1,6,6,10,-4,17,5,2016-06-23,No,https://site.api.espn.com/apis/site/v2/sports/soccer/usa.nwsl/scoreboard?dates=2016&limit=1000
2016,18206,Orlando Pride,2016_18206,2016-06-26,0.5,train,No,0.55,1.3636363636363635,0.45454545454545453,-0.09090909090909091,3,-5,0.4444444444444444,-2,0.4,11,20,9,10,4,15,15,0,5,0,6,10,11,-1,17,5,2016-06-26,No,https://site.api.espn.com/apis/site/v2/sports/soccer/usa.nwsl/scoreboard?dates=2016&limit=1000
2016,15359,Boston Breakers,2016_15359,2016-06-26,0.5,train,No,0.5,0.4,0.1,-1.9,4,-12,1.0,-13,0.4,10,20,10,10,4,4,4,0,1,1,8,3,22,-19,17,5,2016-06-24,No,https://site.api.espn.com/apis/site/v2/sports/soccer/usa.nwsl/scoreboard?dates=2016&limit=1000
2016,15362,Portland Thorns FC,2016_15362,2016-07-16,0.6,train,Yes,0.7,1.8571428571428572,0.5,0.5,9,0,0.05555555555555555,5,0.4,14,20,6,10,4,26,26,0,7,5,2,19,12,7,21,5,2016-07-16,Yes,https://site.api.espn.com/apis/site/v2/sports/soccer/usa.nwsl/scoreboard?dates=2016&limit=1000
2016,15365,Washington Spirit,2016_15365,2016-07-16,0.6,train,Yes,0.6,2.1666666666666665,0.6666666666666666,0.75,12,6,0.05555555555555555,5,0.4,12,20,8,10,4,26,26,0,8,2,2,19,10,9,21,5,2016-07-16,Yes,https://site.api.espn.com/apis/site/v2/sports/soccer/usa.nwsl/scoreboard?dates=2016&limit=1000
2016,15360,Chicago Red Stars,2016_15360,2016-07-16,0.6,train,Yes,0.65,1.6153846153846154,0.46153846153846156,0.0,6,-2,0.3333333333333333,0,0.4,13,20,7,10,4,21,21,0,6,3,4,12,12,0,21,5,2016-07-16,Yes,https://site.api.espn.com/apis/site/v2/sports/soccer/usa.nwsl/scoreboard?dates=2016&limit=1000
2016,15366,Western New York Flash,2016_15366,2016-07-16,0.6,train,Yes,0.65,1.9230769230769231,0.6153846153846154,0.9230769230769231,10,7,0.2222222222222222,4,0.4,13,20,7,10,4,25,25,0,8,1,4,26,14,12,21,5,2016-07-16,Yes,https://site.api.espn.com/apis/site/v2/sports/soccer/usa.nwsl/scoreboard?dates=2016&limit=1000
2016,15363,Seattle Reign FC,2016_15363,2016-07-16,0.6,train,No,0.65,1.3076923076923077,0.3076923076923077,0.15384615384615385,6,1,0.5555555555555556,-4,0.4,13,20,7,10,4,17,17,0,4,5,4,13,11,2,21,5,2016-07-16,No,https://site.api.espn.com/apis/site/v2/sports/soccer/usa.nwsl/scoreboard?dates=2016&limit=1000
2016,15361,FC Kansas City,2016_15361,2016-07-16,0.6,train,No,0.65,1.0,0.23076923076923078,-0.23076923076923078,7,-1,0.7777777777777778,-8,0.4,13,20,7,10,4,13,13,0,3,4,6,10,13,-3,21,5,2016-07-16,No,https://site.api.espn.com/apis/site/v2/sports/soccer/usa.nwsl/scoreboard?dates=2016&limit=1000
2016,15364,Sky Blue FC,2016_15364,2016-07-16,0.6,train,No,0.6,1.3333333333333333,0.3333333333333333,-0.16666666666666666,8,1,0.6666666666666666,-5,0.4,12,20,8,10,4,16,16,0,4,4,4,13,15,-2,21,5,2016-07-09,No,https://site.api.espn.com/apis/site/v2/sports/soccer/usa.nwsl/scoreboard?dates=2016&limit=1000
2016,17346,Houston Dash,2016_17346,2016-07-16,0.6,train,No,0.55,0.9090909090909091,0.2727272727272727,-0.18181818181818182,3,-1,0.8888888888888888,-11,0.4,11,20,9,10,4,10,10,0,3,1,7,9,11,-2,21,5,2016-07-16,No,https://site.api.espn.com/apis/site/v2/sports/soccer/usa.nwsl/scoreboard?dates=2016&limit=1000
2016,18206,Orlando Pride,2016_18206,2016-07-16,0.6,train,No,0.65,1.3846153846153846,0.46153846153846156,-0.07692307692307693,6,-2,0.4444444444444444,-3,0.4,13,20,7,10,4,18,18,0,6,0,7,12,13,-1,21,5,2016-07-16,No,https://site.api.espn.com/apis/site/v2/sports/soccer/usa.nwsl/scoreboard?dates=2016&limit=1000
2016,15359,Boston Breakers,2016_15359,2016-07-16,0.6,train,No,0.6,0.3333333333333333,0.08333333333333333,-1.8333333333333333,1,-12,1.0,-17,0.4,12,20,8,10,4,4,4,0,1,1,10,4,26,-22,21,5,2016-07-10,No,https://site.api.espn.com/apis/site/v2/sports/soccer/usa.nwsl/scoreboard?dates=2016&limit=1000
2016,15362,Portland Thorns FC,2016_15362,2016-07-30,0.7,train,Yes,0.75,1.9333333333333333,0.5333333333333333,0.5333333333333333,9,-1,0.0,4,0.4,15,20,5,10,4,29,29,0,8,5,2,20,12,8,25,5,2016-07-30,Yes,https://site.api.espn.com/apis/site/v2/sports/soccer/usa.nwsl/scoreboard?dates=2016&limit=1000
2016,15365,Washington Spirit,2016_15365,2016-07-30,0.7,train,Yes,0.65,2.0,0.6153846153846154,0.6153846153846154,9,3,0.16666666666666666,1,0.4,13,20,7,10,4,26,26,0,8,2,3,19,11,8,25,5,2016-07-23,Yes,https://site.api.espn.com/apis/site/v2/sports/soccer/usa.nwsl/scoreboard?dates=2016&limit=1000
2016,15360,Chicago Red Stars,2016_15360,2016-07-30,0.7,train,Yes,0.75,1.6666666666666667,0.4666666666666667,0.06666666666666667,7,-2,0.3333333333333333,0,0.4,15,20,5,10,4,25,25,0,7,4,4,14,13,1,25,5,2016-07-30,Yes,https://site.api.espn.com/apis/site/v2/sports/soccer/usa.nwsl/scoreboard?dates=2016&limit=1000
2016,15366,Western New York Flash,2016_15366,2016-07-30,0.7,train,Yes,0.75,1.7333333333333334,0.5333333333333333,0.7333333333333333,8,2,0.16666666666666666,1,0.4,15,20,5,10,4,26,26,0,8,2,5,29,18,11,25,5,2016-07-30,Yes,https://site.api.espn.com/apis/site/v2/sports/soccer/usa.nwsl/scoreboard?dates=2016&limit=1000
2016,15363,Seattle Reign FC,2016_15363,2016-07-30,0.7,train,No,0.75,1.3333333333333333,0.3333333333333333,0.26666666666666666,7,3,0.5555555555555556,-5,0.4,15,20,5,10,4,20,20,0,5,5,5,18,14,4,25,5,2016-07-30,No,https://site.api.espn.com/apis/site/v2/sports/soccer/usa.nwsl/scoreboard?dates=2016&limit=1000
2016,15361,FC Kansas City,2016_15361,2016-07-30,0.7,train,No,0.75,1.0666666666666667,0.26666666666666666,-0.2,6,-2,0.7777777777777778,-9,0.4,15,20,5,10,4,16,16,0,4,4,7,11,14,-3,25,5,2016-07-30,No,https://site.api.espn.com/apis/site/v2/sports/soccer/usa.nwsl/scoreboard?dates=2016&limit=1000
2016,15364,Sky Blue FC,2016_15364,2016-07-30,0.7,train,No,0.7,1.5714285714285714,0.42857142857142855,0.0,12,3,0.4444444444444444,-3,0.4,14,20,6,10,4,22,22,0,6,4,4,17,17,0,25,5,2016-07-23,No,https://site.api.espn.com/apis/site/v2/sports/soccer/usa.nwsl/scoreboard?dates=2016&limit=1000
2016,17346,Houston Dash,2016_17346,2016-07-30,0.7,train,No,0.65,0.9230769230769231,0.23076923076923078,-0.15384615384615385,5,1,0.8888888888888888,-13,0.4,13,20,7,10,4,12,12,0,3,3,7,13,15,-2,25,5,2016-07-30,No,https://site.api.espn.com/apis/site/v2/sports/soccer/usa.nwsl/scoreboard?dates=2016&limit=1000
2016,18206,Orlando Pride,2016_18206,2016-07-30,0.7,train,No,0.7,1.2857142857142858,0.42857142857142855,-0.2857142857142857,6,-3,0.6666666666666666,-7,0.4,14,20,6,10,4,18,18,0,6,0,8,14,18,-4,25,5,2016-07-23,No,https://site.api.espn.com/apis/site/v2/sports/soccer/usa.nwsl/scoreboard?dates=2016&limit=1000
2016,15359,Boston Breakers,2016_15359,2016-07-30,0.7,train,No,0.65,0.3076923076923077,0.07692307692307693,-1.7692307692307692,0,-13,1.0,-21,0.4,13,20,7,10,4,4,4,0,1,1,11,6,29,-23,25,5,2016-07-17,No,https://site.api.espn.com/apis/site/v2/sports/soccer/usa.nwsl/scoreboard?dates=2016&limit=1000
2016,15362,Portland Thorns FC,2016_15362,2016-08-31,0.8,train,Yes,0.8,1.8125,0.5,0.375,6,-4,0.1111111111111111,2,0.4,16,20,4,10,4,29,29,0,8,5,3,21,15,6,27,5,2016-08-27,Yes,https://site.api.espn.com/apis/site/v2/sports/soccer/usa.nwsl/scoreboard?dates=2016&limit=1000
2016,15365,Washington Spirit,2016_15365,2016-08-31,0.8,train,Yes,0.8,2.1875,0.6875,0.75,12,4,0.0,8,0.4,16,20,4,10,4,35,35,0,11,2,3,26,14,12,27,5,2016-08-26,Yes,https://site.api.espn.com/apis/site/v2/sports/soccer/usa.nwsl/scoreboard?dates=2016&limit=1000
2016,15360,Chicago Red Stars,2016_15360,2016-08-31,0.8,train,Yes,0.8,1.75,0.5,0.1875,10,2,0.2222222222222222,1,0.4,16,20,4,10,4,28,28,0,8,4,4,17,14,3,27,5,2016-08-27,Yes,https://site.api.espn.com/apis/site/v2/sports/soccer/usa.nwsl/scoreboard?dates=2016&limit=1000
2016,15366,Western New York Flash,2016_15366,2016-08-31,0.8,train,Yes,0.8,1.6875,0.5,0.6875,6,0,0.3333333333333333,0,0.4,16,20,4,10,4,27,27,0,8,3,5,31,20,11,27,5,2016-08-27,Yes,https://site.api.espn.com/apis/site/v2/sports/soccer/usa.nwsl/scoreboard?dates=2016&limit=1000
2016,15363,Seattle Reign FC,2016_15363,2016-08-31,0.8,train,No,0.8,1.4375,0.375,0.375,7,3,0.4444444444444444,-4,0.4,16,20,4,10,4,23,23,0,6,5,5,21,15,6,27,5,2016-08-27,No,https://site.api.espn.com/apis/site/v2/sports/soccer/usa.nwsl/scoreboard?dates=2016&limit=1000
2016,15361,FC Kansas City,2016_15361,2016-08-31,0.8,train,No,0.8,1.0,0.25,-0.3125,6,-2,0.8333333333333334,-11,0.4,16,20,4,10,4,16,16,0,4,4,8,11,16,-5,27,5,2016-08-28,No,https://site.api.espn.com/apis/site/v2/sports/soccer/usa.nwsl/scoreboard?dates=2016&limit=1000
2016,15364,Sky Blue FC,2016_15364,2016-08-31,0.8,train,No,0.8,1.375,0.375,-0.25,9,-1,0.5555555555555556,-5,0.4,16,20,4,10,4,22,22,0,6,4,6,19,23,-4,27,5,2016-08-27,No,https://site.api.espn.com/apis/site/v2/sports/soccer/usa.nwsl/scoreboard?dates=2016&limit=1000
2016,17346,Houston Dash,2016_17346,2016-08-31,0.8,train,No,0.8,1.0,0.25,-0.0625,6,1,0.8333333333333334,-11,0.4,16,20,4,10,4,16,16,0,4,4,8,19,20,-1,27,5,2016-08-31,No,https://site.api.espn.com/apis/site/v2/sports/soccer/usa.nwsl/scoreboard?dates=2016&limit=1000
2016,18206,Orlando Pride,2016_18206,2016-08-31,0.8,train,No,0.8,1.125,0.375,-0.375,3,-5,0.6666666666666666,-9,0.4,16,20,4,10,4,18,18,0,6,0,10,15,21,-6,27,5,2016-08-26,No,https://site.api.espn.com/apis/site/v2/sports/soccer/usa.nwsl/scoreboard?dates=2016&limit=1000
2016,15359,Boston Breakers,2016_15359,2016-08-31,0.8,train,No,0.8,0.625,0.1875,-1.375,6,-1,1.0,-17,0.4,16,20,4,10,4,10,10,0,3,1,12,10,32,-22,27,5,2016-08-31,No,https://site.api.espn.com/apis/site/v2/sports/soccer/usa.nwsl/scoreboard?dates=2016&limit=1000
2017,15366,North Carolina Courage,2017_15366,2017-06-24,0.4,train,Yes,0.4583333333333333,2.1818181818181817,0.7272727272727273,0.6363636363636364,12,6,0.0,9,0.4,11,24,13,10,4,24,24,0,8,0,3,18,11,7,15,5,2017-06-24,Yes,https://site.api.espn.com/apis/site/v2/sports/soccer/usa.nwsl/scoreboard?dates=2017&limit=1000
2017,15362,Portland Thorns FC,2017_15362,2017-06-24,0.4,train,Yes,0.4166666666666667,1.5,0.4,0.3,7,1,0.3333333333333333,0,0.4,10,24,14,10,4,15,15,0,4,3,3,12,9,3,15,5,2017-06-24,Yes,https://site.api.espn.com/apis/site/v2/sports/soccer/usa.nwsl/scoreboard?dates=2017&limit=1000
2017,18206,Orlando Pride,2017_18206,2017-06-24,0.4,train,Yes,0.4166666666666667,1.2,0.3,-0.1,7,1,0.6666666666666666,-3,0.4,10,24,14,10,4,12,12,0,3,3,4,14,15,-1,15,5,2017-06-24,No,https://site.api.espn.com/apis/site/v2/sports/soccer/usa.nwsl/scoreboard?dates=2017&limit=1000
2017,15360,Chicago Red Stars,2017_15360,2017-06-24,0.4,train,Yes,0.375,1.8888888888888888,0.5555555555555556,0.4444444444444444,11,4,0.1111111111111111,2,0.4,9,24,15,10,4,17,17,0,5,2,2,12,8,4,15,5,2017-06-17,Yes,https://site.api.espn.com/apis/site/v2/sports/soccer/usa.nwsl/scoreboard?dates=2017&limit=1000
2017,15363,Seattle Reign FC,2017_15363,2017-06-24,0.4,train,No,0.4166666666666667,1.4,0.3,0.6,6,1,0.4444444444444444,-1,0.4,10,24,14,10,4,14,14,0,3,5,2,20,14,6,15,5,2017-06-24,No,https://site.api.espn.com/apis/site/v2/sports/soccer/usa.nwsl/scoreboard?dates=2017&limit=1000
2017,15364,Sky Blue FC,2017_15364,2017-06-24,0.4,train,No,0.4166666666666667,1.6,0.5,0.1,9,0,0.2222222222222222,1,0.4,10,24,14,10,4,16,16,0,5,1,4,15,14,1,15,5,2017-06-17,Yes,https://site.api.espn.com/apis/site/v2/sports/soccer/usa.nwsl/scoreboard?dates=2017&limit=1000
2017,15361,FC Kansas City,2017_15361,2017-06-24,0.4,train,No,0.4166666666666667,1.3,0.3,0.0,8,0,0.5555555555555556,-2,0.4,10,24,14,10,4,13,13,0,3,4,3,10,10,0,15,5,2017-06-24,No,https://site.api.espn.com/apis/site/v2/sports/soccer/usa.nwsl/scoreboard?dates=2017&limit=1000
2017,17346,Houston Dash,2017_17346,2017-06-24,0.4,train,No,0.4166666666666667,0.9,0.3,-1.0,3,-5,0.8888888888888888,-6,0.4,10,24,14,10,4,9,9,0,3,0,7,10,20,-10,15,5,2017-06-24,No,https://site.api.espn.com/apis/site/v2/sports/soccer/usa.nwsl/scoreboard?dates=2017&limit=1000
2017,15359,Boston Breakers,2017_15359,2017-06-24,0.4,train,No,0.4166666666666667,0.8,0.2,-0.6,1,-7,1.0,-7,0.4,10,24,14,10,4,8,8,0,2,2,6,8,14,-6,15,5,2017-06-24,No,https://site.api.espn.com/apis/site/v2/sports/soccer/usa.nwsl/scoreboard?dates=2017&limit=1000
2017,15365,Washington Spirit,2017_15365,2017-06-24,0.4,train,No,0.4166666666666667,1.1,0.3,-0.4,7,1,0.7777777777777778,-4,0.4,10,24,14,10,4,11,11,0,3,2,5,13,17,-4,15,5,2017-06-24,No,https://site.api.espn.com/apis/site/v2/sports/soccer/usa.nwsl/scoreboard?dates=2017&limit=1000
2017,15366,North Carolina Courage,2017_15366,2017-07-02,0.5,train,Yes,0.5,2.0,0.6666666666666666,0.5,9,3,0.0,5,0.4,12,24,12,10,4,24,24,0,8,0,4,18,12,6,19,5,2017-07-01,Yes,https://site.api.espn.com/apis/site/v2/sports/soccer/usa.nwsl/scoreboard?dates=2017&limit=1000
2017,15362,Portland Thorns FC,2017_15362,2017-07-02,0.5,train,Yes,0.5,1.5,0.4166666666666667,0.3333333333333333,6,0,0.4444444444444444,-1,0.4,12,24,12,10,4,18,18,0,5,3,4,15,11,4,19,5,2017-07-01,No,https://site.api.espn.com/apis/site/v2/sports/soccer/usa.nwsl/scoreboard?dates=2017&limit=1000
2017,18206,Orlando Pride,2017_18206,2017-07-02,0.5,train,Yes,0.5,1.25,0.3333333333333333,-0.08333333333333333,9,2,0.5555555555555556,-4,0.4,12,24,12,10,4,15,15,0,4,3,5,17,18,-1,19,5,2017-07-01,No,https://site.api.espn.com/apis/site/v2/sports/soccer/usa.nwsl/scoreboard?dates=2017&limit=1000
2017,15360,Chicago Red Stars,2017_15360,2017-07-02,0.5,train,Yes,0.5,1.9166666666666667,0.5833333333333334,0.4166666666666667,10,2,0.1111111111111111,4,0.4,12,24,12,10,4,23,23,0,7,2,3,16,11,5,19,5,2017-07-01,Yes,https://site.api.espn.com/apis/site/v2/sports/soccer/usa.nwsl/scoreboard?dates=2017&limit=1000
2017,15363,Seattle Reign FC,2017_15363,2017-07-02,0.5,train,No,0.5,1.6666666666666667,0.4166666666666667,0.75,8,2,0.2222222222222222,1,0.4,12,24,12,10,4,20,20,0,5,5,2,24,15,9,19,5,2017-07-01,Yes,https://site.api.espn.com/apis/site/v2/sports/soccer/usa.nwsl/scoreboard?dates=2017&limit=1000
2017,15364,Sky Blue FC,2017_15364,2017-07-02,0.5,train,No,0.5416666666666666,1.4615384615384615,0.46153846153846156,0.0,6,-1,0.3333333333333333,0,0.4,13,24,11,10,4,19,19,0,6,1,6,19,19,0,19,5,2017-07-01,Yes,https://site.api.espn.com/apis/site/v2/sports/soccer/usa.nwsl/scoreboard?dates=2017&limit=1000
2017,15361,FC Kansas City,2017_15361,2017-07-02,0.5,train,No,0.5,1.0833333333333333,0.25,-0.3333333333333333,2,-6,0.7222222222222222,-6,0.4,12,24,12,10,4,13,13,0,3,4,5,11,15,-4,19,5,2017-07-02,No,https://site.api.espn.com/apis/site/v2/sports/soccer/usa.nwsl/scoreboard?dates=2017&limit=1000
2017,17346,Houston Dash,2017_17346,2017-07-02,0.5,train,No,0.5,1.0833333333333333,0.3333333333333333,-0.75,7,-1,0.7222222222222222,-6,0.4,12,24,12,10,4,13,13,0,4,1,7,12,21,-9,19,5,2017-07-02,No,https://site.api.espn.com/apis/site/v2/sports/soccer/usa.nwsl/scoreboard?dates=2017&limit=1000
2017,15359,Boston Breakers,2017_15359,2017-07-02,0.5,train,No,0.5,1.0,0.25,-0.4166666666666667,4,-4,0.8888888888888888,-7,0.4,12,24,12,10,4,12,12,0,3,3,6,9,14,-5,19,5,2017-07-01,No,https://site.api.espn.com/apis/site/v2/sports/soccer/usa.nwsl/scoreboard?dates=2017&limit=1000
2017,15365,Washington Spirit,2017_15365,2017-07-02,0.5,train,No,0.4583333333333333,1.0,0.2727272727272727,-0.45454545454545453,7,1,1.0,-8,0.4,11,24,13,10,4,11,11,0,3,2,6,13,18,-5,19,5,2017-07-01,No,https://site.api.espn.com/apis/site/v2/sports/soccer/usa.nwsl/scoreboard?dates=2017&limit=1000
2017,15366,North Carolina Courage,2017_15366,2017-07-22,0.6,train,Yes,0.5833333333333334,1.9285714285714286,0.6428571428571429,0.5,9,3,0.1111111111111111,3,0.4,14,24,10,10,4,27,27,0,9,0,5,20,13,7,24,5,2017-07-15,Yes,https://site.api.espn.com/apis/site/v2/sports/soccer/usa.nwsl/scoreboard?dates=2017&limit=1000
2017,15362,Portland Thorns FC,2017_15362,2017-07-22,0.6,train,Yes,0.625,1.6666666666666667,0.4666666666666667,0.4,10,3,0.2222222222222222,1,0.4,15,24,9,10,4,25,25,0,7,4,4,19,13,6,24,5,2017-07-22,Yes,https://site.api.espn.com/apis/site/v2/sports/soccer/usa.nwsl/scoreboard?dates=2017&limit=1000
2017,18206,Orlando Pride,2017_18206,2017-07-22,0.6,train,Yes,0.625,1.2666666666666666,0.3333333333333333,0.06666666666666667,7,2,0.6666666666666666,-5,0.4,15,24,9,10,4,19,19,0,5,4,6,24,23,1,24,5,2017-07-22,No,https://site.api.espn.com/apis/site/v2/sports/soccer/usa.nwsl/scoreboard?dates=2017&limit=1000
2017,15360,Chicago Red Stars,2017_15360,2017-07-22,0.6,train,Yes,0.625,1.8666666666666667,0.5333333333333333,0.4,8,1,0.0,4,0.4,15,24,9,10,4,28,28,0,8,4,3,20,14,6,24,5,2017-07-22,Yes,https://site.api.espn.com/apis/site/v2/sports/soccer/usa.nwsl/scoreboard?dates=2017&limit=1000
2017,15363,Seattle Reign FC,2017_15363,2017-07-22,0.6,train,No,0.625,1.6,0.4,0.5333333333333333,10,2,0.3333333333333333,0,0.4,15,24,9,10,4,24,24,0,6,6,3,30,22,8,24,5,2017-07-22,Yes,https://site.api.espn.com/apis/site/v2/sports/soccer/usa.nwsl/scoreboard?dates=2017&limit=1000
2017,15364,Sky Blue FC,2017_15364,2017-07-22,0.6,train,No,0.6666666666666666,1.4375,0.4375,0.0,7,0,0.4444444444444444,-1,0.4,16,24,8,10,4,23,23,0,7,2,7,28,28,0,24,5,2017-07-22,No,https://site.api.espn.com/apis/site/v2/sports/soccer/usa.nwsl/scoreboard?dates=2017&limit=1000
2017,15361,FC Kansas City,2017_15361,2017-07-22,0.6,train,No,0.5833333333333334,0.9285714285714286,0.21428571428571427,-0.5714285714285714,1,-8,0.8888888888888888,-11,0.4,14,24,10,10,4,13,13,0,3,4,7,14,22,-8,24,5,2017-07-15,No,https://site.api.espn.com/apis/site/v2/sports/soccer/usa.nwsl/scoreboard?dates=2017&limit=1000
2017,17346,Houston Dash,2017_17346,2017-07-22,0.6,train,No,0.625,1.3333333333333333,0.4,-0.4666666666666667,11,3,0.5555555555555556,-4,0.4,15,24,9,10,4,20,20,0,6,2,7,16,23,-7,24,5,2017-07-22,No,https://site.api.espn.com/apis/site/v2/sports/soccer/usa.nwsl/scoreboard?dates=2017&limit=1000
2017,15359,Boston Breakers,2017_15359,2017-07-22,0.6,train,No,0.625,0.9333333333333333,0.2,-0.4,6,0,0.7777777777777778,-10,0.4,15,24,9,10,4,14,14,0,3,5,7,10,16,-6,24,5,2017-07-22,No,https://site.api.espn.com/apis/site/v2/sports/soccer/usa.nwsl/scoreboard?dates=2017&limit=1000
2017,15365,Washington Spirit,2017_15365,2017-07-22,0.6,train,No,0.5833333333333334,0.8571428571428571,0.21428571428571427,-0.5,4,-2,1.0,-12,0.4,14,24,10,10,4,12,12,0,3,3,8,17,24,-7,24,5,2017-07-22,No,https://site.api.espn.com/apis/site/v2/sports/soccer/usa.nwsl/scoreboard?dates=2017&limit=1000
2017,15366,North Carolina Courage,2017_15366,2017-08-12,0.7,train,Yes,0.6666666666666666,2.0625,0.6875,0.5625,9,2,0.0,7,0.4,16,24,8,10,4,33,33,0,11,0,5,22,13,9,26,5,2017-08-10,Yes,https://site.api.espn.com/apis/site/v2/sports/soccer/usa.nwsl/scoreboard?dates=2017&limit=1000
2017,15362,Portland Thorns FC,2017_15362,2017-08-12,0.7,train,Yes,0.7083333333333334,1.8235294117647058,0.5294117647058824,0.47058823529411764,13,4,0.1111111111111111,5,0.4,17,24,7,10,4,31,31,0,9,4,4,24,16,8,26,5,2017-08-12,Yes,https://site.api.espn.com/apis/site/v2/sports/soccer/usa.nwsl/scoreboard?dates=2017&limit=1000
2017,18206,Orlando Pride,2017_18206,2017-08-12,0.7,train,Yes,0.75,1.4444444444444444,0.3888888888888889,0.5,10,10,0.3333333333333333,0,0.4,18,24,6,10,4,26,26,0,7,5,6,33,24,9,26,5,2017-08-12,Yes,https://site.api.espn.com/apis/site/v2/sports/soccer/usa.nwsl/scoreboard?dates=2017&limit=1000
2017,15360,Chicago Red Stars,2017_15360,2017-08-12,0.7,train,Yes,0.7083333333333334,1.7058823529411764,0.47058823529411764,0.29411764705882354,6,0,0.2222222222222222,3,0.4,17,24,7,10,4,29,29,0,8,5,4,23,18,5,26,5,2017-08-12,Yes,https://site.api.espn.com/apis/site/v2/sports/soccer/usa.nwsl/scoreboard?dates=2017&limit=1000
2017,15363,Seattle Reign FC,2017_15363,2017-08-12,0.7,train,No,0.6666666666666666,1.5,0.375,0.4375,7,0,0.4444444444444444,-2,0.4,16,24,8,10,4,24,24,0,6,6,4,30,23,7,26,5,2017-08-05,No,https://site.api.espn.com/apis/site/v2/sports/soccer/usa.nwsl/scoreboard?dates=2017&limit=1000
2017,15364,Sky Blue FC,2017_15364,2017-08-12,0.7,train,No,0.75,1.2777777777777777,0.3888888888888889,-0.4444444444444444,4,-8,0.5555555555555556,-3,0.4,18,24,6,10,4,23,23,0,7,2,9,29,37,-8,26,5,2017-08-12,No,https://site.api.espn.com/apis/site/v2/sports/soccer/usa.nwsl/scoreboard?dates=2017&limit=1000
2017,15361,FC Kansas City,2017_15361,2017-08-12,0.7,train,No,0.6666666666666666,0.875,0.1875,-0.5625,1,-6,1.0,-12,0.4,16,24,8,10,4,14,14,0,3,5,8,16,25,-9,26,5,2017-08-10,No,https://site.api.espn.com/apis/site/v2/sports/soccer/usa.nwsl/scoreboard?dates=2017&limit=1000
2017,17346,Houston Dash,2017_17346,2017-08-12,0.7,train,No,0.6666666666666666,1.25,0.375,-0.5,10,2,0.6666666666666666,-6,0.4,16,24,8,10,4,20,20,0,6,2,8,17,25,-8,26,5,2017-08-05,No,https://site.api.espn.com/apis/site/v2/sports/soccer/usa.nwsl/scoreboard?dates=2017&limit=1000
2017,15359,Boston Breakers,2017_15359,2017-08-12,0.7,train,No,0.7083333333333334,0.9411764705882353,0.17647058823529413,-0.35294117647058826,4,-1,0.8333333333333334,-10,0.4,17,24,7,10,4,16,16,0,3,7,7,14,20,-6,26,5,2017-08-12,No,https://site.api.espn.com/apis/site/v2/sports/soccer/usa.nwsl/scoreboard?dates=2017&limit=1000
2017,15365,Washington Spirit,2017_15365,2017-08-12,0.7,train,No,0.7083333333333334,0.9411764705882353,0.23529411764705882,-0.4117647058823529,4,-2,0.8333333333333334,-10,0.4,17,24,7,10,4,16,16,0,4,4,9,23,30,-7,26,5,2017-08-12,No,https://site.api.espn.com/apis/site/v2/sports/soccer/usa.nwsl/scoreboard?dates=2017&limit=1000
2017,15366,North Carolina Courage,2017_15366,2017-08-26,0.8,train,Yes,0.75,2.1666666666666665,0.7222222222222222,0.6666666666666666,12,4,0.0,7,0.4,18,24,6,10,4,39,39,0,13,0,5,26,14,12,32,5,2017-08-19,Yes,https://site.api.espn.com/apis/site/v2/sports/soccer/usa.nwsl/scoreboard?dates=2017&limit=1000
2017,15362,Portland Thorns FC,2017_15362,2017-08-26,0.8,train,Yes,0.8333333333333334,1.85,0.55,0.5,12,4,0.1111111111111111,5,0.4,20,24,4,10,4,37,37,0,11,4,5,29,19,10,32,5,2017-08-26,Yes,https://site.api.espn.com/apis/site/v2/sports/soccer/usa.nwsl/scoreboard?dates=2017&limit=1000
2017,18206,Orlando Pride,2017_18206,2017-08-26,0.8,train,Yes,0.8333333333333334,1.6,0.45,0.55,13,10,0.2777777777777778,0,0.4,20,24,4,10,4,32,32,0,9,5,6,37,26,11,32,5,2017-08-26,Yes,https://site.api.espn.com/apis/site/v2/sports/soccer/usa.nwsl/scoreboard?dates=2017&limit=1000
2017,15360,Chicago Red Stars,2017_15360,2017-08-26,0.8,train,Yes,0.8333333333333334,1.6,0.45,0.15,4,-3,0.2777777777777778,0,0.4,20,24,4,10,4,32,32,0,9,5,6,27,24,3,32,5,2017-08-26,Yes,https://site.api.espn.com/apis/site/v2/sports/soccer/usa.nwsl/scoreboard?dates=2017&limit=1000
2017,15363,Seattle Reign FC,2017_15363,2017-08-26,0.8,train,No,0.8333333333333334,1.35,0.35,0.25,3,-3,0.5555555555555556,-5,0.4,20,24,4,10,4,27,27,0,7,6,7,38,33,5,32,5,2017-08-26,No,https://site.api.espn.com/apis/site/v2/sports/soccer/usa.nwsl/scoreboard?dates=2017&limit=1000
2017,15364,Sky Blue FC,2017_15364,2017-08-26,0.8,train,No,0.8333333333333334,1.45,0.45,-0.3,6,-7,0.4444444444444444,-3,0.4,20,24,4,10,4,29,29,0,9,2,9,35,41,-6,32,5,2017-08-26,No,https://site.api.espn.com/apis/site/v2/sports/soccer/usa.nwsl/scoreboard?dates=2017&limit=1000
2017,15361,FC Kansas City,2017_15361,2017-08-26,0.8,train,No,0.8333333333333334,1.15,0.3,-0.3,9,2,0.7222222222222222,-9,0.4,20,24,4,10,4,23,23,0,6,5,9,23,29,-6,32,5,2017-08-26,No,https://site.api.espn.com/apis/site/v2/sports/soccer/usa.nwsl/scoreboard?dates=2017&limit=1000
2017,17346,Houston Dash,2017_17346,2017-08-26,0.8,train,No,0.7916666666666666,1.2105263157894737,0.3684210526315789,-0.47368421052631576,6,-1,0.7222222222222222,-9,0.4,19,24,5,10,4,23,23,0,7,2,10,20,29,-9,32,5,2017-08-19,No,https://site.api.espn.com/apis/site/v2/sports/soccer/usa.nwsl/scoreboard?dates=2017&limit=1000
2017,15359,Boston Breakers,2017_15359,2017-08-26,0.8,train,No,0.8333333333333334,0.8,0.15,-0.5,2,-4,0.9444444444444444,-16,0.4,20,24,4,10,4,16,16,0,3,7,10,16,26,-10,32,5,2017-08-26,No,https://site.api.espn.com/apis/site/v2/sports/soccer/usa.nwsl/scoreboard?dates=2017&limit=1000
2017,15365,Washington Spirit,2017_15365,2017-08-26,0.8,train,No,0.7916666666666666,0.8421052631578947,0.21052631578947367,-0.5263157894736842,4,-3,0.9444444444444444,-16,0.4,19,24,5,10,4,16,16,0,4,4,11,24,34,-10,32,5,2017-08-26,No,https://site.api.espn.com/apis/site/v2/sports/soccer/usa.nwsl/scoreboard?dates=2017&limit=1000
2018,15366,North Carolina Courage,2018_15366,2018-05-27,0.4,train,Yes,0.4166666666666667,2.6,0.8,1.0,13,5,0.0,11,0.4444444444444444,10,24,14,9,4,26,26,0,8,2,0,19,9,10,15,5,2018-05-23,Yes,https://site.api.espn.com/apis/site/v2/sports/soccer/usa.nwsl/scoreboard?dates=2018&limit=1000
2018,15362,Portland Thorns FC,2018_15362,2018-05-27,0.4,train,Yes,0.4166666666666667,1.5,0.4,0.2,7,1,0.3125,0,0.4444444444444444,10,24,14,9,4,15,15,0,4,3,3,14,12,2,15,5,2018-05-25,Yes,https://site.api.espn.com/apis/site/v2/sports/soccer/usa.nwsl/scoreboard?dates=2018&limit=1000
2018,15363,Seattle Reign FC,2018_15363,2018-05-27,0.4,train,Yes,0.375,1.8888888888888888,0.5555555555555556,0.5555555555555556,10,4,0.125,2,0.4444444444444444,9,24,15,9,4,17,17,0,5,2,2,13,8,5,15,5,2018-05-26,Yes,https://site.api.espn.com/apis/site/v2/sports/soccer/usa.nwsl/scoreboard?dates=2018&limit=1000
2018,15360,Chicago Red Stars,2018_15360,2018-05-27,0.4,train,Yes,0.4583333333333333,1.0909090909090908,0.18181818181818182,-0.18181818181818182,3,-5,0.625,-3,0.4444444444444444,11,24,13,9,4,12,12,0,2,6,3,14,16,-2,15,5,2018-05-26,No,https://site.api.espn.com/apis/site/v2/sports/soccer/usa.nwsl/scoreboard?dates=2018&limit=1000
2018,19141,Utah Royals,2018_19141,2018-05-27,0.4,train,No,0.375,1.2222222222222223,0.2222222222222222,0.0,8,1,0.75,-4,0.4444444444444444,9,24,15,9,4,11,11,0,2,5,2,7,7,0,15,5,2018-05-25,No,https://site.api.espn.com/apis/site/v2/sports/soccer/usa.nwsl/scoreboard?dates=2018&limit=1000
2018,17346,Houston Dash,2018_17346,2018-05-27,0.4,train,No,0.4583333333333333,1.1818181818181819,0.2727272727272727,-0.36363636363636365,8,1,0.5,-2,0.4444444444444444,11,24,13,9,4,13,13,0,3,4,4,12,16,-4,15,5,2018-05-27,No,https://site.api.espn.com/apis/site/v2/sports/soccer/usa.nwsl/scoreboard?dates=2018&limit=1000
2018,18206,Orlando Pride,2018_18206,2018-05-27,0.4,train,No,0.4166666666666667,1.5,0.4,0.3,10,5,0.3125,0,0.4444444444444444,10,24,14,9,4,15,15,0,4,3,3,16,13,3,15,5,2018-05-26,Yes,https://site.api.espn.com/apis/site/v2/sports/soccer/usa.nwsl/scoreboard?dates=2018&limit=1000
2018,15365,Washington Spirit,2018_15365,2018-05-27,0.4,train,No,0.4166666666666667,0.8,0.2,-0.5,3,-4,0.875,-7,0.4444444444444444,10,24,14,9,4,8,8,0,2,2,6,10,15,-5,15,5,2018-05-27,No,https://site.api.espn.com/apis/site/v2/sports/soccer/usa.nwsl/scoreboard?dates=2018&limit=1000
2018,15364,Sky Blue FC,2018_15364,2018-05-27,0.4,train,No,0.3333333333333333,0.125,0.0,-1.125,0,-7,1.0,-14,0.4444444444444444,8,24,16,9,4,1,1,0,0,1,7,5,14,-9,15,5,2018-05-26,No,https://site.api.espn.com/apis/site/v2/sports/soccer/usa.nwsl/scoreboard?dates=2018&limit=1000
2018,15366,North Carolina Courage,2018_15366,2018-06-16,0.5,train,Yes,0.5416666666666666,2.3076923076923075,0.6923076923076923,0.9230769230769231,10,4,0.0,13,0.4444444444444444,13,24,11,9,4,30,30,0,9,3,1,24,12,12,17,5,2018-06-16,Yes,https://site.api.espn.com/apis/site/v2/sports/soccer/usa.nwsl/scoreboard?dates=2018&limit=1000
2018,15362,Portland Thorns FC,2018_15362,2018-06-16,0.5,train,Yes,0.5,1.3333333333333333,0.3333333333333333,-0.08333333333333333,7,-1,0.5625,-1,0.4444444444444444,12,24,12,9,4,16,16,0,4,4,4,16,17,-1,17,5,2018-06-16,No,https://site.api.espn.com/apis/site/v2/sports/soccer/usa.nwsl/scoreboard?dates=2018&limit=1000
2018,15363,Seattle Reign FC,2018_15363,2018-06-16,0.5,train,Yes,0.4583333333333333,1.7272727272727273,0.45454545454545453,0.45454545454545453,6,0,0.1875,2,0.4444444444444444,11,24,13,9,4,19,19,0,5,4,2,13,8,5,17,5,2018-06-16,Yes,https://site.api.espn.com/apis/site/v2/sports/soccer/usa.nwsl/scoreboard?dates=2018&limit=1000
2018,15360,Chicago Red Stars,2018_15360,2018-06-16,0.5,train,Yes,0.5416666666666666,1.2307692307692308,0.23076923076923078,0.0,6,-1,0.5625,-1,0.4444444444444444,13,24,11,9,4,16,16,0,3,7,3,17,17,0,17,5,2018-06-16,No,https://site.api.espn.com/apis/site/v2/sports/soccer/usa.nwsl/scoreboard?dates=2018&limit=1000
2018,19141,Utah Royals,2018_19141,2018-06-16,0.5,train,No,0.4583333333333333,1.5454545454545454,0.36363636363636365,0.18181818181818182,10,1,0.375,0,0.4444444444444444,11,24,13,9,4,17,17,0,4,5,2,10,8,2,17,5,2018-06-16,Yes,https://site.api.espn.com/apis/site/v2/sports/soccer/usa.nwsl/scoreboard?dates=2018&limit=1000
2018,17346,Houston Dash,2018_17346,2018-06-16,0.5,train,No,0.5,1.1666666666666667,0.25,-0.3333333333333333,8,1,0.75,-3,0.4444444444444444,12,24,12,9,4,14,14,0,3,5,4,13,17,-4,17,5,2018-06-03,No,https://site.api.espn.com/apis/site/v2/sports/soccer/usa.nwsl/scoreboard?dates=2018&limit=1000
2018,18206,Orlando Pride,2018_18206,2018-06-16,0.5,train,No,0.5,1.5833333333333333,0.4166666666666667,0.3333333333333333,10,4,0.1875,2,0.4444444444444444,12,24,12,9,4,19,19,0,5,4,3,19,15,4,17,5,2018-06-16,Yes,https://site.api.espn.com/apis/site/v2/sports/soccer/usa.nwsl/scoreboard?dates=2018&limit=1000
2018,15365,Washington Spirit,2018_15365,2018-06-16,0.5,train,No,0.5416666666666666,0.7692307692307693,0.15384615384615385,-0.5384615384615384,5,-2,0.875,-7,0.4444444444444444,13,24,11,9,4,10,10,0,2,4,7,10,17,-7,17,5,2018-06-16,No,https://site.api.espn.com/apis/site/v2/sports/soccer/usa.nwsl/scoreboard?dates=2018&limit=1000
2018,15364,Sky Blue FC,2018_15364,2018-06-16,0.5,train,No,0.4583333333333333,0.18181818181818182,0.0,-1.0,1,-4,1.0,-15,0.4444444444444444,11,24,13,9,4,2,2,0,0,2,9,8,19,-11,17,5,2018-06-16,No,https://site.api.espn.com/apis/site/v2/sports/soccer/usa.nwsl/scoreboard?dates=2018&limit=1000
2018,15366,North Carolina Courage,2018_15366,2018-07-01,0.6,train,Yes,0.625,2.4,0.7333333333333333,1.2,10,8,0.0,14,0.4444444444444444,15,24,9,9,4,36,36,0,11,3,1,31,13,18,22,5,2018-06-30,Yes,https://site.api.espn.com/apis/site/v2/sports/soccer/usa.nwsl/scoreboard?dates=2018&limit=1000
2018,15362,Portland Thorns FC,2018_15362,2018-07-01,0.6,train,Yes,0.625,1.3333333333333333,0.3333333333333333,0.0,5,-2,0.625,-2,0.4444444444444444,15,24,9,9,4,20,20,0,5,5,5,20,20,0,22,5,2018-06-30,No,https://site.api.espn.com/apis/site/v2/sports/soccer/usa.nwsl/scoreboard?dates=2018&limit=1000
2018,15363,Seattle Reign FC,2018_15363,2018-07-01,0.6,train,Yes,0.5833333333333334,1.6428571428571428,0.42857142857142855,0.21428571428571427,6,-2,0.125,1,0.4444444444444444,14,24,10,9,4,23,23,0,6,5,3,15,12,3,22,5,2018-06-30,Yes,https://site.api.espn.com/apis/site/v2/sports/soccer/usa.nwsl/scoreboard?dates=2018&limit=1000
2018,15360,Chicago Red Stars,2018_15360,2018-07-01,0.6,train,Yes,0.625,1.4666666666666666,0.3333333333333333,0.26666666666666666,10,3,0.3125,0,0.4444444444444444,15,24,9,9,4,22,22,0,5,7,3,21,17,4,22,5,2018-07-01,Yes,https://site.api.espn.com/apis/site/v2/sports/soccer/usa.nwsl/scoreboard?dates=2018&limit=1000
2018,19141,Utah Royals,2018_19141,2018-07-01,0.6,train,No,0.5833333333333334,1.5,0.35714285714285715,0.14285714285714285,10,2,0.5,-1,0.4444444444444444,14,24,10,9,4,21,21,0,5,6,3,13,11,2,22,5,2018-06-30,No,https://site.api.espn.com/apis/site/v2/sports/soccer/usa.nwsl/scoreboard?dates=2018&limit=1000
2018,17346,Houston Dash,2018_17346,2018-07-01,0.6,train,No,0.5833333333333334,1.2142857142857142,0.2857142857142857,-0.35714285714285715,10,1,0.75,-5,0.4444444444444444,14,24,10,9,4,17,17,0,4,5,5,16,21,-5,22,5,2018-06-27,No,https://site.api.espn.com/apis/site/v2/sports/soccer/usa.nwsl/scoreboard?dates=2018&limit=1000
2018,18206,Orlando Pride,2018_18206,2018-07-01,0.6,train,No,0.625,1.4666666666666666,0.4,0.06666666666666667,7,-2,0.3125,0,0.4444444444444444,15,24,9,9,4,22,22,0,6,4,5,21,20,1,22,5,2018-06-30,Yes,https://site.api.espn.com/apis/site/v2/sports/soccer/usa.nwsl/scoreboard?dates=2018&limit=1000
2018,15365,Washington Spirit,2018_15365,2018-07-01,0.6,train,No,0.625,0.6666666666666666,0.13333333333333333,-0.6666666666666666,2,-5,0.875,-12,0.4444444444444444,15,24,9,9,4,10,10,0,2,4,9,10,20,-10,22,5,2018-07-01,No,https://site.api.espn.com/apis/site/v2/sports/soccer/usa.nwsl/scoreboard?dates=2018&limit=1000
2018,15364,Sky Blue FC,2018_15364,2018-07-01,0.6,train,No,0.5416666666666666,0.23076923076923078,0.0,-1.0,2,-4,1.0,-19,0.4444444444444444,13,24,11,9,4,3,3,0,0,3,10,10,23,-13,22,5,2018-06-30,No,https://site.api.espn.com/apis/site/v2/sports/soccer/usa.nwsl/scoreboard?dates=2018&limit=1000
2018,15366,North Carolina Courage,2018_15366,2018-07-14,0.7,train,Yes,0.75,2.5,0.7777777777777778,1.5,15,15,0.0,17,0.4444444444444444,18,24,6,9,4,45,45,0,14,3,1,41,14,27,28,5,2018-07-14,Yes,https://site.api.espn.com/apis/site/v2/sports/soccer/usa.nwsl/scoreboard?dates=2018&limit=1000
2018,15362,Portland Thorns FC,2018_15362,2018-07-14,0.7,train,Yes,0.6666666666666666,1.4375,0.375,0.25,8,5,0.5,-5,0.4444444444444444,16,24,8,9,4,23,23,0,6,5,5,24,20,4,28,5,2018-07-06,No,https://site.api.espn.com/apis/site/v2/sports/soccer/usa.nwsl/scoreboard?dates=2018&limit=1000
2018,15363,Seattle Reign FC,2018_15363,2018-07-14,0.7,train,Yes,0.7083333333333334,1.7058823529411764,0.47058823529411764,0.29411764705882354,10,3,0.125,1,0.4444444444444444,17,24,7,9,4,29,29,0,8,5,4,19,14,5,28,5,2018-07-14,Yes,https://site.api.espn.com/apis/site/v2/sports/soccer/usa.nwsl/scoreboard?dates=2018&limit=1000
2018,15360,Chicago Red Stars,2018_15360,2018-07-14,0.7,train,Yes,0.75,1.5555555555555556,0.3888888888888889,0.2222222222222222,12,4,0.3125,0,0.4444444444444444,18,24,6,9,4,28,28,0,7,7,4,26,22,4,28,5,2018-07-14,Yes,https://site.api.espn.com/apis/site/v2/sports/soccer/usa.nwsl/scoreboard?dates=2018&limit=1000
2018,19141,Utah Royals,2018_19141,2018-07-14,0.7,train,No,0.7083333333333334,1.2352941176470589,0.29411764705882354,-0.23529411764705882,4,-4,0.625,-7,0.4444444444444444,17,24,7,9,4,21,21,0,5,6,6,14,18,-4,28,5,2018-07-14,No,https://site.api.espn.com/apis/site/v2/sports/soccer/usa.nwsl/scoreboard?dates=2018&limit=1000
2018,17346,Houston Dash,2018_17346,2018-07-14,0.7,train,No,0.6666666666666666,1.25,0.3125,-0.3125,7,-1,0.75,-8,0.4444444444444444,16,24,8,9,4,20,20,0,5,5,6,20,25,-5,28,5,2018-07-11,No,https://site.api.espn.com/apis/site/v2/sports/soccer/usa.nwsl/scoreboard?dates=2018&limit=1000
2018,18206,Orlando Pride,2018_18206,2018-07-14,0.7,train,No,0.75,1.5555555555555556,0.4444444444444444,0.05555555555555555,6,-4,0.3125,0,0.4444444444444444,18,24,6,9,4,28,28,0,8,4,6,26,25,1,28,5,2018-07-14,Yes,https://site.api.espn.com/apis/site/v2/sports/soccer/usa.nwsl/scoreboard?dates=2018&limit=1000
2018,15365,Washington Spirit,2018_15365,2018-07-14,0.7,train,No,0.7083333333333334,0.5882352941176471,0.11764705882352941,-0.7647058823529411,1,-6,0.875,-18,0.4444444444444444,17,24,7,9,4,10,10,0,2,4,11,11,24,-13,28,5,2018-07-11,No,https://site.api.espn.com/apis/site/v2/sports/soccer/usa.nwsl/scoreboard?dates=2018&limit=1000
2018,15364,Sky Blue FC,2018_15364,2018-07-14,0.7,train,No,0.625,0.2,0.0,-1.2666666666666666,1,-9,1.0,-25,0.4444444444444444,15,24,9,9,4,3,3,0,0,3,12,11,30,-19,28,5,2018-07-14,No,https://site.api.espn.com/apis/site/v2/sports/soccer/usa.nwsl/scoreboard?dates=2018&limit=1000
2018,15366,North Carolina Courage,2018_15366,2018-08-10,0.8,train,Yes,0.875,2.380952380952381,0.7142857142857143,1.3333333333333333,11,7,0.0,21,0.4444444444444444,21,24,3,9,4,50,50,0,15,5,1,44,16,28,29,5,2018-08-10,Yes,https://site.api.espn.com/apis/site/v2/sports/soccer/usa.nwsl/scoreboard?dates=2018&limit=1000
2018,15362,Portland Thorns FC,2018_15362,2018-08-10,0.8,train,Yes,0.7916666666666666,1.5263157894736843,0.42105263157894735,0.3157894736842105,9,5,0.4375,0,0.4444444444444444,19,24,5,9,4,29,29,0,8,5,6,30,24,6,29,5,2018-08-05,Yes,https://site.api.espn.com/apis/site/v2/sports/soccer/usa.nwsl/scoreboard?dates=2018&limit=1000
2018,15363,Seattle Reign FC,2018_15363,2018-08-10,0.8,train,Yes,0.7916666666666666,1.736842105263158,0.47368421052631576,0.3684210526315789,10,4,0.125,4,0.4444444444444444,19,24,5,9,4,33,33,0,9,6,4,22,15,7,29,5,2018-08-05,Yes,https://site.api.espn.com/apis/site/v2/sports/soccer/usa.nwsl/scoreboard?dates=2018&limit=1000
2018,15360,Chicago Red Stars,2018_15360,2018-08-10,0.8,train,Yes,0.7916666666666666,1.5263157894736843,0.3684210526315789,0.21052631578947367,10,2,0.4375,0,0.4444444444444444,19,24,5,9,4,29,29,0,7,8,4,27,23,4,29,5,2018-08-10,No,https://site.api.espn.com/apis/site/v2/sports/soccer/usa.nwsl/scoreboard?dates=2018&limit=1000
2018,19141,Utah Royals,2018_19141,2018-08-10,0.8,train,No,0.8333333333333334,1.4,0.35,-0.1,7,0,0.625,-1,0.4444444444444444,20,24,4,9,4,28,28,0,7,7,6,17,19,-2,29,5,2018-08-08,No,https://site.api.espn.com/apis/site/v2/sports/soccer/usa.nwsl/scoreboard?dates=2018&limit=1000
2018,17346,Houston Dash,2018_17346,2018-08-10,0.8,train,No,0.7916666666666666,1.2105263157894737,0.3157894736842105,-0.3684210526315789,6,-2,0.75,-6,0.4444444444444444,19,24,5,9,4,23,23,0,6,5,8,23,30,-7,29,5,2018-08-05,No,https://site.api.espn.com/apis/site/v2/sports/soccer/usa.nwsl/scoreboard?dates=2018&limit=1000
2018,18206,Orlando Pride,2018_18206,2018-08-10,0.8,train,No,0.8333333333333334,1.5,0.4,0.05,8,0,0.25,1,0.4444444444444444,20,24,4,9,4,30,30,0,8,6,6,29,28,1,29,5,2018-08-05,Yes,https://site.api.espn.com/apis/site/v2/sports/soccer/usa.nwsl/scoreboard?dates=2018&limit=1000
2018,15365,Washington Spirit,2018_15365,2018-08-10,0.8,train,No,0.8333333333333334,0.5,0.1,-0.85,0,-7,0.875,-19,0.4444444444444444,20,24,4,9,4,10,10,0,2,4,14,11,28,-17,29,5,2018-08-08,No,https://site.api.espn.com/apis/site/v2/sports/soccer/usa.nwsl/scoreboard?dates=2018&limit=1000
2018,15364,Sky Blue FC,2018_15364,2018-08-10,0.8,train,No,0.7083333333333334,0.23529411764705882,0.0,-1.1764705882352942,1,-9,1.0,-25,0.4444444444444444,17,24,7,9,4,4,4,0,0,4,13,14,34,-20,29,5,2018-08-05,No,https://site.api.espn.com/apis/site/v2/sports/soccer/usa.nwsl/scoreboard?dates=2018&limit=1000
2019,15366,North Carolina Courage,2019_15366,2019-06-29,0.4,train,Yes,0.4166666666666667,1.6,0.4,0.9,8,3,0.5,-1,0.4444444444444444,10,24,14,9,4,16,16,0,4,4,2,19,10,9,17,5,2019-06-29,No,https://site.api.espn.com/apis/site/v2/sports/soccer/usa.nwsl/scoreboard?dates=2019&limit=1000
2019,15360,Chicago Red Stars,2019_15360,2019-06-29,0.4,train,Yes,0.375,1.2222222222222223,0.3333333333333333,-0.1111111111111111,6,-3,0.75,-6,0.4444444444444444,9,24,15,9,4,11,11,0,3,2,4,13,14,-1,17,5,2019-06-23,No,https://site.api.espn.com/apis/site/v2/sports/soccer/usa.nwsl/scoreboard?dates=2019&limit=1000
2019,15362,Portland Thorns FC,2019_15362,2019-06-29,0.4,train,Yes,0.4166666666666667,1.9,0.5,0.7,11,5,0.0,2,0.4444444444444444,10,24,14,9,4,19,19,0,5,4,1,19,12,7,17,5,2019-06-29,Yes,https://site.api.espn.com/apis/site/v2/sports/soccer/usa.nwsl/scoreboard?dates=2019&limit=1000
2019,15363,Reign FC,2019_15363,2019-06-29,0.4,train,Yes,0.4166666666666667,1.7,0.4,0.2,11,4,0.3125,0,0.4444444444444444,10,24,14,9,4,17,17,0,4,5,1,11,9,2,17,5,2019-06-28,Yes,https://site.api.espn.com/apis/site/v2/sports/soccer/usa.nwsl/scoreboard?dates=2019&limit=1000
2019,15365,Washington Spirit,2019_15365,2019-06-29,0.4,train,No,0.4166666666666667,1.8,0.5,0.7,8,3,0.125,1,0.4444444444444444,10,24,14,9,4,18,18,0,5,3,2,14,7,7,17,5,2019-06-29,Yes,https://site.api.espn.com/apis/site/v2/sports/soccer/usa.nwsl/scoreboard?dates=2019&limit=1000
2019,19141,Utah Royals,2019_19141,2019-06-29,0.4,train,No,0.4166666666666667,1.7,0.5,0.1,7,-1,0.3125,0,0.4444444444444444,10,24,14,9,4,17,17,0,5,2,3,8,7,1,17,5,2019-06-28,Yes,https://site.api.espn.com/apis/site/v2/sports/soccer/usa.nwsl/scoreboard?dates=2019&limit=1000
2019,17346,Houston Dash,2019_17346,2019-06-29,0.4,train,No,0.4166666666666667,1.3,0.3,-0.2,3,-2,0.625,-4,0.4444444444444444,10,24,14,9,4,13,13,0,3,4,3,11,13,-2,17,5,2019-06-29,No,https://site.api.espn.com/apis/site/v2/sports/soccer/usa.nwsl/scoreboard?dates=2019&limit=1000
2019,15364,Sky Blue FC,2019_15364,2019-06-29,0.4,train,No,0.375,0.2222222222222222,0.0,-0.8888888888888888,0,-5,1.0,-15,0.4444444444444444,9,24,15,9,4,2,2,0,0,2,7,6,14,-8,17,5,2019-06-22,No,https://site.api.espn.com/apis/site/v2/sports/soccer/usa.nwsl/scoreboard?dates=2019&limit=1000
2019,18206,Orlando Pride,2019_18206,2019-06-29,0.4,train,No,0.4166666666666667,0.5,0.1,-1.5,4,-6,0.875,-12,0.4444444444444444,10,24,14,9,4,5,5,0,1,2,7,6,21,-15,17,5,2019-06-22,No,https://site.api.espn.com/apis/site/v2/sports/soccer/usa.nwsl/scoreboard?dates=2019&limit=1000
2019,15366,North Carolina Courage,2019_15366,2019-07-19,0.5,train,Yes,0.5,1.8333333333333333,0.5,1.1666666666666667,13,9,0.125,4,0.4444444444444444,12,24,12,9,4,22,22,0,6,4,2,26,12,14,18,5,2019-07-13,Yes,https://site.api.espn.com/apis/site/v2/sports/soccer/usa.nwsl/scoreboard?dates=2019&limit=1000
2019,15360,Chicago Red Stars,2019_15360,2019-07-19,0.5,train,Yes,0.5,1.4166666666666667,0.4166666666666667,0.0,6,-3,0.625,-1,0.4444444444444444,12,24,12,9,4,17,17,0,5,2,5,18,18,0,18,5,2019-07-13,No,https://site.api.espn.com/apis/site/v2/sports/soccer/usa.nwsl/scoreboard?dates=2019&limit=1000
2019,15362,Portland Thorns FC,2019_15362,2019-07-19,0.5,train,Yes,0.5416666666666666,1.7692307692307692,0.46153846153846156,0.5384615384615384,8,1,0.0,5,0.4444444444444444,13,24,11,9,4,23,23,0,6,5,2,25,18,7,18,5,2019-07-19,Yes,https://site.api.espn.com/apis/site/v2/sports/soccer/usa.nwsl/scoreboard?dates=2019&limit=1000
2019,15363,Reign FC,2019_15363,2019-07-19,0.5,train,Yes,0.5,1.6666666666666667,0.4166666666666667,0.08333333333333333,10,2,0.25,2,0.4444444444444444,12,24,12,9,4,20,20,0,5,5,2,12,11,1,18,5,2019-07-13,Yes,https://site.api.espn.com/apis/site/v2/sports/soccer/usa.nwsl/scoreboard?dates=2019&limit=1000
2019,15365,Washington Spirit,2019_15365,2019-07-19,0.5,train,No,0.4583333333333333,1.6363636363636365,0.45454545454545453,0.5454545454545454,5,0,0.4375,0,0.4444444444444444,11,24,13,9,4,18,18,0,5,3,3,17,11,6,18,5,2019-07-06,Yes,https://site.api.espn.com/apis/site/v2/sports/soccer/usa.nwsl/scoreboard?dates=2019&limit=1000
2019,19141,Utah Royals,2019_19141,2019-07-19,0.5,train,No,0.5,1.5,0.4166666666666667,0.0,5,-2,0.4375,0,0.4444444444444444,12,24,12,9,4,18,18,0,5,3,4,10,10,0,18,5,2019-07-19,No,https://site.api.espn.com/apis/site/v2/sports/soccer/usa.nwsl/scoreboard?dates=2019&limit=1000
2019,17346,Houston Dash,2019_17346,2019-07-19,0.5,train,No,0.5,1.0833333333333333,0.25,-0.5,2,-5,0.75,-5,0.4444444444444444,12,24,12,9,4,13,13,0,3,4,5,13,19,-6,18,5,2019-07-13,No,https://site.api.espn.com/apis/site/v2/sports/soccer/usa.nwsl/scoreboard?dates=2019&limit=1000
2019,15364,Sky Blue FC,2019_15364,2019-07-19,0.5,train,No,0.4583333333333333,0.7272727272727273,0.18181818181818182,-0.5454545454545454,6,-1,0.9375,-10,0.4444444444444444,11,24,13,9,4,8,8,0,2,2,7,9,15,-6,18,5,2019-07-12,No,https://site.api.espn.com/apis/site/v2/sports/soccer/usa.nwsl/scoreboard?dates=2019&limit=1000
2019,18206,Orlando Pride,2019_18206,2019-07-19,0.5,train,No,0.5416666666666666,0.6153846153846154,0.15384615384615385,-1.2307692307692308,7,0,0.9375,-10,0.4444444444444444,13,24,11,9,4,8,8,0,2,2,9,15,31,-16,18,5,2019-07-14,No,https://site.api.espn.com/apis/site/v2/sports/soccer/usa.nwsl/scoreboard?dates=2019&limit=1000
2019,15366,North Carolina Courage,2019_15366,2019-08-03,0.6,train,Yes,0.625,1.8666666666666667,0.5333333333333333,1.0,12,6,0.0,5,0.4444444444444444,15,24,9,9,4,28,28,0,8,4,3,30,15,15,23,5,2019-08-03,Yes,https://site.api.espn.com/apis/site/v2/sports/soccer/usa.nwsl/scoreboard?dates=2019&limit=1000
2019,15360,Chicago Red Stars,2019_15360,2019-08-03,0.6,train,Yes,0.625,1.7333333333333334,0.5333333333333333,0.4666666666666667,12,7,0.25,3,0.4444444444444444,15,24,9,9,4,26,26,0,8,2,5,26,19,7,23,5,2019-08-03,Yes,https://site.api.espn.com/apis/site/v2/sports/soccer/usa.nwsl/scoreboard?dates=2019&limit=1000
2019,15362,Portland Thorns FC,2019_15362,2019-08-03,0.6,train,Yes,0.625,1.8,0.4666666666666667,0.8,8,5,0.125,4,0.4444444444444444,15,24,9,9,4,27,27,0,7,6,2,31,19,12,23,5,2019-08-03,Yes,https://site.api.espn.com/apis/site/v2/sports/soccer/usa.nwsl/scoreboard?dates=2019&limit=1000
2019,15363,Reign FC,2019_15363,2019-08-03,0.6,train,Yes,0.5833333333333334,1.6428571428571428,0.42857142857142855,-0.14285714285714285,9,-2,0.375,0,0.4444444444444444,14,24,10,9,4,23,23,0,6,5,3,13,15,-2,23,5,2019-08-02,Yes,https://site.api.espn.com/apis/site/v2/sports/soccer/usa.nwsl/scoreboard?dates=2019&limit=1000
2019,15365,Washington Spirit,2019_15365,2019-08-03,0.6,train,No,0.5833333333333334,1.5,0.42857142857142855,0.35714285714285715,3,-3,0.5,-2,0.4444444444444444,14,24,10,9,4,21,21,0,6,3,5,19,14,5,23,5,2019-08-03,No,https://site.api.espn.com/apis/site/v2/sports/soccer/usa.nwsl/scoreboard?dates=2019&limit=1000
2019,19141,Utah Royals,2019_19141,2019-08-03,0.6,train,No,0.5833333333333334,1.2857142857142858,0.35714285714285715,-0.21428571428571427,1,-6,0.75,-5,0.4444444444444444,14,24,10,9,4,18,18,0,5,3,6,11,14,-3,23,5,2019-08-03,No,https://site.api.espn.com/apis/site/v2/sports/soccer/usa.nwsl/scoreboard?dates=2019&limit=1000
2019,17346,Houston Dash,2019_17346,2019-08-03,0.6,train,No,0.6666666666666666,1.1875,0.3125,-0.625,6,-5,0.625,-4,0.4444444444444444,16,24,8,9,4,19,19,0,5,4,7,16,26,-10,23,5,2019-08-02,No,https://site.api.espn.com/apis/site/v2/sports/soccer/usa.nwsl/scoreboard?dates=2019&limit=1000
2019,15364,Sky Blue FC,2019_15364,2019-08-03,0.6,train,No,0.625,0.6,0.13333333333333333,-0.6,4,-2,1.0,-14,0.4444444444444444,15,24,9,9,4,9,9,0,2,3,10,10,19,-9,23,5,2019-08-03,No,https://site.api.espn.com/apis/site/v2/sports/soccer/usa.nwsl/scoreboard?dates=2019&limit=1000
2019,18206,Orlando Pride,2019_18206,2019-08-03,0.6,train,No,0.5833333333333334,0.7857142857142857,0.21428571428571427,-1.0714285714285714,9,1,0.875,-12,0.4444444444444444,14,24,10,9,4,11,11,0,3,2,9,16,31,-15,23,5,2019-07-20,No,https://site.api.espn.com/apis/site/v2/sports/soccer/usa.nwsl/scoreboard?dates=2019&limit=1000
2019,15366,North Carolina Courage,2019_15366,2019-08-18,0.7,train,Yes,0.6666666666666666,1.75,0.5,0.875,9,2,0.25,1,0.4444444444444444,16,24,8,9,4,28,28,0,8,4,4,31,17,14,27,5,2019-08-11,Yes,https://site.api.espn.com/apis/site/v2/sports/soccer/usa.nwsl/scoreboard?dates=2019&limit=1000
2019,15360,Chicago Red Stars,2019_15360,2019-08-18,0.7,train,Yes,0.7083333333333334,1.7058823529411764,0.5294117647058824,0.4117647058823529,12,7,0.125,2,0.4444444444444444,17,24,7,9,4,29,29,0,9,2,6,28,21,7,27,5,2019-08-14,Yes,https://site.api.espn.com/apis/site/v2/sports/soccer/usa.nwsl/scoreboard?dates=2019&limit=1000
2019,15362,Portland Thorns FC,2019_15362,2019-08-18,0.7,train,Yes,0.75,1.8333333333333333,0.5,0.7777777777777778,10,7,0.0,6,0.4444444444444444,18,24,6,9,4,33,33,0,9,6,3,36,22,14,27,5,2019-08-17,Yes,https://site.api.espn.com/apis/site/v2/sports/soccer/usa.nwsl/scoreboard?dates=2019&limit=1000
2019,15363,Reign FC,2019_15363,2019-08-18,0.7,train,Yes,0.7083333333333334,1.588235294117647,0.4117647058823529,-0.17647058823529413,7,-4,0.4375,0,0.4444444444444444,17,24,7,9,4,27,27,0,7,6,4,16,19,-3,27,5,2019-08-18,No,https://site.api.espn.com/apis/site/v2/sports/soccer/usa.nwsl/scoreboard?dates=2019&limit=1000
2019,15365,Washington Spirit,2019_15365,2019-08-18,0.7,train,No,0.6666666666666666,1.3125,0.375,0.125,3,-4,0.75,-6,0.4444444444444444,16,24,8,9,4,21,21,0,6,3,7,20,18,2,27,5,2019-08-17,No,https://site.api.espn.com/apis/site/v2/sports/soccer/usa.nwsl/scoreboard?dates=2019&limit=1000
2019,19141,Utah Royals,2019_19141,2019-08-18,0.7,train,No,0.7083333333333334,1.588235294117647,0.47058823529411764,0.23529411764705882,9,4,0.4375,0,0.4444444444444444,17,24,7,9,4,27,27,0,8,3,6,19,15,4,27,5,2019-08-17,Yes,https://site.api.espn.com/apis/site/v2/sports/soccer/usa.nwsl/scoreboard?dates=2019&limit=1000
2019,17346,Houston Dash,2019_17346,2019-08-18,0.7,train,No,0.7083333333333334,1.2941176470588236,0.35294117647058826,-0.5294117647058824,9,-3,0.625,-5,0.4444444444444444,17,24,7,9,4,22,22,0,6,4,7,17,26,-9,27,5,2019-08-10,No,https://site.api.espn.com/apis/site/v2/sports/soccer/usa.nwsl/scoreboard?dates=2019&limit=1000
2019,15364,Sky Blue FC,2019_15364,2019-08-18,0.7,train,No,0.75,0.7222222222222222,0.16666666666666666,-0.6111111111111112,5,-3,0.875,-14,0.4444444444444444,18,24,6,9,4,13,13,0,3,4,11,13,24,-11,27,5,2019-08-18,No,https://site.api.espn.com/apis/site/v2/sports/soccer/usa.nwsl/scoreboard?dates=2019&limit=1000
2019,18206,Orlando Pride,2019_18206,2019-08-18,0.7,train,No,0.6666666666666666,0.6875,0.1875,-1.125,6,-2,1.0,-16,0.4444444444444444,16,24,8,9,4,11,11,0,3,2,11,16,34,-18,27,5,2019-08-17,No,https://site.api.espn.com/apis/site/v2/sports/soccer/usa.nwsl/scoreboard?dates=2019&limit=1000
2019,15366,North Carolina Courage,2019_15366,2019-09-11,0.8,train,Yes,0.7916666666666666,1.9473684210526316,0.5789473684210527,1.1578947368421053,12,8,0.0,6,0.4444444444444444,19,24,5,9,4,37,37,0,11,4,4,40,18,22,31,5,2019-09-11,Yes,https://site.api.espn.com/apis/site/v2/sports/soccer/usa.nwsl/scoreboard?dates=2019&limit=1000
2019,15360,Chicago Red Stars,2019_15360,2019-09-11,0.8,train,Yes,0.875,1.6666666666666667,0.5238095238095238,0.3333333333333333,6,-1,0.25,4,0.4444444444444444,21,24,3,9,4,35,35,0,11,2,8,33,26,7,31,5,2019-09-11,Yes,https://site.api.espn.com/apis/site/v2/sports/soccer/usa.nwsl/scoreboard?dates=2019&limit=1000
2019,15362,Portland Thorns FC,2019_15362,2019-09-11,0.8,train,Yes,0.875,1.7142857142857142,0.47619047619047616,0.47619047619047616,9,-1,0.125,5,0.4444444444444444,21,24,3,9,4,36,36,0,10,6,5,39,29,10,31,5,2019-09-11,Yes,https://site.api.espn.com/apis/site/v2/sports/soccer/usa.nwsl/scoreboard?dates=2019&limit=1000
2019,15363,Reign FC,2019_15363,2019-09-11,0.8,train,Yes,0.7916666666666666,1.5789473684210527,0.42105263157894735,-0.10526315789473684,7,0,0.5,-1,0.4444444444444444,19,24,5,9,4,30,30,0,8,6,5,19,21,-2,31,5,2019-09-07,No,https://site.api.espn.com/apis/site/v2/sports/soccer/usa.nwsl/scoreboard?dates=2019&limit=1000
2019,15365,Washington Spirit,2019_15365,2019-09-11,0.8,train,No,0.75,1.3888888888888888,0.3888888888888889,0.16666666666666666,4,-3,0.625,-6,0.4444444444444444,18,24,6,9,4,25,25,0,7,4,7,22,19,3,31,5,2019-08-24,No,https://site.api.espn.com/apis/site/v2/sports/soccer/usa.nwsl/scoreboard?dates=2019&limit=1000
2019,19141,Utah Royals,2019_19141,2019-09-11,0.8,train,No,0.7916666666666666,1.631578947368421,0.47368421052631576,0.2631578947368421,13,8,0.375,0,0.4444444444444444,19,24,5,9,4,31,31,0,9,4,6,20,15,5,31,5,2019-09-06,Yes,https://site.api.espn.com/apis/site/v2/sports/soccer/usa.nwsl/scoreboard?dates=2019&limit=1000
2019,17346,Houston Dash,2019_17346,2019-09-11,0.8,train,No,0.7916666666666666,1.1578947368421053,0.3157894736842105,-0.6842105263157895,6,-3,0.75,-9,0.4444444444444444,19,24,5,9,4,22,22,0,6,4,9,18,31,-13,31,5,2019-09-08,No,https://site.api.espn.com/apis/site/v2/sports/soccer/usa.nwsl/scoreboard?dates=2019&limit=1000
2019,15364,Sky Blue FC,2019_15364,2019-09-11,0.8,train,No,0.8333333333333334,0.8,0.2,-0.55,7,-2,0.875,-15,0.4444444444444444,20,24,4,9,4,16,16,0,4,4,12,16,27,-11,31,5,2019-09-07,No,https://site.api.espn.com/apis/site/v2/sports/soccer/usa.nwsl/scoreboard?dates=2019&limit=1000
2019,18206,Orlando Pride,2019_18206,2019-09-11,0.8,train,No,0.8333333333333334,0.7,0.2,-1.05,3,-5,1.0,-17,0.4444444444444444,20,24,4,9,4,14,14,0,4,2,14,20,41,-21,31,5,2019-09-11,No,https://site.api.espn.com/apis/site/v2/sports/soccer/usa.nwsl/scoreboard?dates=2019&limit=1000
2021,15362,Portland Thorns FC,2021_15362,2021-07-18,0.4,train,Yes,0.4166666666666667,1.9,0.6,0.9,10,2,0.0,3,0.6,10,24,14,10,6,19,19,0,6,1,3,16,7,9,16,5,2021-07-18,Yes,https://site.api.espn.com/apis/site/v2/sports/soccer/usa.nwsl/scoreboard?dates=2021&limit=1000
2021,15363,OL Reign,2021_15363,2021-07-18,0.4,train,Yes,0.4166666666666667,1.0,0.3,-0.5,6,-3,0.8888888888888888,-6,0.6,10,24,14,10,6,10,10,0,3,1,6,8,13,-5,16,5,2021-07-18,No,https://site.api.espn.com/apis/site/v2/sports/soccer/usa.nwsl/scoreboard?dates=2021&limit=1000
2021,15365,Washington Spirit,2021_15365,2021-07-18,0.4,train,Yes,0.4166666666666667,1.5,0.4,0.1,7,1,0.6666666666666666,-1,0.6,10,24,14,10,6,15,15,0,4,3,3,12,11,1,16,5,2021-07-18,No,https://site.api.espn.com/apis/site/v2/sports/soccer/usa.nwsl/scoreboard?dates=2021&limit=1000
2021,15360,Chicago Red Stars,2021_15360,2021-07-18,0.4,train,Yes,0.4583333333333333,1.5454545454545454,0.45454545454545453,-0.36363636363636365,9,-1,0.1111111111111111,1,0.6,11,24,13,10,6,17,17,0,5,2,4,11,15,-4,16,5,2021-07-18,Yes,https://site.api.espn.com/apis/site/v2/sports/soccer/usa.nwsl/scoreboard?dates=2021&limit=1000
2021,15364,Gotham FC,2021_15364,2021-07-18,0.4,train,Yes,0.375,1.7777777777777777,0.4444444444444444,0.5555555555555556,9,4,0.3888888888888889,0,0.6,9,24,15,10,6,16,16,0,4,4,1,10,5,5,16,5,2021-07-18,Yes,https://site.api.espn.com/apis/site/v2/sports/soccer/usa.nwsl/scoreboard?dates=2021&limit=1000
2021,15366,North Carolina Courage,2021_15366,2021-07-18,0.4,train,Yes,0.4166666666666667,1.6,0.5,0.7,9,3,0.3888888888888889,0,0.6,10,24,14,10,6,16,16,0,5,1,4,15,8,7,16,5,2021-07-17,Yes,https://site.api.espn.com/apis/site/v2/sports/soccer/usa.nwsl/scoreboard?dates=2021&limit=1000
2021,17346,Houston Dash,2021_17346,2021-07-18,0.4,train,No,0.4166666666666667,1.6,0.5,0.2,9,2,0.3888888888888889,0,0.6,10,24,14,10,6,16,16,0,5,1,4,13,11,2,16,5,2021-07-17,Yes,https://site.api.espn.com/apis/site/v2/sports/soccer/usa.nwsl/scoreboard?dates=2021&limit=1000
2021,18206,Orlando Pride,2021_18206,2021-07-18,0.4,train,No,0.4583333333333333,1.4545454545454546,0.36363636363636365,0.09090909090909091,4,-2,0.3888888888888889,0,0.6,11,24,13,10,6,16,16,0,4,4,3,14,13,1,16,5,2021-07-18,Yes,https://site.api.espn.com/apis/site/v2/sports/soccer/usa.nwsl/scoreboard?dates=2021&limit=1000
2021,20905,Racing Louisville FC,2021_20905,2021-07-18,0.4,train,No,0.375,1.2222222222222223,0.3333333333333333,-0.6666666666666666,7,0,0.7777777777777778,-5,0.6,9,24,15,10,6,11,11,0,3,2,4,7,13,-6,16,5,2021-07-09,No,https://site.api.espn.com/apis/site/v2/sports/soccer/usa.nwsl/scoreboard?dates=2021&limit=1000
2021,20907,Kansas City NWSL,2021_20907,2021-07-18,0.4,train,No,0.4166666666666667,0.3,0.0,-1.0,1,-6,1.0,-13,0.6,10,24,14,10,6,3,3,0,0,3,7,5,15,-10,16,5,2021-07-11,No,https://site.api.espn.com/apis/site/v2/sports/soccer/usa.nwsl/scoreboard?dates=2021&limit=1000
2021,15362,Portland Thorns FC,2021_15362,2021-08-01,0.5,train,Yes,0.5,2.0833333333333335,0.6666666666666666,1.0,13,6,0.0,8,0.6,12,24,12,10,6,25,25,0,8,1,3,19,7,12,17,5,2021-08-01,Yes,https://site.api.espn.com/apis/site/v2/sports/soccer/usa.nwsl/scoreboard?dates=2021&limit=1000
2021,15363,OL Reign,2021_15363,2021-08-01,0.5,train,Yes,0.5,1.3333333333333333,0.4166666666666667,-0.08333333333333333,9,2,0.7777777777777778,-1,0.6,12,24,12,10,6,16,16,0,5,1,6,12,13,-1,17,5,2021-07-31,No,https://site.api.espn.com/apis/site/v2/sports/soccer/usa.nwsl/scoreboard?dates=2021&limit=1000
2021,15365,Washington Spirit,2021_15365,2021-08-01,0.5,train,Yes,0.5,1.5,0.4166666666666667,0.08333333333333333,6,0,0.3888888888888889,1,0.6,12,24,12,10,6,18,18,0,5,3,4,15,14,1,17,5,2021-08-01,Yes,https://site.api.espn.com/apis/site/v2/sports/soccer/usa.nwsl/scoreboard?dates=2021&limit=1000
2021,15360,Chicago Red Stars,2021_15360,2021-08-01,0.5,train,Yes,0.5416666666666666,1.5384615384615385,0.46153846153846156,-0.23076923076923078,12,5,0.16666666666666666,3,0.6,13,24,11,10,6,20,20,0,6,2,5,15,18,-3,17,5,2021-08-01,Yes,https://site.api.espn.com/apis/site/v2/sports/soccer/usa.nwsl/scoreboard?dates=2021&limit=1000
2021,15364,Gotham FC,2021_15364,2021-08-01,0.5,train,Yes,0.4583333333333333,1.8181818181818181,0.45454545454545453,0.5454545454545454,9,2,0.16666666666666666,3,0.6,11,24,13,10,6,20,20,0,5,5,1,13,7,6,17,5,2021-08-01,Yes,https://site.api.espn.com/apis/site/v2/sports/soccer/usa.nwsl/scoreboard?dates=2021&limit=1000
2021,15366,North Carolina Courage,2021_15366,2021-08-01,0.5,train,Yes,0.5,1.5,0.4166666666666667,0.5833333333333334,5,-1,0.3888888888888889,1,0.6,12,24,12,10,6,18,18,0,5,3,4,16,9,7,17,5,2021-07-31,Yes,https://site.api.espn.com/apis/site/v2/sports/soccer/usa.nwsl/scoreboard?dates=2021&limit=1000
2021,17346,Houston Dash,2021_17346,2021-08-01,0.5,train,No,0.5,1.4166666666666667,0.4166666666666667,0.08333333333333333,7,1,0.6111111111111112,0,0.6,12,24,12,10,6,17,17,0,5,2,5,14,13,1,17,5,2021-08-01,Yes,https://site.api.espn.com/apis/site/v2/sports/soccer/usa.nwsl/scoreboard?dates=2021&limit=1000
2021,18206,Orlando Pride,2021_18206,2021-08-01,0.5,train,No,0.5416666666666666,1.3076923076923077,0.3076923076923077,-0.07692307692307693,2,-5,0.6111111111111112,0,0.6,13,24,11,10,6,17,17,0,4,5,4,15,16,-1,17,5,2021-07-31,No,https://site.api.espn.com/apis/site/v2/sports/soccer/usa.nwsl/scoreboard?dates=2021&limit=1000
2021,20905,Racing Louisville FC,2021_20905,2021-08-01,0.5,train,No,0.4583333333333333,1.0,0.2727272727272727,-0.9090909090909091,4,-3,0.8888888888888888,-6,0.6,11,24,13,10,6,11,11,0,3,2,6,7,17,-10,17,5,2021-07-31,No,https://site.api.espn.com/apis/site/v2/sports/soccer/usa.nwsl/scoreboard?dates=2021&limit=1000
2021,20907,Kansas City NWSL,2021_20907,2021-08-01,0.5,train,No,0.5,0.3333333333333333,0.0,-1.0,2,-5,1.0,-13,0.6,12,24,12,10,6,4,4,0,0,4,8,5,17,-12,17,5,2021-08-01,No,https://site.api.espn.com/apis/site/v2/sports/soccer/usa.nwsl/scoreboard?dates=2021&limit=1000
2021,15362,Portland Thorns FC,2021_15362,2021-08-21,0.6,train,Yes,0.5833333333333334,2.0714285714285716,0.6428571428571429,0.9285714285714286,13,5,0.0,8,0.6,14,24,10,10,6,29,29,0,9,2,3,21,8,13,21,5,2021-08-14,Yes,https://site.api.espn.com/apis/site/v2/sports/soccer/usa.nwsl/scoreboard?dates=2021&limit=1000
2021,15363,OL Reign,2021_15363,2021-08-21,0.6,train,Yes,0.625,1.4666666666666666,0.4666666666666667,0.2,12,8,0.2222222222222222,1,0.6,15,24,9,10,6,22,22,0,7,1,7,20,17,3,21,5,2021-08-21,Yes,https://site.api.espn.com/apis/site/v2/sports/soccer/usa.nwsl/scoreboard?dates=2021&limit=1000
2021,15365,Washington Spirit,2021_15365,2021-08-21,0.6,train,Yes,0.5833333333333334,1.3571428571428572,0.35714285714285715,0.0,4,-2,0.6666666666666666,-2,0.6,14,24,10,10,6,19,19,0,5,4,5,17,17,0,21,5,2021-08-13,No,https://site.api.espn.com/apis/site/v2/sports/soccer/usa.nwsl/scoreboard?dates=2021&limit=1000
2021,15360,Chicago Red Stars,2021_15360,2021-08-21,0.6,train,Yes,0.6666666666666666,1.3125,0.375,-0.375,4,-2,0.4444444444444444,0,0.6,16,24,8,10,6,21,21,0,6,3,7,16,22,-6,21,5,2021-08-18,Yes,https://site.api.espn.com/apis/site/v2/sports/soccer/usa.nwsl/scoreboard?dates=2021&limit=1000
2021,15364,Gotham FC,2021_15364,2021-08-21,0.6,train,Yes,0.5833333333333334,1.5,0.35714285714285715,0.2857142857142857,5,-1,0.4444444444444444,0,0.6,14,24,10,10,6,21,21,0,5,6,3,16,12,4,21,5,2021-08-21,Yes,https://site.api.espn.com/apis/site/v2/sports/soccer/usa.nwsl/scoreboard?dates=2021&limit=1000
2021,15366,North Carolina Courage,2021_15366,2021-08-21,0.6,train,Yes,0.625,1.8,0.5333333333333333,0.8666666666666667,11,6,0.1111111111111111,6,0.6,15,24,9,10,6,27,27,0,8,3,4,22,9,13,21,5,2021-08-21,Yes,https://site.api.espn.com/apis/site/v2/sports/soccer/usa.nwsl/scoreboard?dates=2021&limit=1000
2021,17346,Houston Dash,2021_17346,2021-08-21,0.6,train,No,0.5833333333333334,1.2857142857142858,0.35714285714285715,-0.21428571428571427,5,-4,0.7777777777777778,-3,0.6,14,24,10,10,6,18,18,0,5,3,6,17,20,-3,21,5,2021-08-13,No,https://site.api.espn.com/apis/site/v2/sports/soccer/usa.nwsl/scoreboard?dates=2021&limit=1000
2021,18206,Orlando Pride,2021_18206,2021-08-21,0.6,train,No,0.625,1.4,0.3333333333333333,0.06666666666666667,5,-1,0.4444444444444444,0,0.6,15,24,9,10,6,21,21,0,5,6,4,18,17,1,21,5,2021-08-14,Yes,https://site.api.espn.com/apis/site/v2/sports/soccer/usa.nwsl/scoreboard?dates=2021&limit=1000
2021,20905,Racing Louisville FC,2021_20905,2021-08-21,0.6,train,No,0.5833333333333334,1.1428571428571428,0.2857142857142857,-0.5714285714285714,5,-2,0.8888888888888888,-5,0.6,14,24,10,10,6,16,16,0,4,4,6,12,20,-8,21,5,2021-08-18,No,https://site.api.espn.com/apis/site/v2/sports/soccer/usa.nwsl/scoreboard?dates=2021&limit=1000
2021,20907,Kansas City NWSL,2021_20907,2021-08-21,0.6,train,No,0.625,0.4666666666666667,0.06666666666666667,-1.1333333333333333,4,-7,1.0,-14,0.6,15,24,9,10,6,7,7,0,1,4,10,7,24,-17,21,5,2021-08-21,No,https://site.api.espn.com/apis/site/v2/sports/soccer/usa.nwsl/scoreboard?dates=2021&limit=1000
2021,15362,Portland Thorns FC,2021_15362,2021-09-04,0.7,train,Yes,0.6666666666666666,2.0,0.625,0.8125,10,3,0.0,9,0.6,16,24,8,10,6,32,32,0,10,2,4,24,11,13,23,5,2021-08-29,Yes,https://site.api.espn.com/apis/site/v2/sports/soccer/usa.nwsl/scoreboard?dates=2021&limit=1000
2021,15363,OL Reign,2021_15363,2021-09-04,0.7,train,Yes,0.75,1.6111111111111112,0.5,0.2777777777777778,10,2,0.1111111111111111,6,0.6,18,24,6,10,6,29,29,0,9,2,7,24,19,5,23,5,2021-09-04,Yes,https://site.api.espn.com/apis/site/v2/sports/soccer/usa.nwsl/scoreboard?dates=2021&limit=1000
2021,15365,Washington Spirit,2021_15365,2021-09-04,0.7,train,Yes,0.6666666666666666,1.4375,0.375,0.0625,5,-2,0.5555555555555556,0,0.6,16,24,8,10,6,23,23,0,6,5,5,19,18,1,23,5,2021-08-29,Yes,https://site.api.espn.com/apis/site/v2/sports/soccer/usa.nwsl/scoreboard?dates=2021&limit=1000
2021,15360,Chicago Red Stars,2021_15360,2021-09-04,0.7,train,Yes,0.75,1.3888888888888888,0.3888888888888889,-0.16666666666666666,5,0,0.3333333333333333,2,0.6,18,24,6,10,6,25,25,0,7,4,7,19,22,-3,23,5,2021-09-04,Yes,https://site.api.espn.com/apis/site/v2/sports/soccer/usa.nwsl/scoreboard?dates=2021&limit=1000
2021,15364,Gotham FC,2021_15364,2021-09-04,0.7,train,Yes,0.7083333333333334,1.2941176470588236,0.29411764705882354,0.11764705882352941,2,-3,0.6666666666666666,-1,0.6,17,24,7,10,6,22,22,0,5,7,5,17,15,2,23,5,2021-09-04,No,https://site.api.espn.com/apis/site/v2/sports/soccer/usa.nwsl/scoreboard?dates=2021&limit=1000
2021,15366,North Carolina Courage,2021_15366,2021-09-04,0.7,train,Yes,0.6666666666666666,1.75,0.5,0.8125,11,6,0.2222222222222222,5,0.6,16,24,8,10,6,28,28,0,8,4,4,22,9,13,23,5,2021-08-29,Yes,https://site.api.espn.com/apis/site/v2/sports/soccer/usa.nwsl/scoreboard?dates=2021&limit=1000
2021,17346,Houston Dash,2021_17346,2021-09-04,0.7,train,No,0.6666666666666666,1.3125,0.375,-0.1875,5,-4,0.7777777777777778,-2,0.6,16,24,8,10,6,21,21,0,6,3,7,18,21,-3,23,5,2021-09-01,No,https://site.api.espn.com/apis/site/v2/sports/soccer/usa.nwsl/scoreboard?dates=2021&limit=1000
2021,18206,Orlando Pride,2021_18206,2021-09-04,0.7,train,No,0.7083333333333334,1.411764705882353,0.35294117647058826,0.058823529411764705,8,2,0.4444444444444444,1,0.6,17,24,7,10,6,24,24,0,6,6,5,20,19,1,23,5,2021-08-29,Yes,https://site.api.espn.com/apis/site/v2/sports/soccer/usa.nwsl/scoreboard?dates=2021&limit=1000
2021,20905,Racing Louisville FC,2021_20905,2021-09-04,0.7,train,No,0.7083333333333334,1.0,0.23529411764705882,-0.5882352941176471,3,-2,0.8888888888888888,-6,0.6,17,24,7,10,6,17,17,0,4,5,8,14,24,-10,23,5,2021-09-04,No,https://site.api.espn.com/apis/site/v2/sports/soccer/usa.nwsl/scoreboard?dates=2021&limit=1000
2021,20907,Kansas City NWSL,2021_20907,2021-09-04,0.7,train,No,0.7083333333333334,0.5882352941176471,0.11764705882352941,-1.1176470588235294,6,-7,1.0,-13,0.6,17,24,7,10,6,10,10,0,2,4,11,9,28,-19,23,5,2021-08-28,No,https://site.api.espn.com/apis/site/v2/sports/soccer/usa.nwsl/scoreboard?dates=2021&limit=1000
2021,15362,Portland Thorns FC,2021_15362,2021-09-26,0.8,train,Yes,0.7916666666666666,2.0,0.631578947368421,0.8421052631578947,9,3,0.0,12,0.6,19,24,5,10,6,38,38,0,12,2,5,29,13,16,26,5,2021-09-25,Yes,https://site.api.espn.com/apis/site/v2/sports/soccer/usa.nwsl/scoreboard?dates=2021&limit=1000
2021,15363,OL Reign,2021_15363,2021-09-26,0.8,train,Yes,0.8333333333333334,1.75,0.55,0.55,13,8,0.1111111111111111,9,0.6,20,24,4,10,6,35,35,0,11,2,7,30,19,11,26,5,2021-09-26,Yes,https://site.api.espn.com/apis/site/v2/sports/soccer/usa.nwsl/scoreboard?dates=2021&limit=1000
2021,15365,Washington Spirit,2021_15365,2021-09-26,0.8,train,Yes,0.7916666666666666,1.368421052631579,0.3684210526315789,-0.21052631578947367,7,-4,0.6111111111111112,0,0.6,19,24,5,10,6,26,26,0,7,5,7,21,25,-4,26,5,2021-09-26,No,https://site.api.espn.com/apis/site/v2/sports/soccer/usa.nwsl/scoreboard?dates=2021&limit=1000
2021,15360,Chicago Red Stars,2021_15360,2021-09-26,0.8,train,Yes,0.8333333333333334,1.45,0.4,-0.1,9,4,0.2777777777777778,3,0.6,20,24,4,10,6,29,29,0,8,5,7,22,24,-2,26,5,2021-09-25,Yes,https://site.api.espn.com/apis/site/v2/sports/soccer/usa.nwsl/scoreboard?dates=2021&limit=1000
2021,15364,Gotham FC,2021_15364,2021-09-26,0.8,train,Yes,0.75,1.3888888888888888,0.3333333333333333,0.2222222222222222,4,-1,0.7777777777777778,-1,0.6,18,24,6,10,6,25,25,0,6,7,5,20,16,4,26,5,2021-09-25,No,https://site.api.espn.com/apis/site/v2/sports/soccer/usa.nwsl/scoreboard?dates=2021&limit=1000
2021,15366,North Carolina Courage,2021_15366,2021-09-26,0.8,train,Yes,0.7916666666666666,1.5263157894736843,0.42105263157894735,0.5263157894736842,5,1,0.2777777777777778,3,0.6,19,24,5,10,6,29,29,0,8,5,6,23,13,10,26,5,2021-09-25,Yes,https://site.api.espn.com/apis/site/v2/sports/soccer/usa.nwsl/scoreboard?dates=2021&limit=1000
2021,17346,Houston Dash,2021_17346,2021-09-26,0.8,train,No,0.7916666666666666,1.368421052631579,0.3684210526315789,0.05263157894736842,8,4,0.6111111111111112,0,0.6,19,24,5,10,6,26,26,0,7,5,7,24,23,1,26,5,2021-09-26,Yes,https://site.api.espn.com/apis/site/v2/sports/soccer/usa.nwsl/scoreboard?dates=2021&limit=1000
2021,18206,Orlando Pride,2021_18206,2021-09-26,0.8,train,No,0.8333333333333334,1.4,0.35,0.0,7,-1,0.4444444444444444,2,0.6,20,24,4,10,6,28,28,0,7,7,6,24,24,0,26,5,2021-09-26,Yes,https://site.api.espn.com/apis/site/v2/sports/soccer/usa.nwsl/scoreboard?dates=2021&limit=1000
2021,20905,Racing Louisville FC,2021_20905,2021-09-26,0.8,train,No,0.7916666666666666,0.8947368421052632,0.21052631578947367,-0.8421052631578947,1,-8,0.8888888888888888,-9,0.6,19,24,5,10,6,17,17,0,4,5,10,15,31,-16,26,5,2021-09-26,No,https://site.api.espn.com/apis/site/v2/sports/soccer/usa.nwsl/scoreboard?dates=2021&limit=1000
2021,20907,Kansas City NWSL,2021_20907,2021-09-26,0.8,train,No,0.7916666666666666,0.5789473684210527,0.10526315789473684,-1.0526315789473684,4,-7,1.0,-15,0.6,19,24,5,10,6,11,11,0,2,5,12,10,30,-20,26,5,2021-09-26,No,https://site.api.espn.com/apis/site/v2/sports/soccer/usa.nwsl/scoreboard?dates=2021&limit=1000
2022,15363,OL Reign,2022_15363,2022-06-19,0.4,train,Yes,0.4090909090909091,1.4444444444444444,0.3333333333333333,0.1111111111111111,10,2,0.4090909090909091,0,0.5,9,22,13,12,6,13,13,0,3,4,2,7,6,1,13,5,2022-06-18,Yes,https://site.api.espn.com/apis/site/v2/sports/soccer/usa.nwsl/scoreboard?dates=2022&limit=1000
2022,15362,Portland Thorns FC,2022_15362,2022-06-19,0.4,train,Yes,0.4090909090909091,1.7777777777777777,0.4444444444444444,1.5555555555555556,11,13,0.13636363636363635,3,0.5,9,22,13,12,6,16,16,0,4,4,1,21,7,14,13,5,2022-06-19,Yes,https://site.api.espn.com/apis/site/v2/sports/soccer/usa.nwsl/scoreboard?dates=2022&limit=1000
2022,21423,San Diego Wave FC,2022_21423,2022-06-19,0.4,train,Yes,0.45454545454545453,1.8,0.5,0.8,6,2,0.0,5,0.5,10,22,12,12,6,18,18,0,5,3,2,16,8,8,13,5,2022-06-19,Yes,https://site.api.espn.com/apis/site/v2/sports/soccer/usa.nwsl/scoreboard?dates=2022&limit=1000
2022,17346,Houston Dash,2022_17346,2022-06-19,0.4,train,Yes,0.4090909090909091,1.6666666666666667,0.4444444444444444,0.5555555555555556,8,2,0.2727272727272727,2,0.5,9,22,13,12,6,15,15,0,4,3,2,15,10,5,13,5,2022-06-19,Yes,https://site.api.espn.com/apis/site/v2/sports/soccer/usa.nwsl/scoreboard?dates=2022&limit=1000
2022,20907,Kansas City Current,2022_20907,2022-06-19,0.4,train,Yes,0.4090909090909091,1.0,0.2222222222222222,-0.5555555555555556,8,1,0.6818181818181818,-4,0.5,9,22,13,12,6,9,9,0,2,3,4,8,13,-5,13,5,2022-06-18,No,https://site.api.espn.com/apis/site/v2/sports/soccer/usa.nwsl/scoreboard?dates=2022&limit=1000
2022,15360,Chicago Red Stars,2022_15360,2022-06-19,0.4,train,Yes,0.4090909090909091,1.7777777777777777,0.4444444444444444,0.4444444444444444,9,2,0.13636363636363635,3,0.5,9,22,13,12,6,16,16,0,4,4,1,14,10,4,13,5,2022-06-18,Yes,https://site.api.espn.com/apis/site/v2/sports/soccer/usa.nwsl/scoreboard?dates=2022&limit=1000
2022,15366,North Carolina Courage,2022_15366,2022-06-19,0.4,train,No,0.3181818181818182,1.0,0.2857142857142857,0.0,7,2,1.0,-6,0.5,7,22,15,12,6,7,7,0,2,1,4,12,12,0,13,5,2022-06-19,No,https://site.api.espn.com/apis/site/v2/sports/soccer/usa.nwsl/scoreboard?dates=2022&limit=1000
2022,21422,Angel City FC,2022_21422,2022-06-19,0.4,train,No,0.4090909090909091,1.4444444444444444,0.4444444444444444,-0.2222222222222222,4,-4,0.4090909090909091,0,0.5,9,22,13,12,6,13,13,0,4,1,4,7,9,-2,13,5,2022-06-18,Yes,https://site.api.espn.com/apis/site/v2/sports/soccer/usa.nwsl/scoreboard?dates=2022&limit=1000
2022,20905,Racing Louisville FC,2022_20905,2022-06-19,0.4,train,No,0.4090909090909091,1.0,0.2222222222222222,-0.4444444444444444,4,-4,0.6818181818181818,-4,0.5,9,22,13,12,6,9,9,0,2,3,4,10,14,-4,13,5,2022-06-17,No,https://site.api.espn.com/apis/site/v2/sports/soccer/usa.nwsl/scoreboard?dates=2022&limit=1000
2022,18206,Orlando Pride,2022_18206,2022-06-19,0.4,train,No,0.4090909090909091,0.8888888888888888,0.2222222222222222,-1.6666666666666667,1,-14,0.9090909090909091,-5,0.5,9,22,13,12,6,8,8,0,2,2,5,9,24,-15,13,5,2022-06-19,No,https://site.api.espn.com/apis/site/v2/sports/soccer/usa.nwsl/scoreboard?dates=2022&limit=1000
2022,15365,Washington Spirit,2022_15365,2022-06-19,0.4,train,No,0.45454545454545453,0.9,0.1,-0.2,3,-2,0.6818181818181818,-4,0.5,10,22,12,12,6,9,9,0,1,6,3,10,12,-2,13,5,2022-06-17,No,https://site.api.espn.com/apis/site/v2/sports/soccer/usa.nwsl/scoreboard?dates=2022&limit=1000
2022,15364,Gotham FC,2022_15364,2022-06-19,0.4,train,No,0.3181818181818182,1.2857142857142858,0.42857142857142855,-0.5714285714285714,6,-3,0.6818181818181818,-4,0.5,7,22,15,12,6,9,9,0,3,0,4,5,9,-4,13,5,2022-06-19,No,https://site.api.espn.com/apis/site/v2/sports/soccer/usa.nwsl/scoreboard?dates=2022&limit=1000
2022,15363,OL Reign,2022_15363,2022-07-15,0.5,train,Yes,0.5,1.5454545454545454,0.36363636363636365,0.2727272727272727,8,2,0.3181818181818182,2,0.5,11,22,11,12,6,17,17,0,4,5,2,11,8,3,15,5,2022-07-10,Yes,https://site.api.espn.com/apis/site/v2/sports/soccer/usa.nwsl/scoreboard?dates=2022&limit=1000
2022,15362,Portland Thorns FC,2022_15362,2022-07-15,0.5,train,Yes,0.5,1.6363636363636365,0.36363636363636365,1.2727272727272727,9,10,0.18181818181818182,3,0.5,11,22,11,12,6,18,18,0,4,6,1,24,10,14,15,5,2022-07-10,Yes,https://site.api.espn.com/apis/site/v2/sports/soccer/usa.nwsl/scoreboard?dates=2022&limit=1000
2022,21423,San Diego Wave FC,2022_21423,2022-07-15,0.5,train,Yes,0.5909090909090909,1.6923076923076923,0.46153846153846156,0.6153846153846154,8,3,0.0,7,0.5,13,22,9,12,6,22,22,0,6,4,3,19,11,8,15,5,2022-07-15,Yes,https://site.api.espn.com/apis/site/v2/sports/soccer/usa.nwsl/scoreboard?dates=2022&limit=1000
2022,17346,Houston Dash,2022_17346,2022-07-15,0.5,train,Yes,0.5,1.3636363636363635,0.36363636363636365,0.2727272727272727,4,-5,0.5,0,0.5,11,22,11,12,6,15,15,0,4,3,4,16,13,3,15,5,2022-07-08,Yes,https://site.api.espn.com/apis/site/v2/sports/soccer/usa.nwsl/scoreboard?dates=2022&limit=1000
2022,20907,Kansas City Current,2022_20907,2022-07-15,0.5,train,Yes,0.5,1.3636363636363635,0.36363636363636365,-0.2727272727272727,11,3,0.5,0,0.5,11,22,11,12,6,15,15,0,4,3,4,11,14,-3,15,5,2022-07-10,No,https://site.api.espn.com/apis/site/v2/sports/soccer/usa.nwsl/scoreboard?dates=2022&limit=1000
2022,15360,Chicago Red Stars,2022_15360,2022-07-15,0.5,train,Yes,0.5,1.8181818181818181,0.45454545454545453,0.6363636363636364,9,4,0.09090909090909091,5,0.5,11,22,11,12,6,20,20,0,5,5,1,19,12,7,15,5,2022-07-10,Yes,https://site.api.espn.com/apis/site/v2/sports/soccer/usa.nwsl/scoreboard?dates=2022&limit=1000
2022,15366,North Carolina Courage,2022_15366,2022-07-15,0.5,train,No,0.4090909090909091,0.8888888888888888,0.2222222222222222,-0.2222222222222222,7,1,1.0,-7,0.5,9,22,13,12,6,8,8,0,2,2,5,14,16,-2,15,5,2022-07-10,No,https://site.api.espn.com/apis/site/v2/sports/soccer/usa.nwsl/scoreboard?dates=2022&limit=1000
2022,21422,Angel City FC,2022_21422,2022-07-15,0.5,train,No,0.5,1.5454545454545454,0.45454545454545453,-0.09090909090909091,8,1,0.3181818181818182,2,0.5,11,22,11,12,6,17,17,0,5,2,4,10,11,-1,15,5,2022-07-09,Yes,https://site.api.espn.com/apis/site/v2/sports/soccer/usa.nwsl/scoreboard?dates=2022&limit=1000
2022,20905,Racing Louisville FC,2022_20905,2022-07-15,0.5,train,No,0.5454545454545454,0.9166666666666666,0.16666666666666666,-0.4166666666666667,3,-2,0.8181818181818182,-4,0.5,12,22,10,12,6,11,11,0,2,5,5,13,18,-5,15,5,2022-07-15,No,https://site.api.espn.com/apis/site/v2/sports/soccer/usa.nwsl/scoreboard?dates=2022&limit=1000
2022,18206,Orlando Pride,2022_18206,2022-07-15,0.5,train,No,0.5,1.0909090909090908,0.2727272727272727,-1.2727272727272727,4,-11,0.6818181818181818,-3,0.5,11,22,11,12,6,12,12,0,3,3,5,12,26,-14,15,5,2022-07-08,No,https://site.api.espn.com/apis/site/v2/sports/soccer/usa.nwsl/scoreboard?dates=2022&limit=1000
2022,15365,Washington Spirit,2022_15365,2022-07-15,0.5,train,No,0.5454545454545454,0.75,0.08333333333333333,-0.3333333333333333,2,-3,0.9090909090909091,-6,0.5,12,22,10,12,6,9,9,0,1,6,5,11,15,-4,15,5,2022-07-10,No,https://site.api.espn.com/apis/site/v2/sports/soccer/usa.nwsl/scoreboard?dates=2022&limit=1000
2022,15364,Gotham FC,2022_15364,2022-07-15,0.5,train,No,0.4090909090909091,1.3333333333333333,0.4444444444444444,-0.6666666666666666,6,-5,0.6818181818181818,-3,0.5,9,22,13,12,6,12,12,0,4,0,5,7,13,-6,15,5,2022-07-08,No,https://site.api.espn.com/apis/site/v2/sports/soccer/usa.nwsl/scoreboard?dates=2022&limit=1000
2022,15363,OL Reign,2022_15363,2022-08-07,0.6,train,Yes,0.6818181818181818,1.4,0.3333333333333333,0.13333333333333333,5,-1,0.45454545454545453,0,0.5,15,22,7,12,6,21,21,0,5,6,4,16,14,2,21,5,2022-08-07,Yes,https://site.api.espn.com/apis/site/v2/sports/soccer/usa.nwsl/scoreboard?dates=2022&limit=1000
2022,15362,Portland Thorns FC,2022_15362,2022-08-07,0.6,train,Yes,0.6363636363636364,1.7857142857142858,0.42857142857142855,1.4285714285714286,9,6,0.045454545454545456,4,0.5,14,22,8,12,6,25,25,0,6,7,1,34,14,20,21,5,2022-08-05,Yes,https://site.api.espn.com/apis/site/v2/sports/soccer/usa.nwsl/scoreboard?dates=2022&limit=1000
2022,21423,San Diego Wave FC,2022_21423,2022-08-07,0.6,train,Yes,0.6818181818181818,1.6666666666666667,0.4666666666666667,0.5333333333333333,7,0,0.045454545454545456,4,0.5,15,22,7,12,6,25,25,0,7,4,4,21,13,8,21,5,2022-08-07,Yes,https://site.api.espn.com/apis/site/v2/sports/soccer/usa.nwsl/scoreboard?dates=2022&limit=1000
2022,17346,Houston Dash,2022_17346,2022-08-07,0.6,train,Yes,0.6363636363636364,1.7142857142857142,0.5,0.6428571428571429,9,4,0.18181818181818182,3,0.5,14,22,8,12,6,24,24,0,7,3,4,26,17,9,21,5,2022-08-07,Yes,https://site.api.espn.com/apis/site/v2/sports/soccer/usa.nwsl/scoreboard?dates=2022&limit=1000
2022,20907,Kansas City Current,2022_20907,2022-08-07,0.6,train,Yes,0.6363636363636364,1.5714285714285714,0.42857142857142855,-0.07142857142857142,13,4,0.36363636363636365,1,0.5,14,22,8,12,6,22,22,0,6,4,4,16,17,-1,21,5,2022-08-07,Yes,https://site.api.espn.com/apis/site/v2/sports/soccer/usa.nwsl/scoreboard?dates=2022&limit=1000
2022,15360,Chicago Red Stars,2022_15360,2022-08-07,0.6,train,Yes,0.6363636363636364,1.6428571428571428,0.42857142857142855,0.35714285714285715,7,1,0.2727272727272727,2,0.5,14,22,8,12,6,23,23,0,6,5,3,22,17,5,21,5,2022-08-07,Yes,https://site.api.espn.com/apis/site/v2/sports/soccer/usa.nwsl/scoreboard?dates=2022&limit=1000
2022,15366,North Carolina Courage,2022_15366,2022-08-07,0.6,train,No,0.5,0.9090909090909091,0.18181818181818182,-0.18181818181818182,3,-3,1.0,-11,0.5,11,22,11,12,6,10,10,0,2,4,5,20,22,-2,21,5,2022-08-05,No,https://site.api.espn.com/apis/site/v2/sports/soccer/usa.nwsl/scoreboard?dates=2022&limit=1000
2022,21422,Angel City FC,2022_21422,2022-08-07,0.6,train,No,0.5909090909090909,1.3846153846153846,0.38461538461538464,-0.15384615384615385,5,-1,0.5454545454545454,-3,0.5,13,22,9,12,6,18,18,0,5,3,5,14,16,-2,21,5,2022-08-07,No,https://site.api.espn.com/apis/site/v2/sports/soccer/usa.nwsl/scoreboard?dates=2022&limit=1000
2022,20905,Racing Louisville FC,2022_20905,2022-08-07,0.6,train,No,0.6818181818181818,0.8666666666666667,0.13333333333333333,-0.4,3,-2,0.7272727272727273,-8,0.5,15,22,7,12,6,13,13,0,2,7,6,16,22,-6,21,5,2022-08-05,No,https://site.api.espn.com/apis/site/v2/sports/soccer/usa.nwsl/scoreboard?dates=2022&limit=1000
2022,18206,Orlando Pride,2022_18206,2022-08-07,0.6,train,No,0.6363636363636364,1.0714285714285714,0.21428571428571427,-1.0,7,1,0.6363636363636364,-6,0.5,14,22,8,12,6,15,15,0,3,6,5,16,30,-14,21,5,2022-08-07,No,https://site.api.espn.com/apis/site/v2/sports/soccer/usa.nwsl/scoreboard?dates=2022&limit=1000
2022,15365,Washington Spirit,2022_15365,2022-08-07,0.6,train,No,0.6818181818181818,0.8,0.06666666666666667,-0.26666666666666666,3,-2,0.8636363636363636,-9,0.5,15,22,7,12,6,12,12,0,1,9,5,15,19,-4,21,5,2022-08-05,No,https://site.api.espn.com/apis/site/v2/sports/soccer/usa.nwsl/scoreboard?dates=2022&limit=1000
2022,15364,Gotham FC,2022_15364,2022-08-07,0.6,train,No,0.5454545454545454,1.0,0.3333333333333333,-1.25,3,-11,0.8636363636363636,-9,0.5,12,22,10,12,6,12,12,0,4,0,8,9,24,-15,21,5,2022-08-07,No,https://site.api.espn.com/apis/site/v2/sports/soccer/usa.nwsl/scoreboard?dates=2022&limit=1000
2022,15363,OL Reign,2022_15363,2022-08-20,0.7,train,Yes,0.7272727272727273,1.5,0.375,0.3125,7,2,0.36363636363636365,1,0.5,16,22,6,12,6,24,24,0,6,6,4,20,15,5,23,5,2022-08-14,Yes,https://site.api.espn.com/apis/site/v2/sports/soccer/usa.nwsl/scoreboard?dates=2022&limit=1000
2022,15362,Portland Thorns FC,2022_15362,2022-08-20,0.7,train,Yes,0.6818181818181818,1.8666666666666667,0.4666666666666667,1.4,11,7,0.09090909090909091,5,0.5,15,22,7,12,6,28,28,0,7,7,1,36,15,21,23,5,2022-08-10,Yes,https://site.api.espn.com/apis/site/v2/sports/soccer/usa.nwsl/scoreboard?dates=2022&limit=1000
2022,21423,San Diego Wave FC,2022_21423,2022-08-20,0.7,train,Yes,0.7727272727272727,1.6470588235294117,0.47058823529411764,0.5294117647058824,7,1,0.09090909090909091,5,0.5,17,22,5,12,6,28,28,0,8,4,5,24,15,9,23,5,2022-08-20,Yes,https://site.api.espn.com/apis/site/v2/sports/soccer/usa.nwsl/scoreboard?dates=2022&limit=1000
2022,17346,Houston Dash,2022_17346,2022-08-20,0.7,train,Yes,0.7727272727272727,1.6470588235294117,0.47058823529411764,0.47058823529411764,10,2,0.09090909090909091,5,0.5,17,22,5,12,6,28,28,0,8,4,5,29,21,8,23,5,2022-08-20,Yes,https://site.api.espn.com/apis/site/v2/sports/soccer/usa.nwsl/scoreboard?dates=2022&limit=1000
2022,20907,Kansas City Current,2022_20907,2022-08-20,0.7,train,Yes,0.7272727272727273,1.625,0.4375,0.0,11,3,0.2727272727272727,3,0.5,16,22,6,12,6,26,26,0,7,5,4,21,21,0,23,5,2022-08-19,Yes,https://site.api.espn.com/apis/site/v2/sports/soccer/usa.nwsl/scoreboard?dates=2022&limit=1000
2022,15360,Chicago Red Stars,2022_15360,2022-08-20,0.7,train,Yes,0.7272727272727273,1.4375,0.375,0.0,3,-7,0.45454545454545453,0,0.5,16,22,6,12,6,23,23,0,6,5,5,22,22,0,23,5,2022-08-20,Yes,https://site.api.espn.com/apis/site/v2/sports/soccer/usa.nwsl/scoreboard?dates=2022&limit=1000
2022,15366,North Carolina Courage,2022_15366,2022-08-20,0.7,train,No,0.5909090909090909,1.0,0.23076923076923078,0.07692307692307693,6,3,0.8181818181818182,-10,0.5,13,22,9,12,6,13,13,0,3,4,6,27,26,1,23,5,2022-08-20,No,https://site.api.espn.com/apis/site/v2/sports/soccer/usa.nwsl/scoreboard?dates=2022&limit=1000
2022,21422,Angel City FC,2022_21422,2022-08-20,0.7,train,No,0.6818181818181818,1.4666666666666666,0.4,-0.06666666666666667,8,1,0.5454545454545454,-1,0.5,15,22,7,12,6,22,22,0,6,4,5,16,17,-1,23,5,2022-08-19,No,https://site.api.espn.com/apis/site/v2/sports/soccer/usa.nwsl/scoreboard?dates=2022&limit=1000
2022,20905,Racing Louisville FC,2022_20905,2022-08-20,0.7,train,No,0.7272727272727273,0.875,0.125,-0.375,4,-1,0.7272727272727273,-9,0.5,16,22,6,12,6,14,14,0,2,8,6,16,22,-6,23,5,2022-08-12,No,https://site.api.espn.com/apis/site/v2/sports/soccer/usa.nwsl/scoreboard?dates=2022&limit=1000
2022,18206,Orlando Pride,2022_18206,2022-08-20,0.7,train,No,0.7272727272727273,1.3125,0.3125,-0.75,9,2,0.6363636363636364,-2,0.5,16,22,6,12,6,21,21,0,5,6,5,19,31,-12,23,5,2022-08-20,No,https://site.api.espn.com/apis/site/v2/sports/soccer/usa.nwsl/scoreboard?dates=2022&limit=1000
2022,15365,Washington Spirit,2022_15365,2022-08-20,0.7,train,No,0.7272727272727273,0.75,0.0625,-0.3125,3,-2,0.9545454545454546,-11,0.5,16,22,6,12,6,12,12,0,1,9,6,16,21,-5,23,5,2022-08-10,No,https://site.api.espn.com/apis/site/v2/sports/soccer/usa.nwsl/scoreboard?dates=2022&limit=1000
2022,15364,Gotham FC,2022_15364,2022-08-20,0.7,train,No,0.6818181818181818,0.8,0.26666666666666666,-1.3333333333333333,0,-9,0.9545454545454546,-11,0.5,15,22,7,12,6,12,12,0,4,0,11,12,32,-20,23,5,2022-08-20,No,https://site.api.espn.com/apis/site/v2/sports/soccer/usa.nwsl/scoreboard?dates=2022&limit=1000
2022,15363,OL Reign,2022_15363,2022-09-10,0.8,train,Yes,0.8181818181818182,1.5555555555555556,0.3888888888888889,0.3333333333333333,8,3,0.36363636363636365,1,0.5,18,22,4,12,6,28,28,0,7,7,4,24,18,6,27,5,2022-09-09,Yes,https://site.api.espn.com/apis/site/v2/sports/soccer/usa.nwsl/scoreboard?dates=2022&limit=1000
2022,15362,Portland Thorns FC,2022_15362,2022-09-10,0.8,train,Yes,0.8181818181818182,1.7222222222222223,0.4444444444444444,1.0555555555555556,7,-1,0.045454545454545456,4,0.5,18,22,4,12,6,31,31,0,8,7,3,39,20,19,27,5,2022-09-09,Yes,https://site.api.espn.com/apis/site/v2/sports/soccer/usa.nwsl/scoreboard?dates=2022&limit=1000
2022,21423,San Diego Wave FC,2022_21423,2022-09-10,0.8,train,Yes,0.8636363636363636,1.631578947368421,0.47368421052631576,0.5263157894736842,6,1,0.045454545454545456,4,0.5,19,22,3,12,6,31,31,0,9,4,6,29,19,10,27,5,2022-09-10,Yes,https://site.api.espn.com/apis/site/v2/sports/soccer/usa.nwsl/scoreboard?dates=2022&limit=1000
2022,17346,Houston Dash,2022_17346,2022-09-10,0.8,train,Yes,0.8181818181818182,1.6111111111111112,0.4444444444444444,0.4444444444444444,8,0,0.22727272727272727,2,0.5,18,22,4,12,6,29,29,0,8,5,5,31,23,8,27,5,2022-08-27,Yes,https://site.api.espn.com/apis/site/v2/sports/soccer/usa.nwsl/scoreboard?dates=2022&limit=1000
2022,20907,Kansas City Current,2022_20907,2022-09-10,0.8,train,Yes,0.7727272727272727,1.7058823529411764,0.47058823529411764,0.058823529411764705,11,3,0.22727272727272727,2,0.5,17,22,5,12,6,29,29,0,8,5,4,24,23,1,27,5,2022-08-28,Yes,https://site.api.espn.com/apis/site/v2/sports/soccer/usa.nwsl/scoreboard?dates=2022&limit=1000
2022,15360,Chicago Red Stars,2022_15360,2022-09-10,0.8,train,Yes,0.8181818181818182,1.5,0.3888888888888889,0.2222222222222222,7,1,0.45454545454545453,0,0.5,18,22,4,12,6,27,27,0,7,6,5,28,24,4,27,5,2022-09-09,Yes,https://site.api.espn.com/apis/site/v2/sports/soccer/usa.nwsl/scoreboard?dates=2022&limit=1000
2022,15366,North Carolina Courage,2022_15366,2022-09-10,0.8,train,No,0.7727272727272727,1.2941176470588236,0.35294117647058826,0.4117647058823529,12,10,0.6363636363636364,-5,0.5,17,22,5,12,6,22,22,0,6,4,7,38,31,7,27,5,2022-09-10,No,https://site.api.espn.com/apis/site/v2/sports/soccer/usa.nwsl/scoreboard?dates=2022&limit=1000
2022,21422,Angel City FC,2022_21422,2022-09-10,0.8,train,No,0.7272727272727273,1.5625,0.4375,0.0625,8,2,0.5454545454545454,-2,0.5,16,22,6,12,6,25,25,0,7,4,5,19,18,1,27,5,2022-08-28,No,https://site.api.espn.com/apis/site/v2/sports/soccer/usa.nwsl/scoreboard?dates=2022&limit=1000
2022,20905,Racing Louisville FC,2022_20905,2022-09-10,0.8,train,No,0.8181818181818182,0.7777777777777778,0.1111111111111111,-0.7777777777777778,3,-8,0.9090909090909091,-13,0.5,18,22,4,12,6,14,14,0,2,8,8,17,31,-14,27,5,2022-09-10,No,https://site.api.espn.com/apis/site/v2/sports/soccer/usa.nwsl/scoreboard?dates=2022&limit=1000
2022,18206,Orlando Pride,2022_18206,2022-09-10,0.8,train,No,0.8181818181818182,1.1666666666666667,0.2777777777777778,-0.8333333333333334,7,-1,0.7272727272727273,-6,0.5,18,22,4,12,6,21,21,0,5,6,7,20,35,-15,27,5,2022-09-09,No,https://site.api.espn.com/apis/site/v2/sports/soccer/usa.nwsl/scoreboard?dates=2022&limit=1000
2022,15365,Washington Spirit,2022_15365,2022-09-10,0.8,train,No,0.8181818181818182,0.8888888888888888,0.1111111111111111,-0.2222222222222222,6,0,0.8181818181818182,-11,0.5,18,22,4,12,6,16,16,0,2,10,6,22,26,-4,27,5,2022-09-10,No,https://site.api.espn.com/apis/site/v2/sports/soccer/usa.nwsl/scoreboard?dates=2022&limit=1000
2022,15364,Gotham FC,2022_15364,2022-09-10,0.8,train,No,0.7727272727272727,0.7058823529411765,0.23529411764705882,-1.3529411764705883,0,-8,1.0,-15,0.5,17,22,5,12,6,12,12,0,4,0,13,13,36,-23,27,5,2022-09-04,No,https://site.api.espn.com/apis/site/v2/sports/soccer/usa.nwsl/scoreboard?dates=2022&limit=1000
2023,21423,San Diego Wave FC,2023_21423,2023-05-27,0.4,train,Yes,0.4090909090909091,1.7777777777777777,0.5555555555555556,0.5555555555555556,7,1,0.13636363636363635,2,0.5,9,22,13,12,6,16,16,0,5,1,3,16,11,5,14,5,2023-05-26,Yes,https://site.api.espn.com/apis/site/v2/sports/soccer/usa.nwsl/scoreboard?dates=2023&limit=1000
2023,15362,Portland Thorns FC,2023_15362,2023-05-27,0.4,train,Yes,0.4090909090909091,1.7777777777777777,0.4444444444444444,1.3333333333333333,6,3,0.13636363636363635,2,0.5,9,22,13,12,6,16,16,0,4,4,1,23,11,12,14,5,2023-05-26,Yes,https://site.api.espn.com/apis/site/v2/sports/soccer/usa.nwsl/scoreboard?dates=2023&limit=1000
2023,15366,North Carolina Courage,2023_15366,2023-05-27,0.4,train,Yes,0.4090909090909091,1.5555555555555556,0.4444444444444444,0.0,11,3,0.45454545454545453,0,0.5,9,22,13,12,6,14,14,0,4,2,3,10,10,0,14,5,2023-05-27,Yes,https://site.api.espn.com/apis/site/v2/sports/soccer/usa.nwsl/scoreboard?dates=2023&limit=1000
2023,15363,OL Reign,2023_15363,2023-05-27,0.4,train,Yes,0.4090909090909091,1.7777777777777777,0.5555555555555556,0.6666666666666666,7,1,0.13636363636363635,2,0.5,9,22,13,12,6,16,16,0,5,1,3,17,11,6,14,5,2023-05-27,Yes,https://site.api.espn.com/apis/site/v2/sports/soccer/usa.nwsl/scoreboard?dates=2023&limit=1000
2023,21422,Angel City FC,2023_21422,2023-05-27,0.4,train,Yes,0.4090909090909091,1.0,0.2222222222222222,-0.5555555555555556,5,-3,0.8181818181818182,-5,0.5,9,22,13,12,6,9,9,0,2,3,4,12,17,-5,14,5,2023-05-27,No,https://site.api.espn.com/apis/site/v2/sports/soccer/usa.nwsl/scoreboard?dates=2023&limit=1000
2023,15364,Gotham FC,2023_15364,2023-05-27,0.4,train,Yes,0.36363636363636365,2.0,0.625,0.5,10,3,0.13636363636363635,2,0.5,8,22,14,12,6,16,16,0,5,1,2,11,7,4,14,5,2023-05-21,Yes,https://site.api.espn.com/apis/site/v2/sports/soccer/usa.nwsl/scoreboard?dates=2023&limit=1000
2023,18206,Orlando Pride,2023_18206,2023-05-27,0.4,train,No,0.4090909090909091,1.1111111111111112,0.3333333333333333,-0.6666666666666666,10,3,0.6818181818181818,-4,0.5,9,22,13,12,6,10,10,0,3,1,5,7,13,-6,14,5,2023-05-27,No,https://site.api.espn.com/apis/site/v2/sports/soccer/usa.nwsl/scoreboard?dates=2023&limit=1000
2023,15365,Washington Spirit,2023_15365,2023-05-27,0.4,train,No,0.36363636363636365,1.875,0.5,0.5,8,2,0.36363636363636365,1,0.5,8,22,14,12,6,15,15,0,4,3,1,11,7,4,14,5,2023-05-20,Yes,https://site.api.espn.com/apis/site/v2/sports/soccer/usa.nwsl/scoreboard?dates=2023&limit=1000
2023,20905,Racing Louisville FC,2023_20905,2023-05-27,0.4,train,No,0.4090909090909091,1.1111111111111112,0.2222222222222222,0.1111111111111111,7,3,0.6818181818181818,-4,0.5,9,22,13,12,6,10,10,0,2,4,3,12,11,1,14,5,2023-05-27,No,https://site.api.espn.com/apis/site/v2/sports/soccer/usa.nwsl/scoreboard?dates=2023&limit=1000
2023,17346,Houston Dash,2023_17346,2023-05-27,0.4,train,No,0.4090909090909091,1.3333333333333333,0.3333333333333333,-0.2222222222222222,6,-3,0.5454545454545454,-2,0.5,9,22,13,12,6,12,12,0,3,3,3,7,9,-2,14,5,2023-05-26,No,https://site.api.espn.com/apis/site/v2/sports/soccer/usa.nwsl/scoreboard?dates=2023&limit=1000
2023,20907,Kansas City Current,2023_20907,2023-05-27,0.4,train,No,0.4090909090909091,0.6666666666666666,0.2222222222222222,-1.0,3,-5,1.0,-8,0.5,9,22,13,12,6,6,6,0,2,0,7,9,18,-9,14,5,2023-05-26,No,https://site.api.espn.com/apis/site/v2/sports/soccer/usa.nwsl/scoreboard?dates=2023&limit=1000
2023,15360,Chicago Red Stars,2023_15360,2023-05-27,0.4,train,No,0.4090909090909091,0.7777777777777778,0.2222222222222222,-1.1111111111111112,4,-7,0.9090909090909091,-7,0.5,9,22,13,12,6,7,7,0,2,1,6,12,22,-10,14,5,2023-05-27,No,https://site.api.espn.com/apis/site/v2/sports/soccer/usa.nwsl/scoreboard?dates=2023&limit=1000
2023,21423,San Diego Wave FC,2023_21423,2023-06-11,0.5,train,Yes,0.5,1.8181818181818181,0.5454545454545454,0.5454545454545454,11,6,0.045454545454545456,3,0.5,11,22,11,12,6,20,20,0,6,2,3,17,11,6,17,5,2023-06-09,Yes,https://site.api.espn.com/apis/site/v2/sports/soccer/usa.nwsl/scoreboard?dates=2023&limit=1000
2023,15362,Portland Thorns FC,2023_15362,2023-06-11,0.5,train,Yes,0.5,1.7272727272727273,0.45454545454545453,1.0909090909090908,7,3,0.22727272727272727,2,0.5,11,22,11,12,6,19,19,0,5,4,2,26,14,12,17,5,2023-06-11,Yes,https://site.api.espn.com/apis/site/v2/sports/soccer/usa.nwsl/scoreboard?dates=2023&limit=1000
2023,15366,North Carolina Courage,2023_15366,2023-06-11,0.5,train,Yes,0.5,1.5454545454545454,0.45454545454545453,0.36363636363636365,10,6,0.45454545454545453,0,0.5,11,22,11,12,6,17,17,0,5,2,4,15,11,4,17,5,2023-06-10,Yes,https://site.api.espn.com/apis/site/v2/sports/soccer/usa.nwsl/scoreboard?dates=2023&limit=1000
2023,15363,OL Reign,2023_15363,2023-06-11,0.5,train,Yes,0.5,1.7272727272727273,0.5454545454545454,0.45454545454545453,6,-2,0.22727272727272727,2,0.5,11,22,11,12,6,19,19,0,6,1,4,19,14,5,17,5,2023-06-10,Yes,https://site.api.espn.com/apis/site/v2/sports/soccer/usa.nwsl/scoreboard?dates=2023&limit=1000
2023,21422,Angel City FC,2023_21422,2023-06-11,0.5,train,Yes,0.5,0.8181818181818182,0.18181818181818182,-0.6363636363636364,1,-6,0.9545454545454546,-8,0.5,11,22,11,12,6,9,9,0,2,3,6,14,21,-7,17,5,2023-06-10,No,https://site.api.espn.com/apis/site/v2/sports/soccer/usa.nwsl/scoreboard?dates=2023&limit=1000
2023,15364,Gotham FC,2023_15364,2023-06-11,0.5,train,Yes,0.5,1.6363636363636365,0.45454545454545453,0.2727272727272727,6,2,0.36363636363636365,1,0.5,11,22,11,12,6,18,18,0,5,3,3,13,10,3,17,5,2023-06-11,Yes,https://site.api.espn.com/apis/site/v2/sports/soccer/usa.nwsl/scoreboard?dates=2023&limit=1000
2023,18206,Orlando Pride,2023_18206,2023-06-11,0.5,train,No,0.5,1.1818181818181819,0.36363636363636365,-0.5454545454545454,7,0,0.6363636363636364,-4,0.5,11,22,11,12,6,13,13,0,4,1,6,10,16,-6,17,5,2023-06-11,No,https://site.api.espn.com/apis/site/v2/sports/soccer/usa.nwsl/scoreboard?dates=2023&limit=1000
2023,15365,Washington Spirit,2023_15365,2023-06-11,0.5,train,No,0.5,1.8181818181818181,0.45454545454545453,0.45454545454545453,8,1,0.045454545454545456,3,0.5,11,22,11,12,6,20,20,0,5,5,1,15,10,5,17,5,2023-06-10,Yes,https://site.api.espn.com/apis/site/v2/sports/soccer/usa.nwsl/scoreboard?dates=2023&limit=1000
2023,20905,Racing Louisville FC,2023_20905,2023-06-11,0.5,train,No,0.5,1.0909090909090908,0.18181818181818182,0.09090909090909091,8,4,0.7272727272727273,-5,0.5,11,22,11,12,6,12,12,0,2,6,3,13,12,1,17,5,2023-06-09,No,https://site.api.espn.com/apis/site/v2/sports/soccer/usa.nwsl/scoreboard?dates=2023&limit=1000
2023,17346,Houston Dash,2023_17346,2023-06-11,0.5,train,No,0.5,1.4545454545454546,0.36363636363636365,0.0,10,2,0.5454545454545454,-1,0.5,11,22,11,12,6,16,16,0,4,4,3,10,10,0,17,5,2023-06-11,No,https://site.api.espn.com/apis/site/v2/sports/soccer/usa.nwsl/scoreboard?dates=2023&limit=1000
2023,20907,Kansas City Current,2023_20907,2023-06-11,0.5,train,No,0.5,0.8181818181818182,0.2727272727272727,-0.8181818181818182,3,-6,0.9545454545454546,-8,0.5,11,22,11,12,6,9,9,0,3,0,8,11,20,-9,17,5,2023-06-10,No,https://site.api.espn.com/apis/site/v2/sports/soccer/usa.nwsl/scoreboard?dates=2023&limit=1000
2023,15360,Chicago Red Stars,2023_15360,2023-06-11,0.5,train,No,0.5,0.9090909090909091,0.2727272727272727,-1.2727272727272727,6,-10,0.8181818181818182,-7,0.5,11,22,11,12,6,10,10,0,3,1,7,14,28,-14,17,5,2023-06-10,No,https://site.api.espn.com/apis/site/v2/sports/soccer/usa.nwsl/scoreboard?dates=2023&limit=1000
2023,21423,San Diego Wave FC,2023_21423,2023-07-01,0.6,train,Yes,0.6363636363636364,1.4285714285714286,0.42857142857142855,0.21428571428571427,4,-2,0.45454545454545453,0,0.5,14,22,8,12,6,20,20,0,6,2,6,19,16,3,20,5,2023-07-01,Yes,https://site.api.espn.com/apis/site/v2/sports/soccer/usa.nwsl/scoreboard?dates=2023&limit=1000
2023,15362,Portland Thorns FC,2023_15362,2023-07-01,0.6,train,Yes,0.6363636363636364,1.7857142857142858,0.5,1.0,9,2,0.09090909090909091,5,0.5,14,22,8,12,6,25,25,0,7,4,3,33,19,14,20,5,2023-07-01,Yes,https://site.api.espn.com/apis/site/v2/sports/soccer/usa.nwsl/scoreboard?dates=2023&limit=1000
2023,15366,North Carolina Courage,2023_15366,2023-07-01,0.6,train,Yes,0.6363636363636364,1.8571428571428572,0.5714285714285714,0.6428571428571429,12,9,0.0,6,0.5,14,22,8,12,6,26,26,0,8,2,4,20,11,9,20,5,2023-07-01,Yes,https://site.api.espn.com/apis/site/v2/sports/soccer/usa.nwsl/scoreboard?dates=2023&limit=1000
2023,15363,OL Reign,2023_15363,2023-07-01,0.6,train,Yes,0.6363636363636364,1.7142857142857142,0.5,0.42857142857142855,8,0,0.18181818181818182,4,0.5,14,22,8,12,6,24,24,0,7,3,4,23,17,6,20,5,2023-07-01,Yes,https://site.api.espn.com/apis/site/v2/sports/soccer/usa.nwsl/scoreboard?dates=2023&limit=1000
2023,21422,Angel City FC,2023_21422,2023-07-01,0.6,train,Yes,0.5909090909090909,1.0,0.23076923076923078,-0.46153846153846156,4,-4,0.9545454545454546,-7,0.5,13,22,9,12,6,13,13,0,3,4,6,16,22,-6,20,5,2023-06-25,No,https://site.api.espn.com/apis/site/v2/sports/soccer/usa.nwsl/scoreboard?dates=2023&limit=1000
2023,15364,Gotham FC,2023_15364,2023-07-01,0.6,train,Yes,0.5909090909090909,1.6153846153846154,0.46153846153846156,0.15384615384615385,5,-2,0.36363636363636365,1,0.5,13,22,9,12,6,21,21,0,6,3,4,15,13,2,20,5,2023-06-25,Yes,https://site.api.espn.com/apis/site/v2/sports/soccer/usa.nwsl/scoreboard?dates=2023&limit=1000
2023,18206,Orlando Pride,2023_18206,2023-07-01,0.6,train,No,0.6363636363636364,1.1428571428571428,0.35714285714285715,-0.5,6,-1,0.6818181818181818,-4,0.5,14,22,8,12,6,16,16,0,5,1,8,14,21,-7,20,5,2023-07-01,No,https://site.api.espn.com/apis/site/v2/sports/soccer/usa.nwsl/scoreboard?dates=2023&limit=1000
2023,15365,Washington Spirit,2023_15365,2023-07-01,0.6,train,No,0.6363636363636364,1.6428571428571428,0.42857142857142855,0.07142857142857142,7,-3,0.2727272727272727,3,0.5,14,22,8,12,6,23,23,0,6,5,3,20,19,1,20,5,2023-07-01,Yes,https://site.api.espn.com/apis/site/v2/sports/soccer/usa.nwsl/scoreboard?dates=2023&limit=1000
2023,20905,Racing Louisville FC,2023_20905,2023-07-01,0.6,train,No,0.6363636363636364,1.1428571428571428,0.21428571428571427,0.14285714285714285,6,1,0.6818181818181818,-4,0.5,14,22,8,12,6,16,16,0,3,7,4,17,15,2,20,5,2023-07-01,No,https://site.api.espn.com/apis/site/v2/sports/soccer/usa.nwsl/scoreboard?dates=2023&limit=1000
2023,17346,Houston Dash,2023_17346,2023-07-01,0.6,train,No,0.6363636363636364,1.2857142857142858,0.2857142857142857,-0.07142857142857142,6,1,0.5454545454545454,-2,0.5,14,22,8,12,6,18,18,0,4,6,4,10,11,-1,20,5,2023-07-01,No,https://site.api.espn.com/apis/site/v2/sports/soccer/usa.nwsl/scoreboard?dates=2023&limit=1000
2023,20907,Kansas City Current,2023_20907,2023-07-01,0.6,train,No,0.6363636363636364,1.0714285714285714,0.35714285714285715,-0.5714285714285714,9,1,0.8181818181818182,-5,0.5,14,22,8,12,6,15,15,0,5,0,9,16,24,-8,20,5,2023-07-01,No,https://site.api.espn.com/apis/site/v2/sports/soccer/usa.nwsl/scoreboard?dates=2023&limit=1000
2023,15360,Chicago Red Stars,2023_15360,2023-07-01,0.6,train,No,0.6363636363636364,0.9285714285714286,0.2857142857142857,-1.0714285714285714,6,-5,0.9545454545454546,-7,0.5,14,22,8,12,6,13,13,0,4,1,9,18,33,-15,20,5,2023-07-01,No,https://site.api.espn.com/apis/site/v2/sports/soccer/usa.nwsl/scoreboard?dates=2023&limit=1000
2023,21423,San Diego Wave FC,2023_21423,2023-08-19,0.7,train,Yes,0.7272727272727273,1.5,0.4375,0.25,4,-2,0.4090909090909091,0,0.5,16,22,6,12,6,24,24,0,7,3,6,23,19,4,24,5,2023-08-19,Yes,https://site.api.espn.com/apis/site/v2/sports/soccer/usa.nwsl/scoreboard?dates=2023&limit=1000
2023,15362,Portland Thorns FC,2023_15362,2023-08-19,0.7,train,Yes,0.6818181818181818,1.6666666666666667,0.4666666666666667,0.8666666666666667,6,-1,0.18181818181818182,1,0.5,15,22,7,12,6,25,25,0,7,4,4,34,21,13,24,5,2023-07-09,Yes,https://site.api.espn.com/apis/site/v2/sports/soccer/usa.nwsl/scoreboard?dates=2023&limit=1000
2023,15366,North Carolina Courage,2023_15366,2023-08-19,0.7,train,Yes,0.6818181818181818,1.7333333333333334,0.5333333333333333,0.5333333333333333,12,9,0.0,2,0.5,15,22,7,12,6,26,26,0,8,2,5,21,13,8,24,5,2023-07-09,Yes,https://site.api.espn.com/apis/site/v2/sports/soccer/usa.nwsl/scoreboard?dates=2023&limit=1000
2023,15363,OL Reign,2023_15363,2023-08-19,0.7,train,Yes,0.7272727272727273,1.5,0.4375,0.25,5,-1,0.4090909090909091,0,0.5,16,22,6,12,6,24,24,0,7,3,6,23,19,4,24,5,2023-08-18,Yes,https://site.api.espn.com/apis/site/v2/sports/soccer/usa.nwsl/scoreboard?dates=2023&limit=1000
2023,21422,Angel City FC,2023_21422,2023-08-19,0.7,train,Yes,0.7272727272727273,1.125,0.25,-0.3125,9,2,0.8636363636363636,-6,0.5,16,22,6,12,6,18,18,0,4,6,6,19,24,-5,24,5,2023-08-19,No,https://site.api.espn.com/apis/site/v2/sports/soccer/usa.nwsl/scoreboard?dates=2023&limit=1000
2023,15364,Gotham FC,2023_15364,2023-08-19,0.7,train,Yes,0.7272727272727273,1.5625,0.4375,0.125,7,-1,0.18181818181818182,1,0.5,16,22,6,12,6,25,25,0,7,4,5,18,16,2,24,5,2023-08-19,Yes,https://site.api.espn.com/apis/site/v2/sports/soccer/usa.nwsl/scoreboard?dates=2023&limit=1000
2023,18206,Orlando Pride,2023_18206,2023-08-19,0.7,train,No,0.6818181818181818,1.2666666666666666,0.4,-0.4,9,2,0.6818181818181818,-5,0.5,15,22,7,12,6,19,19,0,6,1,8,15,21,-6,24,5,2023-07-07,No,https://site.api.espn.com/apis/site/v2/sports/soccer/usa.nwsl/scoreboard?dates=2023&limit=1000
2023,15365,Washington Spirit,2023_15365,2023-08-19,0.7,train,No,0.7272727272727273,1.5625,0.375,0.0625,5,-4,0.18181818181818182,1,0.5,16,22,6,12,6,25,25,0,6,7,3,23,22,1,24,5,2023-08-19,Yes,https://site.api.espn.com/apis/site/v2/sports/soccer/usa.nwsl/scoreboard?dates=2023&limit=1000
2023,20905,Racing Louisville FC,2023_20905,2023-08-19,0.7,train,No,0.7272727272727273,1.25,0.25,0.1875,8,2,0.5454545454545454,-4,0.5,16,22,6,12,6,20,20,0,4,8,4,20,17,3,24,5,2023-08-19,No,https://site.api.espn.com/apis/site/v2/sports/soccer/usa.nwsl/scoreboard?dates=2023&limit=1000
2023,17346,Houston Dash,2023_17346,2023-08-19,0.7,train,No,0.7272727272727273,1.1875,0.25,-0.125,3,-2,0.6818181818181818,-5,0.5,16,22,6,12,6,19,19,0,4,7,5,11,13,-2,24,5,2023-08-19,No,https://site.api.espn.com/apis/site/v2/sports/soccer/usa.nwsl/scoreboard?dates=2023&limit=1000
2023,20907,Kansas City Current,2023_20907,2023-08-19,0.7,train,No,0.7272727272727273,1.125,0.375,-0.5,9,1,0.8636363636363636,-6,0.5,16,22,6,12,6,18,18,0,6,0,10,18,26,-8,24,5,2023-08-18,No,https://site.api.espn.com/apis/site/v2/sports/soccer/usa.nwsl/scoreboard?dates=2023&limit=1000
2023,15360,Chicago Red Stars,2023_15360,2023-08-19,0.7,train,No,0.6818181818181818,1.0666666666666667,0.3333333333333333,-0.9333333333333333,6,-5,1.0,-8,0.5,15,22,7,12,6,16,16,0,5,1,9,19,33,-14,24,5,2023-07-07,No,https://site.api.espn.com/apis/site/v2/sports/soccer/usa.nwsl/scoreboard?dates=2023&limit=1000
2023,21423,San Diego Wave FC,2023_21423,2023-09-03,0.8,train,Yes,0.8181818181818182,1.6666666666666667,0.5,0.3333333333333333,10,2,0.0,4,0.5,18,22,4,12,6,30,30,0,9,3,6,26,20,6,26,5,2023-09-03,Yes,https://site.api.espn.com/apis/site/v2/sports/soccer/usa.nwsl/scoreboard?dates=2023&limit=1000
2023,15362,Portland Thorns FC,2023_15362,2023-09-03,0.8,train,Yes,0.8181818181818182,1.6111111111111112,0.4444444444444444,0.7222222222222222,4,-2,0.09090909090909091,3,0.5,18,22,4,12,6,29,29,0,8,5,5,38,25,13,26,5,2023-09-02,Yes,https://site.api.espn.com/apis/site/v2/sports/soccer/usa.nwsl/scoreboard?dates=2023&limit=1000
2023,15366,North Carolina Courage,2023_15366,2023-09-03,0.8,train,Yes,0.8181818181818182,1.5555555555555556,0.4444444444444444,0.3888888888888889,5,-1,0.18181818181818182,2,0.5,18,22,4,12,6,28,28,0,8,4,6,26,19,7,26,5,2023-09-02,Yes,https://site.api.espn.com/apis/site/v2/sports/soccer/usa.nwsl/scoreboard?dates=2023&limit=1000
2023,15363,OL Reign,2023_15363,2023-09-03,0.8,train,Yes,0.8181818181818182,1.5,0.4444444444444444,0.2222222222222222,4,-2,0.3181818181818182,1,0.5,18,22,4,12,6,27,27,0,8,3,7,25,21,4,26,5,2023-09-03,Yes,https://site.api.espn.com/apis/site/v2/sports/soccer/usa.nwsl/scoreboard?dates=2023&limit=1000
2023,21422,Angel City FC,2023_21422,2023-09-03,0.8,train,Yes,0.8181818181818182,1.3333333333333333,0.3333333333333333,-0.16666666666666666,11,3,0.5909090909090909,-2,0.5,18,22,4,12,6,24,24,0,6,6,6,22,25,-3,26,5,2023-09-01,No,https://site.api.espn.com/apis/site/v2/sports/soccer/usa.nwsl/scoreboard?dates=2023&limit=1000
2023,15364,Gotham FC,2023_15364,2023-09-03,0.8,train,Yes,0.8181818181818182,1.5,0.3888888888888889,0.1111111111111111,6,0,0.3181818181818182,1,0.5,18,22,4,12,6,27,27,0,7,6,5,21,19,2,26,5,2023-09-02,Yes,https://site.api.espn.com/apis/site/v2/sports/soccer/usa.nwsl/scoreboard?dates=2023&limit=1000
2023,18206,Orlando Pride,2023_18206,2023-09-03,0.8,train,No,0.8181818181818182,1.2222222222222223,0.3888888888888889,-0.16666666666666666,9,7,0.7272727272727273,-4,0.5,18,22,4,12,6,22,22,0,7,1,10,21,24,-3,26,5,2023-09-03,No,https://site.api.espn.com/apis/site/v2/sports/soccer/usa.nwsl/scoreboard?dates=2023&limit=1000
2023,15365,Washington Spirit,2023_15365,2023-09-03,0.8,train,No,0.8181818181818182,1.4444444444444444,0.3333333333333333,-0.05555555555555555,3,-5,0.45454545454545453,0,0.5,18,22,4,12,6,26,26,0,6,8,4,24,25,-1,26,5,2023-09-03,Yes,https://site.api.espn.com/apis/site/v2/sports/soccer/usa.nwsl/scoreboard?dates=2023&limit=1000
2023,20905,Racing Louisville FC,2023_20905,2023-09-03,0.8,train,No,0.8181818181818182,1.3333333333333333,0.2777777777777778,0.2222222222222222,9,2,0.5909090909090909,-2,0.5,18,22,4,12,6,24,24,0,5,9,4,22,18,4,26,5,2023-09-02,No,https://site.api.espn.com/apis/site/v2/sports/soccer/usa.nwsl/scoreboard?dates=2023&limit=1000
2023,17346,Houston Dash,2023_17346,2023-09-03,0.8,train,No,0.8181818181818182,1.1111111111111112,0.2222222222222222,-0.16666666666666666,2,-3,0.8636363636363636,-6,0.5,18,22,4,12,6,20,20,0,4,8,6,12,15,-3,26,5,2023-09-03,No,https://site.api.espn.com/apis/site/v2/sports/soccer/usa.nwsl/scoreboard?dates=2023&limit=1000
2023,20907,Kansas City Current,2023_20907,2023-09-03,0.8,train,No,0.8181818181818182,1.0555555555555556,0.3333333333333333,-0.5,7,0,1.0,-7,0.5,18,22,4,12,6,19,19,0,6,1,11,19,28,-9,26,5,2023-09-01,No,https://site.api.espn.com/apis/site/v2/sports/soccer/usa.nwsl/scoreboard?dates=2023&limit=1000
2023,15360,Chicago Red Stars,2023_15360,2023-09-03,0.8,train,No,0.8181818181818182,1.1111111111111112,0.3333333333333333,-0.9444444444444444,10,-1,0.8636363636363636,-6,0.5,18,22,4,12,6,20,20,0,6,2,10,22,39,-17,26,5,2023-09-03,No,https://site.api.espn.com/apis/site/v2/sports/soccer/usa.nwsl/scoreboard?dates=2023&limit=1000
2024,18206,Orlando Pride,2024_18206,2024-05-24,0.4,train,Yes,0.4230769230769231,2.4545454545454546,0.7272727272727273,0.9090909090909091,15,7,0.0,15,0.5714285714285714,11,26,15,14,8,27,27,0,8,3,0,20,10,10,12,5,2024-05-24,Yes,https://site.api.espn.com/apis/site/v2/sports/soccer/usa.nwsl/scoreboard?dates=2024&limit=1000
2024,15365,Washington Spirit,2024_15365,2024-05-24,0.4,train,Yes,0.4230769230769231,2.1818181818181817,0.7272727272727273,0.8181818181818182,12,5,0.07692307692307693,12,0.5714285714285714,11,26,15,14,8,24,24,0,8,0,3,25,16,9,12,5,2024-05-24,Yes,https://site.api.espn.com/apis/site/v2/sports/soccer/usa.nwsl/scoreboard?dates=2024&limit=1000
2024,15364,Gotham FC,2024_15364,2024-05-24,0.4,train,Yes,0.38461538461538464,1.8,0.5,0.3,13,5,0.3076923076923077,6,0.5714285714285714,10,26,16,14,8,18,18,0,5,3,2,10,7,3,12,5,2024-05-24,Yes,https://site.api.espn.com/apis/site/v2/sports/soccer/usa.nwsl/scoreboard?dates=2024&limit=1000
2024,20907,Kansas City Current,2024_20907,2024-05-24,0.4,train,Yes,0.38461538461538464,2.2,0.6,1.0,9,3,0.15384615384615385,10,0.5714285714285714,10,26,16,14,8,22,22,0,6,4,0,25,15,10,12,5,2024-05-18,Yes,https://site.api.espn.com/apis/site/v2/sports/soccer/usa.nwsl/scoreboard?dates=2024&limit=1000
2024,15366,North Carolina Courage,2024_15366,2024-05-24,0.4,train,Yes,0.4230769230769231,1.3636363636363635,0.45454545454545453,-0.09090909090909091,3,-7,0.46153846153846156,3,0.5714285714285714,11,26,15,14,8,15,15,0,5,0,6,13,14,-1,12,5,2024-05-24,Yes,https://site.api.espn.com/apis/site/v2/sports/soccer/usa.nwsl/scoreboard?dates=2024&limit=1000
2024,15362,Portland Thorns FC,2024_15362,2024-05-24,0.4,train,Yes,0.4230769230769231,1.7272727272727273,0.5454545454545454,0.7272727272727273,12,7,0.23076923076923078,7,0.5714285714285714,11,26,15,14,8,19,19,0,6,1,4,24,16,8,12,5,2024-05-24,Yes,https://site.api.espn.com/apis/site/v2/sports/soccer/usa.nwsl/scoreboard?dates=2024&limit=1000
2024,22187,Bay FC,2024_22187,2024-05-24,0.4,train,Yes,0.4230769230769231,0.8181818181818182,0.2727272727272727,-0.7272727272727273,3,-4,0.8076923076923077,-3,0.5714285714285714,11,26,15,14,8,9,9,0,3,0,8,15,23,-8,12,5,2024-05-24,No,https://site.api.espn.com/apis/site/v2/sports/soccer/usa.nwsl/scoreboard?dates=2024&limit=1000
2024,15360,Chicago Red Stars,2024_15360,2024-05-24,0.4,train,Yes,0.38461538461538464,1.6,0.5,0.1,6,-2,0.38461538461538464,4,0.5714285714285714,10,26,16,14,8,16,16,0,5,1,4,15,14,1,12,5,2024-05-19,Yes,https://site.api.espn.com/apis/site/v2/sports/soccer/usa.nwsl/scoreboard?dates=2024&limit=1000
2024,20905,Racing Louisville FC,2024_20905,2024-05-24,0.4,train,No,0.34615384615384615,1.0,0.1111111111111111,0.2222222222222222,5,2,0.8076923076923077,-3,0.5714285714285714,9,26,17,14,8,9,9,0,1,6,2,14,12,2,12,5,2024-05-18,No,https://site.api.espn.com/apis/site/v2/sports/soccer/usa.nwsl/scoreboard?dates=2024&limit=1000
2024,21423,San Diego Wave FC,2024_21423,2024-05-24,0.4,train,No,0.38461538461538464,1.2,0.3,0.0,5,0,0.5769230769230769,0,0.5714285714285714,10,26,16,14,8,12,12,0,3,3,4,9,9,0,12,5,2024-05-23,Yes,https://site.api.espn.com/apis/site/v2/sports/soccer/usa.nwsl/scoreboard?dates=2024&limit=1000
2024,19141,Utah Royals,2024_19141,2024-05-24,0.4,train,No,0.38461538461538464,0.4,0.1,-1.3,1,-6,1.0,-8,0.5714285714285714,10,26,16,14,8,4,4,0,1,1,8,6,19,-13,12,5,2024-05-17,No,https://site.api.espn.com/apis/site/v2/sports/soccer/usa.nwsl/scoreboard?dates=2024&limit=1000
2024,21422,Angel City FC,2024_21422,2024-05-24,0.4,train,No,0.38461538461538464,1.1,0.3,-0.5,4,-4,0.6923076923076923,-1,0.5714285714285714,10,26,16,14,8,11,11,0,3,2,5,11,16,-5,12,5,2024-05-23,No,https://site.api.espn.com/apis/site/v2/sports/soccer/usa.nwsl/scoreboard?dates=2024&limit=1000
2024,15363,Seattle Reign FC,2024_15363,2024-05-24,0.4,train,No,0.4230769230769231,0.6363636363636364,0.18181818181818182,-0.8181818181818182,4,-5,0.9230769230769231,-5,0.5714285714285714,11,26,15,14,8,7,7,0,2,1,8,11,20,-9,12,5,2024-05-24,No,https://site.api.espn.com/apis/site/v2/sports/soccer/usa.nwsl/scoreboard?dates=2024&limit=1000
2024,17346,Houston Dash,2024_17346,2024-05-24,0.4,train,No,0.4230769230769231,1.0909090909090908,0.2727272727272727,-0.6363636363636364,7,1,0.5769230769230769,0,0.5714285714285714,11,26,15,14,8,12,12,0,3,3,5,11,18,-7,12,5,2024-05-24,No,https://site.api.espn.com/apis/site/v2/sports/soccer/usa.nwsl/scoreboard?dates=2024&limit=1000
2024,18206,Orlando Pride,2024_18206,2024-06-19,0.5,train,Yes,0.5,2.230769230769231,0.6153846153846154,0.7692307692307693,11,3,0.038461538461538464,14,0.5714285714285714,13,26,13,14,8,29,29,0,8,5,0,21,11,10,15,5,2024-06-15,Yes,https://site.api.espn.com/apis/site/v2/sports/soccer/usa.nwsl/scoreboard?dates=2024&limit=1000
2024,15365,Washington Spirit,2024_15365,2024-06-19,0.5,train,Yes,0.5,2.1538461538461537,0.6923076923076923,0.7692307692307693,13,5,0.15384615384615385,13,0.5714285714285714,13,26,13,14,8,28,28,0,9,1,3,27,17,10,15,5,2024-06-15,Yes,https://site.api.espn.com/apis/site/v2/sports/soccer/usa.nwsl/scoreboard?dates=2024&limit=1000
2024,15364,Gotham FC,2024_15364,2024-06-19,0.5,train,Yes,0.5,2.076923076923077,0.6153846153846154,0.5384615384615384,15,7,0.23076923076923078,12,0.5714285714285714,13,26,13,14,8,27,27,0,8,3,2,16,9,7,15,5,2024-06-19,Yes,https://site.api.espn.com/apis/site/v2/sports/soccer/usa.nwsl/scoreboard?dates=2024&limit=1000
2024,20907,Kansas City Current,2024_20907,2024-06-19,0.5,train,Yes,0.5,2.230769230769231,0.6153846153846154,1.0769230769230769,11,5,0.038461538461538464,14,0.5714285714285714,13,26,13,14,8,29,29,0,8,5,0,33,19,14,15,5,2024-06-14,Yes,https://site.api.espn.com/apis/site/v2/sports/soccer/usa.nwsl/scoreboard?dates=2024&limit=1000
2024,15366,North Carolina Courage,2024_15366,2024-06-19,0.5,train,Yes,0.5,1.2307692307692308,0.38461538461538464,-0.15384615384615385,4,-4,0.46153846153846156,1,0.5714285714285714,13,26,13,14,8,16,16,0,5,1,7,13,15,-2,15,5,2024-06-15,Yes,https://site.api.espn.com/apis/site/v2/sports/soccer/usa.nwsl/scoreboard?dates=2024&limit=1000
2024,15362,Portland Thorns FC,2024_15362,2024-06-19,0.5,train,Yes,0.5,1.7692307692307692,0.5384615384615384,0.6923076923076923,10,6,0.3076923076923077,8,0.5714285714285714,13,26,13,14,8,23,23,0,7,2,4,25,16,9,15,5,2024-06-16,Yes,https://site.api.espn.com/apis/site/v2/sports/soccer/usa.nwsl/scoreboard?dates=2024&limit=1000
2024,22187,Bay FC,2024_22187,2024-06-19,0.5,train,Yes,0.5,0.9230769230769231,0.3076923076923077,-0.6153846153846154,6,-2,0.8461538461538461,-3,0.5714285714285714,13,26,13,14,8,12,12,0,4,0,9,17,25,-8,15,5,2024-06-16,No,https://site.api.espn.com/apis/site/v2/sports/soccer/usa.nwsl/scoreboard?dates=2024&limit=1000
2024,15360,Chicago Red Stars,2024_15360,2024-06-19,0.5,train,Yes,0.5,1.3076923076923077,0.38461538461538464,-0.07692307692307693,4,-1,0.38461538461538464,2,0.5714285714285714,13,26,13,14,8,17,17,0,5,2,6,18,19,-1,15,5,2024-06-14,Yes,https://site.api.espn.com/apis/site/v2/sports/soccer/usa.nwsl/scoreboard?dates=2024&limit=1000
2024,20905,Racing Louisville FC,2024_20905,2024-06-19,0.5,train,No,0.5,1.1538461538461537,0.23076923076923078,0.15384615384615385,7,0,0.5769230769230769,0,0.5714285714285714,13,26,13,14,8,15,15,0,3,6,4,19,17,2,15,5,2024-06-19,Yes,https://site.api.espn.com/apis/site/v2/sports/soccer/usa.nwsl/scoreboard?dates=2024&limit=1000
2024,21423,San Diego Wave FC,2024_21423,2024-06-19,0.5,train,No,0.5,1.0769230769230769,0.23076923076923078,-0.07692307692307693,3,-2,0.6923076923076923,-1,0.5714285714285714,13,26,13,14,8,14,14,0,3,5,5,12,13,-1,15,5,2024-06-19,No,https://site.api.espn.com/apis/site/v2/sports/soccer/usa.nwsl/scoreboard?dates=2024&limit=1000
2024,19141,Utah Royals,2024_19141,2024-06-19,0.5,train,No,0.5,0.5384615384615384,0.15384615384615385,-1.0769230769230769,3,-4,1.0,-8,0.5714285714285714,13,26,13,14,8,7,7,0,2,1,10,7,21,-14,15,5,2024-06-16,No,https://site.api.espn.com/apis/site/v2/sports/soccer/usa.nwsl/scoreboard?dates=2024&limit=1000
2024,21422,Angel City FC,2024_21422,2024-06-19,0.5,train,No,0.5,1.1538461538461537,0.3076923076923077,-0.38461538461538464,5,-2,0.5769230769230769,0,0.5714285714285714,13,26,13,14,8,15,15,0,4,3,6,15,20,-5,15,5,2024-06-19,No,https://site.api.espn.com/apis/site/v2/sports/soccer/usa.nwsl/scoreboard?dates=2024&limit=1000
2024,15363,Seattle Reign FC,2024_15363,2024-06-19,0.5,train,No,0.5,0.6153846153846154,0.15384615384615385,-0.9230769230769231,1,-9,0.9230769230769231,-7,0.5714285714285714,13,26,13,14,8,8,8,0,2,2,9,13,25,-12,15,5,2024-06-16,No,https://site.api.espn.com/apis/site/v2/sports/soccer/usa.nwsl/scoreboard?dates=2024&limit=1000
2024,17346,Houston Dash,2024_17346,2024-06-19,0.5,train,No,0.5,1.0,0.23076923076923078,-0.6923076923076923,7,0,0.7692307692307693,-2,0.5714285714285714,13,26,13,14,8,13,13,0,3,4,6,11,20,-9,15,5,2024-06-15,No,https://site.api.espn.com/apis/site/v2/sports/soccer/usa.nwsl/scoreboard?dates=2024&limit=1000
2024,18206,Orlando Pride,2024_18206,2024-07-06,0.6,train,Yes,0.6153846153846154,2.375,0.6875,1.25,11,10,0.0,20,0.5714285714285714,16,26,10,14,8,38,38,0,11,5,0,32,12,20,18,5,2024-07-06,Yes,https://site.api.espn.com/apis/site/v2/sports/soccer/usa.nwsl/scoreboard?dates=2024&limit=1000
2024,15365,Washington Spirit,2024_15365,2024-07-06,0.6,train,Yes,0.6153846153846154,2.125,0.6875,0.875,10,5,0.15384615384615385,16,0.5714285714285714,16,26,10,14,8,34,34,0,11,1,4,32,18,14,18,5,2024-07-06,Yes,https://site.api.espn.com/apis/site/v2/sports/soccer/usa.nwsl/scoreboard?dates=2024&limit=1000
2024,15364,Gotham FC,2024_15364,2024-07-06,0.6,train,Yes,0.6153846153846154,1.9375,0.5625,0.375,10,2,0.23076923076923078,13,0.5714285714285714,16,26,10,14,8,31,31,0,9,4,3,19,13,6,18,5,2024-07-06,Yes,https://site.api.espn.com/apis/site/v2/sports/soccer/usa.nwsl/scoreboard?dates=2024&limit=1000
2024,20907,Kansas City Current,2024_20907,2024-07-06,0.6,train,Yes,0.6153846153846154,2.1875,0.625,1.125,10,7,0.07692307692307693,17,0.5714285714285714,16,26,10,14,8,35,35,0,10,5,1,40,22,18,18,5,2024-07-06,Yes,https://site.api.espn.com/apis/site/v2/sports/soccer/usa.nwsl/scoreboard?dates=2024&limit=1000
2024,15366,North Carolina Courage,2024_15366,2024-07-06,0.6,train,Yes,0.5769230769230769,1.4666666666666666,0.4666666666666667,0.06666666666666667,7,-1,0.46153846153846156,4,0.5714285714285714,15,26,11,14,8,22,22,0,7,1,7,17,16,1,18,5,2024-06-29,Yes,https://site.api.espn.com/apis/site/v2/sports/soccer/usa.nwsl/scoreboard?dates=2024&limit=1000
2024,15362,Portland Thorns FC,2024_15362,2024-07-06,0.6,train,Yes,0.6153846153846154,1.6875,0.5,0.4375,8,-1,0.3076923076923077,9,0.5714285714285714,16,26,10,14,8,27,27,0,8,3,5,27,20,7,18,5,2024-07-05,Yes,https://site.api.espn.com/apis/site/v2/sports/soccer/usa.nwsl/scoreboard?dates=2024&limit=1000
2024,22187,Bay FC,2024_22187,2024-07-06,0.6,train,Yes,0.6153846153846154,1.125,0.375,-0.5625,9,-1,0.5384615384615384,0,0.5714285714285714,16,26,10,14,8,18,18,0,6,0,10,19,28,-9,18,5,2024-07-06,Yes,https://site.api.espn.com/apis/site/v2/sports/soccer/usa.nwsl/scoreboard?dates=2024&limit=1000
2024,15360,Chicago Red Stars,2024_15360,2024-07-06,0.6,train,Yes,0.6153846153846154,1.4375,0.4375,0.0625,7,1,0.38461538461538464,5,0.5714285714285714,16,26,10,14,8,23,23,0,7,2,7,23,22,1,18,5,2024-07-06,Yes,https://site.api.espn.com/apis/site/v2/sports/soccer/usa.nwsl/scoreboard?dates=2024&limit=1000
2024,20905,Racing Louisville FC,2024_20905,2024-07-06,0.6,train,No,0.5769230769230769,1.0666666666666667,0.2,0.06666666666666667,4,-2,0.6153846153846154,-2,0.5714285714285714,15,26,11,14,8,16,16,0,3,7,5,20,19,1,18,5,2024-06-29,No,https://site.api.espn.com/apis/site/v2/sports/soccer/usa.nwsl/scoreboard?dates=2024&limit=1000
2024,21423,San Diego Wave FC,2024_21423,2024-07-06,0.6,train,No,0.6153846153846154,0.9375,0.1875,-0.3125,2,-5,0.7307692307692307,-3,0.5714285714285714,16,26,10,14,8,15,15,0,3,6,7,12,17,-5,18,5,2024-07-05,No,https://site.api.espn.com/apis/site/v2/sports/soccer/usa.nwsl/scoreboard?dates=2024&limit=1000
2024,19141,Utah Royals,2024_19141,2024-07-06,0.6,train,No,0.5769230769230769,0.5333333333333333,0.13333333333333333,-1.3333333333333333,4,-7,1.0,-10,0.5714285714285714,15,26,11,14,8,8,8,0,2,2,11,7,27,-20,18,5,2024-06-29,No,https://site.api.espn.com/apis/site/v2/sports/soccer/usa.nwsl/scoreboard?dates=2024&limit=1000
2024,21422,Angel City FC,2024_21422,2024-07-06,0.6,train,No,0.6153846153846154,0.9375,0.25,-0.625,4,-4,0.7307692307692307,-3,0.5714285714285714,16,26,10,14,8,15,15,0,4,3,9,16,26,-10,18,5,2024-07-06,No,https://site.api.espn.com/apis/site/v2/sports/soccer/usa.nwsl/scoreboard?dates=2024&limit=1000
2024,15363,Seattle Reign FC,2024_15363,2024-07-06,0.6,train,No,0.5769230769230769,0.6666666666666666,0.13333333333333333,-0.8,3,-4,0.9230769230769231,-8,0.5714285714285714,15,26,11,14,8,10,10,0,2,4,9,15,27,-12,18,5,2024-06-30,No,https://site.api.espn.com/apis/site/v2/sports/soccer/usa.nwsl/scoreboard?dates=2024&limit=1000
2024,17346,Houston Dash,2024_17346,2024-07-06,0.6,train,No,0.6153846153846154,0.875,0.1875,-0.75,2,-5,0.8461538461538461,-4,0.5714285714285714,16,26,10,14,8,14,14,0,3,5,8,11,23,-12,18,5,2024-07-06,No,https://site.api.espn.com/apis/site/v2/sports/soccer/usa.nwsl/scoreboard?dates=2024&limit=1000
2024,18206,Orlando Pride,2024_18206,2024-09-07,0.7,train,Yes,0.6923076923076923,2.4444444444444446,0.7222222222222222,1.2777777777777777,15,13,0.0,21,0.5714285714285714,18,26,8,14,8,44,44,0,13,5,0,35,12,23,23,5,2024-09-01,Yes,https://site.api.espn.com/apis/site/v2/sports/soccer/usa.nwsl/scoreboard?dates=2024&limit=1000
2024,15365,Washington Spirit,2024_15365,2024-09-07,0.7,train,Yes,0.7307692307692307,2.1578947368421053,0.6842105263157895,0.9473684210526315,10,6,0.07692307692307693,18,0.5714285714285714,19,26,7,14,8,41,41,0,13,2,4,39,21,18,23,5,2024-09-07,Yes,https://site.api.espn.com/apis/site/v2/sports/soccer/usa.nwsl/scoreboard?dates=2024&limit=1000
2024,15364,Gotham FC,2024_15364,2024-09-07,0.7,train,Yes,0.6923076923076923,1.8888888888888888,0.5555555555555556,0.3333333333333333,7,-1,0.23076923076923078,11,0.5714285714285714,18,26,8,14,8,34,34,0,10,4,4,21,15,6,23,5,2024-09-01,Yes,https://site.api.espn.com/apis/site/v2/sports/soccer/usa.nwsl/scoreboard?dates=2024&limit=1000
2024,20907,Kansas City Current,2024_20907,2024-09-07,0.7,train,Yes,0.7307692307692307,2.0,0.5789473684210527,0.7894736842105263,6,-2,0.15384615384615385,15,0.5714285714285714,19,26,7,14,8,38,38,0,11,5,3,43,28,15,23,5,2024-09-07,Yes,https://site.api.espn.com/apis/site/v2/sports/soccer/usa.nwsl/scoreboard?dates=2024&limit=1000
2024,15366,North Carolina Courage,2024_15366,2024-09-07,0.7,train,Yes,0.6923076923076923,1.5555555555555556,0.5,0.16666666666666666,12,5,0.3076923076923077,5,0.5714285714285714,18,26,8,14,8,28,28,0,9,1,8,22,19,3,23,5,2024-09-01,Yes,https://site.api.espn.com/apis/site/v2/sports/soccer/usa.nwsl/scoreboard?dates=2024&limit=1000
2024,15362,Portland Thorns FC,2024_15362,2024-09-07,0.7,train,Yes,0.7307692307692307,1.4210526315789473,0.42105263157894735,0.10526315789473684,4,-4,0.38461538461538464,4,0.5714285714285714,19,26,7,14,8,27,27,0,8,3,8,29,27,2,23,5,2024-09-07,Yes,https://site.api.espn.com/apis/site/v2/sports/soccer/usa.nwsl/scoreboard?dates=2024&limit=1000
2024,22187,Bay FC,2024_22187,2024-09-07,0.7,train,Yes,0.7307692307692307,1.263157894736842,0.42105263157894735,-0.3684210526315789,9,0,0.46153846153846156,1,0.5714285714285714,19,26,7,14,8,24,24,0,8,0,11,24,31,-7,23,5,2024-09-07,Yes,https://site.api.espn.com/apis/site/v2/sports/soccer/usa.nwsl/scoreboard?dates=2024&limit=1000
2024,15360,Chicago Red Stars,2024_15360,2024-09-07,0.7,train,Yes,0.6923076923076923,1.2777777777777777,0.3888888888888889,-0.1111111111111111,6,-1,0.5384615384615384,0,0.5714285714285714,18,26,8,14,8,23,23,0,7,2,9,25,27,-2,23,5,2024-09-01,Yes,https://site.api.espn.com/apis/site/v2/sports/soccer/usa.nwsl/scoreboard?dates=2024&limit=1000
2024,20905,Racing Louisville FC,2024_20905,2024-09-07,0.7,train,No,0.7307692307692307,1.0,0.21052631578947367,-0.05263157894736842,3,-3,0.7692307692307693,-4,0.5714285714285714,19,26,7,14,8,19,19,0,4,7,8,26,27,-1,23,5,2024-09-07,No,https://site.api.espn.com/apis/site/v2/sports/soccer/usa.nwsl/scoreboard?dates=2024&limit=1000
2024,21423,San Diego Wave FC,2024_21423,2024-09-07,0.7,train,No,0.6923076923076923,0.8888888888888888,0.16666666666666666,-0.3333333333333333,2,-5,0.8461538461538461,-7,0.5714285714285714,18,26,8,14,8,16,16,0,3,7,8,14,20,-6,23,5,2024-09-01,No,https://site.api.espn.com/apis/site/v2/sports/soccer/usa.nwsl/scoreboard?dates=2024&limit=1000
2024,19141,Utah Royals,2024_19141,2024-09-07,0.7,train,No,0.7307692307692307,0.7894736842105263,0.21052631578947367,-0.9473684210526315,8,2,0.9230769230769231,-8,0.5714285714285714,19,26,7,14,8,15,15,0,4,3,12,13,31,-18,23,5,2024-09-07,No,https://site.api.espn.com/apis/site/v2/sports/soccer/usa.nwsl/scoreboard?dates=2024&limit=1000
2024,21422,Angel City FC,2024_21422,2024-09-07,0.7,train,No,0.7307692307692307,1.105263157894737,0.3157894736842105,-0.47368421052631576,6,-3,0.6153846153846154,-2,0.5714285714285714,19,26,7,14,8,21,21,0,6,3,10,22,31,-9,23,5,2024-09-06,No,https://site.api.espn.com/apis/site/v2/sports/soccer/usa.nwsl/scoreboard?dates=2024&limit=1000
2024,15363,Seattle Reign FC,2024_15363,2024-09-07,0.7,train,No,0.7307692307692307,1.0526315789473684,0.2631578947368421,-0.47368421052631576,11,3,0.6923076923076923,-3,0.5714285714285714,19,26,7,14,8,20,20,0,5,5,9,23,32,-9,23,5,2024-09-06,No,https://site.api.espn.com/apis/site/v2/sports/soccer/usa.nwsl/scoreboard?dates=2024&limit=1000
2024,17346,Houston Dash,2024_17346,2024-09-07,0.7,train,No,0.6923076923076923,0.7777777777777778,0.16666666666666666,-0.8333333333333334,1,-6,1.0,-9,0.5714285714285714,18,26,8,14,8,14,14,0,3,5,10,12,27,-15,23,5,2024-08-31,No,https://site.api.espn.com/apis/site/v2/sports/soccer/usa.nwsl/scoreboard?dates=2024&limit=1000
2024,18206,Orlando Pride,2024_18206,2024-09-22,0.8,train,Yes,0.8076923076923077,2.4285714285714284,0.7142857142857143,1.1904761904761905,13,5,0.0,26,0.5714285714285714,21,26,5,14,8,51,51,0,15,6,0,37,12,25,25,5,2024-09-20,Yes,https://site.api.espn.com/apis/site/v2/sports/soccer/usa.nwsl/scoreboard?dates=2024&limit=1000
2024,15365,Washington Spirit,2024_15365,2024-09-22,0.8,train,Yes,0.8076923076923077,2.0952380952380953,0.6666666666666666,0.8571428571428571,10,4,0.07692307692307693,19,0.5714285714285714,21,26,5,14,8,44,44,0,14,2,5,42,24,18,25,5,2024-09-20,Yes,https://site.api.espn.com/apis/site/v2/sports/soccer/usa.nwsl/scoreboard?dates=2024&limit=1000
2024,15364,Gotham FC,2024_15364,2024-09-22,0.8,train,Yes,0.8076923076923077,2.0476190476190474,0.6190476190476191,0.47619047619047616,12,4,0.15384615384615385,18,0.5714285714285714,21,26,5,14,8,43,43,0,13,4,4,26,16,10,25,5,2024-09-22,Yes,https://site.api.espn.com/apis/site/v2/sports/soccer/usa.nwsl/scoreboard?dates=2024&limit=1000
2024,20907,Kansas City Current,2024_20907,2024-09-22,0.8,train,Yes,0.8076923076923077,2.0,0.5714285714285714,0.8571428571428571,7,0,0.23076923076923078,17,0.5714285714285714,21,26,5,14,8,42,42,0,12,6,3,46,28,18,25,5,2024-09-20,Yes,https://site.api.espn.com/apis/site/v2/sports/soccer/usa.nwsl/scoreboard?dates=2024&limit=1000
2024,15366,North Carolina Courage,2024_15366,2024-09-22,0.8,train,Yes,0.8076923076923077,1.5238095238095237,0.47619047619047616,0.23809523809523808,7,2,0.3076923076923077,7,0.5714285714285714,21,26,5,14,8,32,32,0,10,2,9,28,23,5,25,5,2024-09-21,Yes,https://site.api.espn.com/apis/site/v2/sports/soccer/usa.nwsl/scoreboard?dates=2024&limit=1000
2024,15362,Portland Thorns FC,2024_15362,2024-09-22,0.8,train,Yes,0.7692307692307693,1.35,0.4,0.05,3,-5,0.46153846153846156,2,0.5714285714285714,20,26,6,14,8,27,27,0,8,3,9,29,28,1,25,5,2024-09-13,Yes,https://site.api.espn.com/apis/site/v2/sports/soccer/usa.nwsl/scoreboard?dates=2024&limit=1000
2024,22187,Bay FC,2024_22187,2024-09-22,0.8,train,Yes,0.8076923076923077,1.1904761904761905,0.38095238095238093,-0.38095238095238093,7,1,0.5769230769230769,0,0.5714285714285714,21,26,5,14,8,25,25,0,8,1,12,25,33,-8,25,5,2024-09-20,No,https://site.api.espn.com/apis/site/v2/sports/soccer/usa.nwsl/scoreboard?dates=2024&limit=1000
2024,15360,Chicago Red Stars,2024_15360,2024-09-22,0.8,train,Yes,0.8076923076923077,1.380952380952381,0.42857142857142855,-0.047619047619047616,6,-2,0.38461538461538464,4,0.5714285714285714,21,26,5,14,8,29,29,0,9,2,10,27,28,-1,25,5,2024-09-21,Yes,https://site.api.espn.com/apis/site/v2/sports/soccer/usa.nwsl/scoreboard?dates=2024&limit=1000
2024,20905,Racing Louisville FC,2024_20905,2024-09-22,0.8,train,No,0.8076923076923077,1.1904761904761905,0.2857142857142857,0.047619047619047616,9,2,0.5769230769230769,0,0.5714285714285714,21,26,5,14,8,25,25,0,6,7,8,30,29,1,25,5,2024-09-21,Yes,https://site.api.espn.com/apis/site/v2/sports/soccer/usa.nwsl/scoreboard?dates=2024&limit=1000
2024,21423,San Diego Wave FC,2024_21423,2024-09-22,0.8,train,No,0.8076923076923077,0.9047619047619048,0.19047619047619047,-0.42857142857142855,4,-4,0.8461538461538461,-6,0.5714285714285714,21,26,5,14,8,19,19,0,4,7,10,17,26,-9,25,5,2024-09-21,No,https://site.api.espn.com/apis/site/v2/sports/soccer/usa.nwsl/scoreboard?dates=2024&limit=1000
2024,19141,Utah Royals,2024_19141,2024-09-22,0.8,train,No,0.8076923076923077,0.7142857142857143,0.19047619047619047,-0.9523809523809523,6,0,1.0,-10,0.5714285714285714,21,26,5,14,8,15,15,0,4,3,14,14,34,-20,25,5,2024-09-22,No,https://site.api.espn.com/apis/site/v2/sports/soccer/usa.nwsl/scoreboard?dates=2024&limit=1000
2024,21422,Angel City FC,2024_21422,2024-09-22,0.8,train,No,0.7692307692307693,1.05,0.3,-0.5,6,-1,0.6923076923076923,-4,0.5714285714285714,20,26,6,14,8,21,21,0,6,3,11,23,33,-10,25,5,2024-09-14,No,https://site.api.espn.com/apis/site/v2/sports/soccer/usa.nwsl/scoreboard?dates=2024&limit=1000
2024,15363,Seattle Reign FC,2024_15363,2024-09-22,0.8,train,No,0.8076923076923077,0.9523809523809523,0.23809523809523808,-0.5714285714285714,9,0,0.7692307692307693,-5,0.5714285714285714,21,26,5,14,8,20,20,0,5,5,11,23,35,-12,25,5,2024-09-21,No,https://site.api.espn.com/apis/site/v2/sports/soccer/usa.nwsl/scoreboard?dates=2024&limit=1000
2024,17346,Houston Dash,2024_17346,2024-09-22,0.8,train,No,0.8076923076923077,0.8095238095238095,0.19047619047619047,-0.8571428571428571,3,-6,0.9230769230769231,-8,0.5714285714285714,21,26,5,14,8,17,17,0,4,5,12,14,32,-18,25,5,2024-09-21,No,https://site.api.espn.com/apis/site/v2/sports/soccer/usa.nwsl/scoreboard?dates=2024&limit=1000
